MAT,MAP,SOC,pH,Clay,Duration,C_input,N_input,Planting_system,Return,Tillage,Irrigation,Topdressing
13.4083337783813,496.899993896484,5.90399980545044,7.706999779,16.4699993133545,1,3135.00100070313,187.118041094492,Maize,SI,CT,OI,Yes
13.9750003814697,517.0,6.1410003900528,7.295000076,13.7700004577637,1,3665.69570012903,195.389522065729,Maize,SI,CT,OI,Yes
13.0833330154419,460.0,6.37799978256226,6.992000103,13.4099998474121,1,3136.45624,191.736363436261,Maize,SI,CT,OI,Yes
13.4083337783813,496.899993896484,5.96200048923492,8.005999565,17.7600002288818,1,3232.69750819672,190.774604735617,Maize,SI,CT,OI,Yes
13.0833330154419,460.0,4.98299986124039,7.545000076,13.7741937637329,1,3040.2656349454,187.304462942977,Maize,SI,CT,OI,Yes
11.6916666030884,517.599975585938,6.41600012779236,7.130000114,17.0,1,3482.976,197.934873314862,Maize,SI,CT,OI,Yes
13.9416666030884,542.0,6.50799989700317,7.159999847,20.9599990844727,1,3582.20493176471,188.484299199536,Maize,SI,CT,OI,Yes
13.9499998092651,506.200012207031,4.32500004768372,8.149999619,14.25,1,3138.49172038835,175.870185973377,Maize,SI,CT,OI,Yes
14.8000001907349,523.200012207031,6.12299978733063,7.454999924,15.7272729873657,1,2884.4698692865,184.25936139823,Maize,SI,CT,OI,Yes
14.8000001907349,523.200012207031,6.29999995231628,6.5,9.0,1,3461.89281676301,180.40074338531,Maize,SI,CT,OI,Yes
13.9499998092651,506.200012207031,5.20099997520447,5.929999828,14.5243902206421,1,3242.14322191781,181.033977544181,Maize,SI,CT,OI,Yes
15.1666669845581,544.400024414062,6.31999969482422,6.650000095,10.1999998092651,1,3391.6836041958,149.233304195807,Maize,SI,CT,OI,Yes
14.7333335876465,538.600036621094,6.28499984741211,6.574999809,9.44999980926514,1,3465.51090226929,177.344174930097,Maize,SI,CT,OI,Yes
13.1000003814697,567.200012207031,4.99799996614456,7.876999855,14.3800001144409,1,3187.10154713656,173.224035028127,Maize,SI,CT,OI,Yes
13.9499998092651,506.200012207031,3.3500000834465,3.994999886,13.9074077606201,1,3219.8343884323,159.587128340641,Maize,SI,CT,OI,Yes
15.1666669845581,544.400024414062,6.53800010681152,7.373000145,16.9799995422363,1,3355.33246864865,183.208924638377,Maize,SI,CT,OI,Yes
14.7333335876465,538.600036621094,6.42000019550323,6.487999916,9.89999961853027,1,3377.27288545994,177.501463987648,Maize,SI,CT,OI,Yes
12.9250001907349,621.400024414062,5.4720002412796,7.874000072,17.4599990844727,1,3932.18560661157,190.029860896217,Maize,SI,CT,OI,Yes
12.9250001907349,621.400024414062,5.51199972629547,7.431999683,23.0599994659424,1,3564.38429834776,194.664187464477,Maize,SI,CT,OI,Yes
12.341667175293,640.200012207031,5.57200014591217,8.048000336,15.0600004196167,1,3550.86929532415,190.772388455761,Maize,SI,CT,OI,Yes
12.5666666030884,633.799987792969,5.43000042438507,8.090000153,14.3999996185303,1,3576.72265427286,184.230142250334,Maize,SI,CT,OI,Yes
11.7333335876465,607.200012207031,7.11300015449524,7.456999779,20.1499996185303,1,3447.41357875862,212.070643701145,Maize,SI,CT,OI,Yes
13.5749998092651,579.900024414062,7.00800001621246,7.78000021,19.1000003814697,1,3370.91559082083,199.656934026873,Maize,SI,CT,OI,Yes
11.5666666030884,560.299987792969,5.03700017929077,7.357999802,18.2600002288818,1,3471.32471895924,190.12944019702,Maize,SI,CT,OI,Yes
11.1750001907349,659.100036621094,6.42099976539612,6.678999901,16.1700000762939,1,3254.71816513762,222.837358740223,Maize,SI,CT,OI,Yes
11.1750001907349,659.100036621094,8.58399987220764,7.06799984,20.0400009155273,1,3006.944586731,204.112171317949,Maize,SI,CT,OI,Yes
11.7250003814697,636.099975585938,6.27499997615814,7.677000046,18.5799999237061,1,3310.23568517888,191.686904402636,Maize,SI,CT,OI,Yes
12.341667175293,640.200012207031,6.82900011539459,7.517000198,21.7000007629395,1,3417.73405522074,208.551431306013,Maize,SI,CT,OI,Yes
15.3083333969116,598.400024414062,7.72700011730194,7.298999786,26.3400001525879,1,3548.47247736625,185.406787910064,Maize,SI,CT,OI,Yes
11.375,640.900024414062,8.97000014781952,7.862999916,14.5600004196167,1,2896.10207352732,177.151150315196,Maize,SI,CT,OI,Yes
15.0083332061768,603.799987792969,6.03799998760223,7.933000088,16.7999992370605,1,3102.99321280277,177.559798528866,Maize,SI,CT,OI,Yes
15.3083333969116,598.400024414062,6.73500001430511,6.599999905,13.25,1,3317.33364743245,190.341439294283,Maize,SI,CT,OI,Yes
15.2333335876465,568.799987792969,6.46600008010864,7.928999901,24.7199993133545,1,3490.08929361702,144.04889090086,Maize,SI,CT,OI,Yes
14.2416667938232,584.200012207031,4.15200024843216,8.154000282,13.3800001144409,1,2932.28046742532,166.93362456949,Maize,SI,CT,OI,Yes
14.8000001907349,523.200012207031,4.62999999523163,5.385000229,16.8333339691162,1,3177.520368,172.243264691897,Maize,SI,CT,OI,Yes
15.0666666030884,552.100036621094,4.03899997472763,8.168000221,13.289999961853,1,3417.18510382979,170.808495130327,Maize,SI,CT,OI,Yes
15.0666666030884,552.100036621094,6.4819997549057,7.864999771,19.9200000762939,1,3094.21521988281,187.082132906478,Maize,SI,CT,OI,Yes
14.8000001907349,523.200012207031,4.62999999523163,5.385000229,16.8333339691162,1,3337.19958165138,173.485122885482,Maize,SI,CT,OI,Yes
15.3083333969116,559.5,5.77699959278107,7.953999996,19.5300006866455,1,3498.312,138.0,Maize,SI,CT,OI,Yes
15.0749998092651,543.200012207031,5.66200017929077,8.038000107,16.2800006866455,1,3315.53410027265,118.978845228549,Maize,SI,CT,OI,Yes
15.3083333969116,559.5,5.80900013446808,7.901000023,19.6200008392334,1,3147.7952372093,170.645879716492,Maize,SI,CT,OI,Yes
15.3083333969116,559.5,5.53600013256073,7.962999821,18.9099998474121,1,3328.38184410876,170.115618823853,Maize,SI,CT,OI,Yes
15.1166667938232,552.300048828125,6.15799963474274,8.015999794,19.6200008392334,1,3080.30915988281,182.421614655962,Maize,SI,CT,OI,Yes
14.9416666030884,546.799987792969,5.60899972915649,8.086999893,15.4799995422363,1,2835.69796300781,181.561047898713,Maize,SI,CT,OI,Yes
15.3083333969116,559.5,5.90399980545044,8.038000107,19.0200004577637,1,3190.74,170.274636033749,Maize,SI,CT,OI,Yes
15.2333335876465,568.799987792969,8.5809999704361,7.190000057,16.5,1,3413.66018604651,186.087460980619,Maize,SI,CT,OI,Yes
13.9833335876465,510.300018310547,4.18099999427795,8.140999794,13.5299997329712,1,3320.57393166287,174.465873560295,Maize,SI,CT,OI,Yes
12.3916664123535,467.600006103516,8.37700009346008,7.056000233,19.3999996185303,1,2941.60509152542,195.971741483616,Maize,SI,CT,OI,Yes
13.9833335876465,510.300018310547,6.30499958992004,7.196000099,14.25,1,3441.80116363636,113.711201298701,Maize,SI,CT,OI,Yes
13.5,486.300018310547,5.62300026416779,7.785999775,15.8299999237061,1,3233.01838225144,185.162900530898,Maize,SI,CT,OI,Yes
14.4333333969116,562.0,5.314000248909,7.970000267,17.3999996185303,1,3492.8368825886,110.943258859783,Maize,SI,CT,OI,Yes
13.9833335876465,510.300018310547,6.12600028514862,7.604000092,21.3099994659424,1,3635.0916885127,127.635671100363,Maize,SI,CT,OI,Yes
8.91666698455811,477.800018310547,5.10299980640411,8.095999718,16.6499996185303,1,3122.10128428094,200.495317380482,Maize,SI,CT,OI,Yes
14.4333333969116,562.0,8.99399995803833,5.938000202,31.2682933807373,1,3233.71259520349,181.666695033485,Maize,SI,CT,OI,Yes
13.9833335876465,510.300018310547,6.49999976158142,8.0,21.0,1,3206.22671480144,154.584476534296,Maize,SI,CT,OI,Yes
13.5,486.300018310547,6.78900003433228,7.190999985,15.4700002670288,1,3139.3923777875,199.535115680431,Maize,SI,CT,OI,Yes
14.7166662216187,566.099975585938,4.86299991607666,8.131999969,11.6400003433228,1,3687.75670588235,169.851070391282,Maize,SI,CT,OI,Yes
14.2916669845581,517.5,4.56200003623962,7.84499979,12.7799997329712,1,3432.9608677601,188.709931460906,Maize,SI,CT,OI,Yes
14.7333335876465,538.600036621094,5.58099985122681,7.290999889,9.65999984741211,1,3480.18144,180.27896738197,Maize,SI,CT,OI,Yes
14.091667175293,551.700012207031,5.06900012493134,8.147000313,12.1199998855591,1,3344.73072363331,112.770857863752,Maize,SI,CT,OI,Yes
13.9833335876465,510.300018310547,6.02699995040894,7.875,16.4699993133545,1,3447.49037735221,178.595571315608,Maize,SI,CT,OI,Yes
13.5,486.300018310547,6.19199991226196,7.635000229,16.7199993133545,1,3488.64935570799,154.445467907885,Maize,SI,CT,OI,Yes
14.7333335876465,538.600036621094,8.56199979782104,6.602000237,19.6200008392334,1,3656.89312240921,162.4314184487,Maize,SI,CT,OI,Yes
13.9833335876465,510.300018310547,6.29999995231628,6.5,9.0,1,3496.20712129396,113.992587921056,Maize,SI,CT,OI,Yes
4.11666679382324,378.100006103516,13.4899997711182,5.87100029,26.8255805969238,1,2106.3050416189,188.607905174326,Maize,SI,CT,OI,Yes
5.50833320617676,329.600006103516,14.2620003223419,7.170000076,24.3799991607666,1,3074.4389352518,132.538489208633,Maize,SI,CT,OI,Yes
6.32500028610229,482.399993896484,6.78699970245361,7.960000038,19.9500007629395,1,2910.32242982544,187.005060407973,Maize,SI,CT,OI,Yes
7.59166669845581,379.600006103516,8.37799966335297,7.933000088,20.6599998474121,1,3663.09043846154,191.408297392136,Maize,SI,CT,OI,Yes
7.36666679382324,358.700012207031,15.4170000553131,6.625,13.0500001907349,1,3951.14959924741,189.398997791397,Maize,SI,CT,OI,Yes
10.0666666030884,447.200012207031,7.72199988365173,7.856999874,18.0699996948242,1,3589.57390091009,204.570170364392,Maize,SI,CT,OI,Yes
8.85833358764648,421.700012207031,19.9390006065369,6.044000149,7.09375,1,3461.48774927979,184.258871083636,Maize,SI,CT,OI,Yes
7.06666660308838,440.600006103516,5.90799987316132,8.029000282,19.2199993133545,1,3046.91370880989,181.640175943711,Maize,SI,CT,OI,Yes
10.1000003814697,559.700012207031,8.31499993801117,7.162000179,20.1299991607666,1,3599.44779727177,217.300261913307,Maize,SI,CT,OI,Yes
11.5666666030884,560.299987792969,5.86099982261658,7.523999691,21.8700008392334,1,3127.34720019162,195.535778139866,Maize,SI,CT,OI,Yes
10.0083341598511,442.700012207031,4.66600000858307,7.324999809,16.5699996948242,1,3706.47461362972,192.411055002455,Maize,SI,CT,OI,Yes
8.71666717529297,450.0,6.64399981498718,7.811999798,19.6800003051758,1,3475.09096798811,188.680263954808,Maize,SI,CT,OI,Yes
7.34166669845581,428.399993896484,4.4420000910759,7.303999901,13.4099998474121,1,3024.75714346461,150.147680599179,Maize,SI,CT,OI,Yes
10.1000003814697,559.700012207031,7.00399994850159,7.141999722,21.4400005340576,1,3386.84094863489,228.77693489257,Maize,SI,CT,OI,Yes
6.51666688919067,419.900024414062,6.20899975299835,6.478000164,13.9700002670288,1,3301.35027615063,197.981498650009,Maize,SI,CT,OI,Yes
14.7583332061768,651.099975585938,5.6580001115799,7.980999947,17.8099994659424,1,3319.392,180.065928814549,Maize,SI,CT,OI,Yes
14.5250005722046,628.299987792969,5.18100023269653,7.926000118,16.2700004577637,1,3343.6478441227,113.16773006135,Maize,SI,CT,OI,Yes
14.7416667938232,646.299987792969,6.21600031852722,7.974999905,22.9699993133545,1,3287.8616947271,143.228538390378,Maize,SI,CT,OI,Yes
13.9500007629395,629.0,4.75800007581711,7.931000233,17.3099994659424,1,3272.91668227425,182.752480753279,Maize,SI,CT,OI,Yes
14.4833335876465,647.300048828125,5.31599998474121,7.961999893,17.6200008392334,1,3239.85425720081,170.199803159181,Maize,SI,CT,OI,Yes
14.7166662216187,566.099975585938,5.64000010490417,7.980000019,17.7999992370605,1,3357.76045362827,171.489506054395,Maize,SI,CT,OI,Yes
14.7583332061768,651.099975585938,5.51400005817413,7.97300005,17.7299995422363,1,2969.19783635156,178.074965720028,Maize,SI,CT,OI,Yes
14.6000003814697,569.200012207031,5.56800007820129,7.975999832,17.7600002288818,1,3609.66896423841,148.456291390728,Maize,SI,CT,OI,Yes
14.4416666030884,609.5,6.21800005435944,7.735000134,14.4799995422363,1,3168.11548666515,141.555362434465,Maize,SI,CT,OI,Yes
14.4833335876465,647.300048828125,5.48799991607666,7.971000195,17.7700004577637,1,3178.55157735849,182.87696709214,Maize,SI,CT,OI,Yes
14.7583332061768,651.099975585938,5.26199996471405,7.959000111,17.5900001525879,1,3204.9867216972,177.425881863345,Maize,SI,CT,OI,Yes
14.4750003814697,597.300048828125,5.33399999141693,7.962999821,17.6299991607666,1,3408.61142470961,177.954003028897,Maize,SI,CT,OI,Yes
14.4833335876465,647.300048828125,6.18000030517578,7.93599987,27.7999992370605,1,3224.35746694485,175.6263710333,Maize,SI,CT,OI,Yes
14.4416666030884,609.5,6.00000023841858,8.0,18.0,1,3370.63260980036,114.165245009074,Maize,SI,CT,OI,Yes
14.091667175293,551.700012207031,5.39200007915497,8.095999718,14.1599998474121,1,3799.2610834613,190.842764292905,Maize,SI,CT,OI,Yes
14.3916664123535,565.400024414062,4.69799995422363,7.986999989,12.9499998092651,1,2642.27196561435,177.630834677254,Maize,SI,CT,OI,Yes
13.9416666030884,542.0,5.41400015354156,8.078000069,14.1899995803833,1,3173.96183414634,184.71391844927,Maize,SI,CT,OI,Yes
14.5250005722046,628.299987792969,5.18999993801117,7.954999924,17.5499992370605,1,3187.44750032147,169.433781253098,Maize,SI,CT,OI,Yes
14.4750003814697,597.300048828125,5.65500020980835,7.953999996,16.3700008392334,1,3330.84180540541,169.58522015674,Maize,SI,CT,OI,Yes
13.9750003814697,517.0,6.15299999713898,7.888999939,22.3400001525879,1,3332.25670291715,191.382246602529,Maize,SI,CT,OI,Yes
14.091667175293,551.700012207031,6.70300006866455,8.0,23.5100002288818,1,3092.77391020408,162.414157434395,Maize,SI,CT,OI,Yes
13.9416666030884,542.0,5.38900017738342,7.846000195,12.4399995803833,1,3409.66548341969,188.404837437523,Maize,SI,CT,OI,Yes
14.9833335876465,555.099975585938,5.77499985694885,8.050000191,18.75,1,3723.63488489484,170.310503397893,Maize,SI,CT,OI,Yes
14.9833335876465,555.099975585938,5.53400039672852,7.97300005,17.8500003814697,1,3373.49449534884,174.158537352057,Maize,SI,CT,OI,Yes
14.7166662216187,566.099975585938,7.35700011253357,7.986999989,30.3400001525879,1,3152.90095561523,187.387210352448,Maize,SI,CT,OI,Yes
14.7166662216187,566.099975585938,5.06900012493134,8.147000313,12.1199998855591,1,3671.06468181818,170.535951457246,Maize,SI,CT,OI,Yes
14.7166662216187,566.099975585938,5.39200007915497,8.095999718,14.1599998474121,1,3599.74261888465,180.158471861416,Maize,SI,CT,OI,Yes
14.9416666030884,546.799987792969,6.12100005149841,7.997000217,19.0200004577637,1,3402.48262298289,177.397362230924,Maize,SI,CT,OI,Yes
14.6000003814697,569.200012207031,4.63899999856949,8.114999771,12.1000003814697,1,3366.41379728155,114.872233009709,Maize,SI,CT,OI,Yes
14.6000003814697,569.200012207031,5.69800019264221,8.053999901,16.0799999237061,1,3575.81068156425,177.307517066261,Maize,SI,CT,OI,Yes
14.7166662216187,566.099975585938,5.13300001621246,8.109999657,13.25,1,3593.35196795252,181.107512637634,Maize,SI,CT,OI,Yes
9.43333339691162,503.100006103516,5.56900024414062,8.055999756,17.1700000762939,1,3870.09459272727,137.96606060606,Maize,SI,CT,OI,Yes
9.36666679382324,490.0,5.93400001525879,8.038000107,19.2000007629395,1,2542.40933323242,189.506640363758,Maize,SI,CT,OI,Yes
7.50833368301392,511.899993896484,5.92000007629395,8.039999962,19.2000007629395,1,2952.57557142857,185.288974578237,Maize,SI,CT,OI,Yes
9.43333339691162,503.100006103516,7.05799996852875,7.802000046,20.5799999237061,1,2955.40463478261,166.486956521739,Maize,SI,CT,OI,Yes
7.13333368301392,371.399993896484,5.15699982643127,7.912000179,18.5100002288818,1,4098.30702439024,181.863248764422,Maize,SI,CT,OI,Yes
7.59166669845581,379.600006103516,6.54599964618683,7.927000046,20.0900001525879,1,4055.3402347028,196.802116045551,Maize,SI,CT,OI,Yes
6.27500009536743,443.100006103516,5.87099969387054,7.992000103,19.4099998474121,1,2471.91354434326,181.290658053803,Maize,SI,CT,OI,Yes
7.68333339691162,474.5,4.84200000762939,8.104000092,15.9799995422363,1,3579.39722727273,189.69680884979,Maize,SI,CT,OI,Yes
6.09166669845581,450.100006103516,6.34800016880035,7.949999809,19.0300006866455,1,4020.2898,187.634675491889,Maize,SI,CT,OI,Yes
5.875,406.399993896484,4.14900004863739,8.18599987,12.3299999237061,1,2970.2290875,104.132142857143,Maize,SI,CT,OI,Yes
10.6166667938232,588.799987792969,6.57999992370605,8.0,21.0,1,3407.14303601695,120.452542372881,Maize,SI,CT,OI,Yes
8.75,544.900024414062,6.68500006198883,7.861999989,20.3999996185303,1,3825.20465853659,166.536585365854,Maize,SI,CT,OI,Yes
9.875,651.299987792969,5.57900011539459,8.057999611,17.9099998474121,1,3887.93464285714,181.228848190825,Maize,SI,CT,OI,Yes
10.8333339691162,660.700012207031,6.37600004673004,7.952000141,21.3199996948242,1,3526.30337234043,182.61258644518,Maize,SI,CT,OI,Yes
9.875,651.299987792969,6.32699966430664,8.013999939,20.3700008392334,1,3084.81835781836,189.348586119607,Maize,SI,CT,OI,Yes
10.8333339691162,660.700012207031,5.04499971866608,8.109999657,16.0499992370605,1,4123.60482352941,188.092760455875,Maize,SI,CT,OI,Yes
10.841667175293,638.200012207031,4.46400016546249,8.128000259,14.1599998474121,1,4554.65910302267,172.491626122099,Maize,SI,CT,OI,Yes
10.5333337783813,602.200012207031,5.8950001001358,7.360000134,20.4456520080566,1,3841.65622613065,194.433277052502,Maize,SI,CT,OI,Yes
10.5333337783813,602.200012207031,6.28399968147278,8.008000374,20.0400009155273,1,4216.62309152542,211.07487003829,Maize,SI,CT,OI,Yes
8.30833339691162,629.200012207031,6.31399989128113,8.0,20.0799999237061,1,3531.16725,106.5,Maize,SI,CT,OI,Yes
11.5833330154419,684.5,6.39499962329865,8.0,20.3700008392334,1,4063.38293635922,153.80113038008,Maize,SI,CT,OI,Yes
12.7333335876465,686.900024414062,6.2169998884201,7.979000092,20.0300006866455,1,3973.99425,169.41122649777,Maize,SI,CT,OI,Yes
10.3249998092651,754.700012207031,6.55999958515167,8.0,21.0,1,4338.7035,190.185149688921,Maize,SI,CT,OI,Yes
11.8166666030884,633.400024414062,4.58400011062622,8.128000259,14.8800001144409,1,4379.94658273381,100.212589928058,Maize,SI,CT,OI,Yes
6.59166669845581,454.5,5.55999994277954,7.820000172,17.3199996948242,1,2871.89030538462,180.251953667564,Maize,SI,CT,OI,Yes
5.88333368301392,441.700012207031,6.4190000295639,7.892000198,19.4099998474121,1,3769.10020408163,180.88241807407,Maize,SI,CT,OI,Yes
6.70833349227905,410.5,7.15999960899353,7.915999889,21.0,1,3839.1333,113.759333333333,Maize,SI,CT,OI,Yes
8.48333358764648,379.800018310547,5.49199998378754,7.21600008,16.2399997711182,1,4253.02743402062,116.314948453608,Maize,SI,CT,OI,Yes
5.88333368301392,441.700012207031,6.09499990940094,7.449999809,16.0900001525879,1,3134.43061356784,107.020100502513,Maize,SI,CT,OI,Yes
10.2583332061768,502.400024414062,4.77700024843216,8.093999863,15.1700000762939,1,3323.28700432324,178.474435971647,Maize,SI,CT,OI,Yes
9.54166698455811,588.900024414062,7.53700017929077,7.96600008,19.7900009155273,1,4246.56001075988,141.29179331307,Maize,SI,CT,OI,Yes
8.19166660308838,678.400024414062,6.89000010490417,8.0,20.8799991607666,1,2833.82471498108,188.492224004388,Maize,SI,CT,OI,Yes
8.89166641235352,683.0,7.58000016212463,7.872000217,19.4699993133545,1,2725.14159140492,184.354220157384,Maize,SI,CT,OI,Yes
10.6166667938232,588.799987792969,7.43099987506866,7.965000153,20.2299995422363,1,3563.95070607029,221.965433976693,Maize,SI,CT,OI,Yes
9.25,578.900024414062,5.80799996852875,8.045999527,18.7800006866455,1,3865.56655349345,139.383733624454,Maize,SI,CT,OI,Yes
11.0666666030884,527.600036621094,5.36400020122528,8.048000336,16.4799995422363,1,4862.57784356436,177.606015392759,Maize,SI,CT,OI,Yes
11.0666666030884,527.600036621094,3.94199997186661,8.213000298,10.7700004577637,1,4435.06094117647,181.597207075727,Maize,SI,CT,OI,Yes
10.8666667938232,586.299987792969,13.970000743866,7.75,20.0,1,3355.55635714286,220.605231632164,Maize,SI,CT,OI,Yes
10.0583333969116,541.5,5.25799989700317,8.088999748,15.5699996948242,1,4041.8233548105,174.339868151212,Maize,SI,CT,OI,Yes
14.1833333969116,627.100036621094,5.23800015449524,8.076000214,16.6200008392334,1,4002.85617292419,131.834837545126,Maize,SI,CT,OI,Yes
14.1833333969116,627.100036621094,6.29700005054474,8.013999939,20.3700008392334,1,4629.86965909091,129.971590909091,Maize,SI,CT,OI,Yes
13.7750005722046,640.700012207031,5.39699971675873,8.074000359,17.4899997711182,1,3268.18904552434,170.797756835834,Maize,SI,CT,OI,Yes
12.5500001907349,614.799987792969,4.94000017642975,8.100000381,15.8400001525879,1,3442.60187808105,171.371362370414,Maize,SI,CT,OI,Yes
13.6666669845581,594.5,6.83499991893768,7.859000206,19.1700000762939,1,4163.72635108259,179.645649940367,Maize,SI,CT,OI,Yes
12.7333335876465,693.600036621094,5.04999995231628,8.100000381,16.5,1,3671.12850580078,169.253902265758,Maize,SI,CT,OI,Yes
12.7333335876465,693.600036621094,4.5100000500679,8.050000191,16.2199993133545,1,3304.00275,182.854250171459,Maize,SI,CT,OI,Yes
13.7750005722046,640.700012207031,5.2539998292923,7.748000145,17.8125,1,3240.05737725586,170.143867505818,Maize,SI,CT,OI,Yes
13.6666669845581,697.5,4.42800015211105,7.875,14.1300001144409,1,3746.77146283784,180.763963938636,Maize,SI,CT,OI,Yes
14.2250003814697,680.0,4.52800005674362,8.13599968,14.8800001144409,1,3292.01693136231,169.482799645771,Maize,SI,CT,OI,Yes
14.6916666030884,707.5,9.42499995231628,6.970000267,22.1000003814697,1,4051.78892134843,180.890289572337,Maize,SI,CT,OI,Yes
12.5500001907349,614.799987792969,4.33200001716614,8.133999825,14.460000038147,1,3155.39000206055,169.15034190015,Maize,SI,CT,OI,Yes
9.36666679382324,490.0,5.60499966144562,7.961999893,18.9500007629395,1,4650.04012844037,211.997900278135,Maize,SI,CT,OI,Yes
7.94166707992554,430.800018310547,5.23000001907349,7.924999714,18.8700008392334,1,4162.2388575,198.686560238563,Maize,SI,CT,OI,Yes
6.95833349227905,476.899993896484,5.21700024604797,8.078999519,16.4200000762939,1,3693.17292,186.709558005785,Maize,SI,CT,OI,Yes
6.59166669845581,454.5,6.3730001449585,7.960999966,20.8700008392334,1,2457.89263161621,176.744361139357,Maize,SI,CT,OI,Yes
7.50833368301392,511.899993896484,6.08599960803986,7.981999874,20.2800006866455,1,4028.96704411765,103.341176470588,Maize,SI,CT,OI,Yes
6.59166669845581,454.5,6.54799997806549,7.977000237,20.8400001525879,1,3548.85553211009,151.436697247706,Maize,SI,CT,OI,Yes
5.69999980926514,520.100036621094,6.03799998760223,7.517000198,17.6399993896484,1,4246.40558823529,138.044117647059,Maize,SI,CT,OI,Yes
5.69999980926514,520.100036621094,6.40999972820282,7.925000191,21.5,1,3305.25194262295,187.431307258725,Maize,SI,CT,OI,Yes
8.76666736602783,396.600006103516,5.75900018215179,8.097999573,13.6899995803833,1,3803.87248125,172.073734054276,Maize,SI,CT,OI,Yes
8.76666736602783,396.600006103516,9.26499962806702,7.122000217,19.5900001525879,1,2809.68376071429,112.043571428572,Maize,SI,CT,OI,Yes
6.82500028610229,439.100006103516,6.12399995326996,7.470999718,17.3199996948242,1,3122.09469886364,127.288636363636,Maize,SI,CT,OI,Yes
9.44166660308838,434.5,5.45700013637543,8.020999908,18.0599994659424,1,4458.999084,190.790021762361,Maize,SI,CT,OI,Yes
13.6666669845581,594.5,5.04199981689453,8.093999863,16.2000007629395,1,3366.40688469727,171.292569543146,Maize,SI,CT,OI,Yes
12.4166669845581,641.799987792969,6.18099987506866,8.001999855,19.1700000762939,1,3404.87529,185.045119422025,Maize,SI,CT,OI,Yes
13.6666669845581,594.5,4.75899994373322,8.125,14.3599996566772,1,3681.36446543283,171.396686266189,Maize,SI,CT,OI,Yes
12.6500005722046,570.200012207031,6.19799971580505,8.005999565,19.4400005340576,1,4063.21932352941,191.157069297656,Maize,SI,CT,OI,Yes
12.6500005722046,570.200012207031,7.87199974060059,7.506999969,20.5900001525879,1,3607.26387663158,212.816994688397,Maize,SI,CT,OI,Yes
10.716667175293,638.5,7.77499973773956,7.467999935,26.8500003814697,1,4152.13832142857,202.525120882141,Maize,SI,CT,OI,Yes
12.4166669845581,641.799987792969,4.64399993419647,8.128000259,15.2399997711182,1,3729.97932,175.037944607785,Maize,SI,CT,OI,Yes
10.7416667938232,620.400024414062,6.09399974346161,8.027999878,19.7399997711182,1,3523.10973191489,191.017121517502,Maize,SI,CT,OI,Yes
12.5500001907349,614.799987792969,5.91399967670441,8.038000107,19.0799999237061,1,3975.03628899083,180.558337885092,Maize,SI,CT,OI,Yes
10.7416667938232,620.400024414062,6.14199995994568,8.013999939,19.4400005340576,1,3989.41510473815,198.689950992783,Maize,SI,CT,OI,Yes
10.2833337783813,571.799987792969,6.10499978065491,8.020000458,19.4699993133545,1,4103.50234615385,219.325124177484,Maize,SI,CT,OI,Yes
10.2833337783813,571.799987792969,7.75999963283539,7.424000263,20.2800006866455,1,3634.35346153846,136.7,Maize,SI,CT,OI,Yes
10.3333330154419,636.900024414062,5.51400005817413,8.06799984,17.9400005340576,1,3885.84308286713,188.84708204219,Maize,SI,CT,OI,Yes
10.8666667938232,586.299987792969,5.71699976921082,8.053999901,18.5699996948242,1,3438.34285471698,147.452830188679,Maize,SI,CT,OI,Yes
13.6666669845581,594.5,4.2110002040863,8.029999733,17.7900009155273,1,2767.79107939453,167.877169092997,Maize,SI,CT,OI,Yes
8.03333377838135,527.400024414062,6.42499983310699,8.0,20.5499992370605,1,3374.41142142857,121.007142857143,Maize,SI,CT,OI,Yes
11.0666666030884,527.600036621094,5.91100037097931,8.017000198,17.9599990844727,1,5016.812296875,197.571714161842,Maize,SI,CT,OI,Yes
9.43333339691162,503.100006103516,6.15899980068207,8.022999763,18.3799991607666,1,3873.70440566038,156.870754716981,Maize,SI,CT,OI,Yes
7.50000047683716,501.399993896484,7.12499976158142,7.711999893,20.4300003051758,1,2950.86923076923,144.423076923077,Maize,SI,CT,OI,Yes
10.4333333969116,449.700012207031,7.58499979972839,7.504000187,20.3799991607666,1,3613.51111363636,187.463274076771,Maize,SI,CT,OI,Yes
10.6500005722046,498.5,6.50999963283539,7.967999935,20.5400009155273,1,3139.23757474576,111.541525423729,Maize,SI,CT,OI,Yes
10.6500005722046,498.5,6.33499979972839,8.0,20.0100002288818,1,2562.47168128784,190.145159130098,Maize,SI,CT,OI,Yes
7.50833368301392,511.899993896484,6.49499952793121,8.0,20.9699993133545,1,2497.78923,192.842561914445,Maize,SI,CT,OI,Yes
8.03333377838135,527.400024414062,6.28499984741211,7.946000099,20.3700008392334,1,6494.37,253.5,Maize,SI,CT,OI,Yes
8.11666679382324,586.799987792969,6.26199960708618,8.013999939,20.1599998474121,1,3741.14992574258,210.177676392448,Maize,SI,CT,OI,Yes
9.02499961853027,617.400024414062,6.49999976158142,8.0,21.0,1,2952.30372794118,121.852941176471,Maize,SI,CT,OI,Yes
10.0583333969116,541.5,5.22300004959106,7.910999775,17.1632652282715,1,2982.43764875598,128.983492822967,Maize,SI,CT,OI,Yes
10.0583333969116,541.5,4.34700012207031,8.144000053,14.1300001144409,1,3578.19999382239,128.634555984556,Maize,SI,CT,OI,Yes
6.52500009536743,294.899993896484,4.43399995565414,8.169000626,9.39000034332275,1,4369.40791304348,172.61321209659,Maize,SI,CT,OI,Yes
8.40833377838135,313.5,7.26700007915497,7.912000179,18.9300003051758,1,4046.16809258721,188.405312210233,Maize,SI,CT,OI,Yes
7.47500038146973,345.100006103516,4.09999996423721,6.271999836,5.6399998664856,1,3619.94865309491,166.206106666068,Maize,SI,CT,OI,Yes
6.47499990463257,409.300018310547,4.01800006628036,6.578000069,5.17999982833862,1,3021.84625691769,130.160464098073,Maize,SI,CT,OI,Yes
7.41666698455811,176.0,11.7870008945465,7.426000118,20.9099998474121,1,4581.06171017577,171.531004562475,Maize,SI,CT,OI,Yes
5.95000028610229,273.800018310547,20.9019994735718,6.842999935,36.8400001525879,1,4369.40791304348,204.597426256148,Maize,SI,CT,OI,Yes
4.81666660308838,197.900009155273,12.0000004768372,7.300000191,21.0,1,3144.9604848674,141.857410296413,Maize,SI,CT,OI,Yes
5.29166650772095,173.800003051758,14.1999995708466,8.0,26.0,1,2862.97010322581,122.272258064516,Maize,SI,CT,OI,Yes
8.05000019073486,337.100006103516,7.54500031471252,6.506000042,12.5200004577637,1,3993.05007327667,168.372405144967,Maize,SI,CT,OI,Yes
8.16666698455811,355.200012207031,11.9400000572205,7.30700016,20.9699993133545,1,3904.57429894737,160.524836415364,Maize,SI,CT,OI,Yes
6.26666688919067,340.0,7.61000037193298,7.342000008,16.7700004577637,1,3502.82848016529,140.601893939394,Maize,SI,CT,OI,Yes
5.59166669845581,331.300018310547,4.35900002717972,6.843999863,19.25,1,3173.50522686567,110.474170812603,Maize,SI,CT,OI,Yes
5.60833358764648,331.600006103516,6.78000032901764,7.264999866,15.4499998092651,1,3641.82625054945,178.788921630964,Maize,SI,CT,OI,Yes
4.30833339691162,324.800018310547,16.9729995727539,7.426000118,25.1000003814697,1,3212.22701795666,107.780406899602,Maize,SI,CT,OI,Yes
8.05833339691162,322.5,4.54800009727478,8.163999557,10.039999961853,1,4388.17869665159,174.196747216146,Maize,SI,CT,OI,Yes
6.90000009536743,436.700012207031,8.61599981784821,6.55700016,23.1200008392334,1,4201.27654545455,188.752477807254,Maize,SI,CT,OI,Yes
9.15833377838135,417.900024414062,6.3730001449585,7.982999802,20.1599998474121,1,4421.52554903695,212.778070168663,Maize,SI,CT,OI,Yes
8.10000038146973,382.600006103516,6.54399991035461,7.271999836,16.5200004577637,1,4144.7329924798,193.12917601441,Maize,SI,CT,OI,Yes
8.60833358764648,383.800018310547,4.09999996423721,8.300000191,6.0,1,3371.87379868421,148.088292998126,Maize,SI,CT,OI,Yes
7.80833387374878,467.900024414062,13.3200001716614,7.387000084,23.2800006866455,1,3371.87379868421,148.088292998126,Maize,SI,CT,OI,Yes
8.47500038146973,450.0,5.20900011062622,7.610999584,7.5858588218689,1,3371.87379868421,148.088292998126,Maize,SI,CT,OI,Yes
8.72500038146973,359.0,5.77600002288818,8.076999664,16.5100002288818,1,4918.34642033058,195.666070041322,Maize,SI,CT,OI,Yes
8.70833396911621,435.5,6.02499961853027,7.879000187,16.9099998474121,1,3347.77021629347,200.991933517984,Maize,SI,CT,OI,Yes
8.60000038146973,374.400024414062,4.71400022506714,6.265999794,10.0631580352783,1,4498.33640775488,178.11052903767,Maize,SI,CT,OI,Yes
6.96666669845581,386.300018310547,12.4669992923737,7.617000103,21.8899993896484,1,3825.41113533835,156.225241675619,Maize,SI,CT,OI,Yes
7.51666688919067,294.600006103516,9.97500002384186,7.615000248,21.0,1,2675.62332105469,186.159860836563,Maize,SI,CT,OI,Yes
8.64999961853027,283.899993896484,4.77400004863739,7.944000244,17.4599990844727,1,4240.59685119958,205.345039729839,Maize,SI,CT,OI,Yes
8.04166698455811,381.900024414062,5.9170001745224,8.034000397,18.9300003051758,1,3500.78614117647,192.402495799514,Maize,SI,CT,OI,Yes
8.90000057220459,249.200012207031,4.53599989414215,7.672999859,14.0,1,4137.59081162568,193.304756015968,Maize,SI,CT,OI,Yes
8.39999961853027,200.600006103516,4.35699999332428,6.458999634,6.67999982833862,1,4137.59081162568,163.818079885636,Maize,SI,CT,OI,Yes
7.65833330154419,219.0,4.02400016784668,8.184000015,5.0,1,3717.5316,157.902730137701,Maize,SI,CT,OI,Yes
8.58333396911621,279.100006103516,4.79000002145767,6.527999878,5.90000009536743,1,4420.97688474387,172.176395462138,Maize,SI,CT,OI,Yes
-1.70000004768372,493.0,12.6030004024506,6.457000256,22.4300003051758,1,3373.2384,118.59,Maize,SI,CT,OI,Yes
2.72499990463257,278.600006103516,5.72000026702881,7.524000168,11.5600004196167,1,2125.27768392129,175.852479918594,Maize,SI,CT,OI,Yes
0.0999997928738594,507.700012207031,17.0719993114471,6.638999939,22.1299991607666,1,1980.64075011876,189.216886077842,Maize,SI,CT,OI,Yes
9.48333358764648,97.7000045776367,5.71900010108948,7.712999821,30.5699996948242,1,3794.92623265466,171.531004562475,Maize,SI,CT,OI,Yes
7.81666660308838,118.600006103516,8.86900007724762,7.763000011,25.0699996948242,1,4149.5383876652,197.475299629725,Maize,SI,CT,OI,Yes
8.66666698455811,170.199996948242,8.87600004673004,7.142000198,18.5463924407959,1,4171.14306821788,219.195663904965,Maize,SI,CT,OI,Yes
8.40833377838135,148.400009155273,6.4190000295639,7.342999935,28.7578945159912,1,4503.09444955752,206.137632027877,Maize,SI,CT,OI,Yes
5.29166698455811,134.300003051758,5.52999973297119,8.147999763,20.1200008392334,1,4503.09444955752,217.956013356273,Maize,SI,CT,OI,Yes
7.46666669845581,133.600006103516,6.28199994564056,7.571000099,15.1700000762939,1,4503.09444955752,217.294735653276,Maize,SI,CT,OI,Yes
9.48333358764648,97.7000045776367,10.003000497818,7.781000137,23.0900001525879,1,4967.06629848156,221.066882839528,Maize,SI,CT,OI,Yes
4.97499990463257,334.900024414062,13.1319999694824,7.28000021,22.5,1,4535.2701589453,178.564767839151,Maize,SI,CT,OI,Yes
5.19999980926514,342.899993896484,12.1200001239777,7.370000362,21.6000003814697,1,2883.034875,163.929800451767,Maize,SI,CT,OI,Yes
4.90833330154419,338.799987792969,10.8880007266998,7.21600008,19.4699993133545,1,2594.9364,102.15,Maize,SI,CT,OI,Yes
4.63333320617676,310.600006103516,12.0160007476807,7.300000191,21.0200004577637,1,2444.536248,91.2825,Maize,SI,CT,OI,Yes
5.40833330154419,367.100006103516,12.0000004768372,7.300000191,21.0,1,2520.64279626168,95.6251401869157,Maize,SI,CT,OI,Yes
5.19999980926514,342.899993896484,13.2560002803802,5.703999996,27.2588233947754,1,3674.49142746615,181.041761635874,Maize,SI,CT,OI,Yes
5.97499990463257,362.5,11.0079991817474,6.278000355,22.0,1,2480.65125,157.88986900261,Maize,SI,CT,OI,Yes
3.53333330154419,380.799987792969,23.4060001373291,6.650000095,38.0200004577637,1,2480.65125,169.762616736132,Maize,SI,CT,OI,Yes
4.97499990463257,334.900024414062,11.7280006408691,7.081000328,21.1134014129639,1,2480.65125,161.174567787978,Maize,SI,CT,OI,Yes
4.94999980926514,261.100006103516,14.6100008487701,7.150000095,24.8999996185303,1,2323.42598290076,118.737309160305,Maize,SI,CT,OI,Yes
7.34166669845581,379.200012207031,21.9440007209778,6.740000248,35.810001373291,1,3012.63211311787,148.68436311787,Maize,SI,CT,OI,Yes
5.64166688919067,440.800018310547,14.0149998664856,7.820000172,22.0499992370605,1,3292.40786225166,177.561458878824,Maize,SI,CT,OI,Yes
-0.774999976158142,482.899993896484,19.0279996395111,7.160000324,22.7399997711182,1,2066.36733144562,187.190777239882,Maize,SI,CT,OI,Yes
5.01666688919067,455.600006103516,12.331999540329,7.346000195,22.0300006866455,1,3371.87379868421,148.088292998126,Maize,SI,CT,OI,Yes
6.65000009536743,442.100006103516,13.9040005207062,7.504000187,22.6599998474121,1,3371.87379868421,148.088292998126,Maize,SI,CT,OI,Yes
5.77500009536743,434.100006103516,13.5440003871918,7.032000065,22.1700000762939,1,3693.07714742868,135.510623986261,Maize,SI,CT,OI,Yes
7.20833349227905,442.0,18.5520005226135,7.032000065,30.5,1,3186.8577062411,117.641956397834,Maize,SI,CT,OI,Yes
2.25,274.800018310547,13.0440008640289,7.240000248,22.5599994659424,1,1876.00210947813,182.419376991012,Maize,SI,CT,OI,Yes
4.67500019073486,365.200012207031,4.17500019073486,6.764999866,10.5500001907349,1,1662.21267692308,159.763405596388,Maize,SI,CT,OI,Yes
4.95000028610229,283.899993896484,12.0000004768372,7.300000191,21.0,1,2424.37793964844,186.200298228352,Maize,SI,CT,OI,Yes
4.27500009536743,326.800018310547,12.746000289917,7.449000359,19.7399997711182,1,3225.21683975184,177.605920643913,Maize,SI,CT,OI,Yes
3.97500014305115,329.800018310547,20.9340000152588,6.81000042,34.25,1,2597.47894736842,171.114029579233,Maize,SI,CT,OI,Yes
3.70833325386047,338.0,8.33999991416931,7.015999794,15.4899997711182,1,1873.17659417476,163.651710394802,Maize,SI,CT,OI,Yes
7.85000038146973,157.300003051758,4.30000007152557,5.699999809,5.0,1,4396.71585230769,172.856399038689,Maize,SI,CT,OI,Yes
8.875,89.8000030517578,4.98600006103516,7.044000149,26.7199993133545,1,4396.71585230769,211.268178481657,Maize,SI,CT,OI,Yes
10.466667175293,27.0,4.62399989366531,7.927000046,20.3700008392334,1,5445.132,225.021893594255,Maize,SI,CT,OI,Yes
8.875,523.200012207031,4.09999996423721,8.300000191,6.0,1,3737.91539844266,175.024355446343,Maize,SI,CT,OI,Yes
8.875,523.200012207031,7.90399968624115,6.388000011,23.1200008392334,1,4432.09067540558,197.38041016722,Maize,SI,CT,OI,Yes
10.2916669845581,579.100036621094,8.13899993896484,8.055999756,12.5100002288818,1,4217.80095083512,135.578158458244,Maize,SI,CT,OI,Yes
11.6750001907349,762.0,1.33200004696846,7.422344414,22.0,1,3468.28073894531,162.124822042647,Maize,SI,CT,OI,Yes
11.0666666030884,633.100036621094,10.4970002174377,6.459000111,22.4099998474121,1,3429.46088523892,192.9288188349,Maize,SI,CT,OI,Yes
12.0250005722046,651.400024414062,13.0430006980896,6.100999832,22.638298034668,1,3357.74869652856,143.309882418814,Maize,SI,CT,OI,Yes
10.4083337783813,764.100036621094,16.5289998054504,6.413000107,22.8700008392334,1,3652.85298075592,173.74849685304,Maize,SI,CT,OI,Yes
10.6333332061768,599.700012207031,9.55099999904633,8.164999962,13.4099998474121,1,3992.0710668155,209.326683083293,Maize,SI,CT,OI,Yes
8.94999980926514,853.700012207031,13.5080003738403,6.394999981,20.8099994659424,1,3512.796,169.664514435194,Maize,SI,CT,OI,Yes
9.89166641235352,688.900024414062,18.1380009651184,6.392000198,23.0799999237061,1,3939.84419712817,205.018947817653,Maize,SI,CT,OI,Yes
6.90833330154419,904.700012207031,12.8090000152588,6.527999878,22.4200000762939,1,3408.79875,166.010785822401,Maize,SI,CT,OI,Yes
6.41666650772095,974.600036621094,11.4610004425049,6.289000034,22.826530456543,1,3910.20404855119,175.129448921239,Maize,SI,CT,OI,Yes
10.841667175293,1011.79998779297,10.738000869751,6.236999989,25.9450550079346,1,3552.63414104046,148.269443481624,Maize,SI,CT,OI,Yes
9.69999980926514,1026.80004882812,15.6080007553101,6.445000172,22.8299999237061,1,3566.472,154.082684779098,Maize,SI,CT,OI,Yes
10.4666662216187,557.299987792969,22.1979999542236,6.921999931,43.5400009155273,1,3839.7606128266,188.761615878094,Maize,SI,CT,OI,Yes
10.2083339691162,487.800018310547,6.94999992847443,7.315000057,20.3600006103516,1,4182.06638714372,206.076349314127,Maize,SI,CT,OI,Yes
10.8250007629395,532.200012207031,6.48299992084503,7.643000126,19.2600002288818,1,3775.57502608696,213.077598247035,Maize,SI,CT,OI,Yes
10.091667175293,521.799987792969,12.6719999313354,6.384000301,23.0400009155273,1,4639.992,193.973929222911,Maize,SI,CT,OI,Yes
9.85000038146973,683.799987792969,17.0940005779266,6.399000168,23.0599994659424,1,3960.49965207937,184.644561278763,Maize,SI,CT,OI,Yes
9.89166641235352,688.900024414062,12.3530006408691,6.40899992,22.9099998474121,1,4096.80583372434,199.816231691554,Maize,SI,CT,OI,Yes
9.35000038146973,478.299987792969,8.3789998292923,6.84499979,21.9500007629395,1,3708.03800662252,196.024083758302,Maize,SI,CT,OI,Yes
9.58333396911621,525.299987792969,6.71800017356873,7.914000034,13.0100002288818,1,3459.12,204.193024197848,Maize,SI,CT,OI,Yes
9.31666660308838,719.100036621094,13.691999912262,6.447999954,22.5200004577637,1,3980.86799659199,194.495542176169,Maize,SI,CT,OI,Yes
9.31666660308838,719.100036621094,9.86299991607666,6.636000156,23.1599998474121,1,4237.02112600536,201.11618088152,Maize,SI,CT,OI,Yes
10.6333332061768,599.700012207031,10.900000333786,7.631999969,28.8999996185303,1,3573.55397732067,199.849778350459,Maize,SI,CT,OI,Yes
9.04166698455811,624.900024414062,16.9340002536774,6.794000149,22.4200000762939,1,4260.32935361217,190.135076938003,Maize,SI,CT,OI,Yes
7.42500019073486,655.200012207031,10.9189999103546,6.417000294,22.8299999237061,1,4144.63646715006,192.629280665464,Maize,SI,CT,OI,Yes
8.19166660308838,624.400024414062,10.4120004177094,6.452000141,22.4799995422363,1,4334.93029311542,184.857783518922,Maize,SI,CT,OI,Yes
9.04166698455811,624.900024414062,14.7460007667542,6.394999981,23.0499992370605,1,4222.52701051685,192.7281524469,Maize,SI,CT,OI,Yes
8.19166660308838,624.400024414062,12.5699996948242,6.796999931,22.6299991607666,1,4310.89798910155,186.6803119226,Maize,SI,CT,OI,Yes
8.93333339691162,454.0,7.16199994087219,6.945000172,22.8400001525879,1,3727.5,153.334024758246,Maize,SI,CT,OI,Yes
9.14999961853027,512.200012207031,6.97899997234344,7.609000206,20.8799991607666,1,4603.25384113182,241.142044023959,Maize,SI,CT,OI,Yes
9.14999961853027,512.200012207031,6.02400004863739,7.927999973,20.4599990844727,1,4201.27654545455,204.058904540027,Maize,SI,CT,OI,Yes
10.125,453.800018310547,6.37699961662292,7.509999752,21.8999996185303,1,3545.80639898348,215.014313087103,Maize,SI,CT,OI,Yes
8.85833358764648,566.700012207031,6.36099994182587,7.96600008,20.0100002288818,1,3683.80215804492,212.074660763668,Maize,SI,CT,OI,Yes
11.0333337783813,582.5,6.00000023841858,8.0,18.0,1,4053.05947028863,144.22014714205,Maize,SI,CT,OI,Yes
9.49166679382324,589.600036621094,7.80000030994415,6.763999939,21.3600006103516,1,3030.69606,209.634910569082,Maize,SI,CT,OI,Yes
10.1333332061768,559.799987792969,4.66200023889542,5.105000019,19.8857135772705,1,3844.03417258677,186.400188529384,Maize,SI,CT,OI,Yes
7.24166679382324,559.599975585938,20.6789994239807,7.287000179,32.3400001525879,1,4444.98714092981,188.461894497452,Maize,SI,CT,OI,Yes
5.80833339691162,645.700012207031,19.5000004768372,6.400000095,23.0,1,4313.52066423095,190.349176670894,Maize,SI,CT,OI,Yes
6.49166679382324,576.200012207031,20.6260013580322,6.410000324,26.2000007629395,1,4233.36003243243,190.136913169159,Maize,SI,CT,OI,Yes
5.65833330154419,720.400024414062,7.73800015449524,6.399000168,20.8500003814697,1,4685.75072425282,188.157483432595,Maize,SI,CT,OI,Yes
4.94166660308838,700.600036621094,9.9099999666214,7.026000023,19.7099990844727,1,3931.31746198783,181.898138886046,Maize,SI,CT,OI,Yes
5.48333358764648,796.0,14.1490006446838,6.96600008,22.0200004577637,1,4402.20732,176.545177609972,Maize,SI,CT,OI,Yes
5.85833358764648,678.799987792969,10.1440000534058,6.43200016,22.2399997711182,1,4472.34459222615,188.899829452678,Maize,SI,CT,OI,Yes
6.23333311080933,753.100036621094,14.1390001773834,6.604000092,21.1700000762939,1,4367.08859458065,188.844021678616,Maize,SI,CT,OI,Yes
8.40833377838135,572.200012207031,10.430999994278,6.395999908,23.0400009155273,1,4432.68317304075,205.270402345467,Maize,SI,CT,OI,Yes
7.00833320617676,633.900024414062,12.791999578476,6.585999966,20.4500007629395,1,4216.42040870985,190.419549907528,Maize,SI,CT,OI,Yes
7.53333330154419,550.400024414062,20.0399994850159,6.526000023,25.8799991607666,1,4216.20434740865,189.435826707203,Maize,SI,CT,OI,Yes
8.11666679382324,519.200012207031,4.13100004196167,7.906000137,8.44999980926514,1,3715.64404956522,168.332041171619,Maize,SI,CT,OI,Yes
6.5,771.400024414062,11.143000125885,6.118999958,19.6000003814697,1,4296.80823402939,184.112100735418,Maize,SI,CT,OI,Yes
7.42500019073486,655.200012207031,12.092000246048,6.254000187,20.6800003051758,1,4456.9613057971,186.375135724177,Maize,SI,CT,OI,Yes
5.78333330154419,907.200012207031,10.1410007476807,6.717000008,21.9899997711182,1,3668.13305060241,166.487123949398,Maize,SI,CT,OI,Yes
6.23333311080933,753.100036621094,9.07000005245209,6.521999836,18.8700008392334,1,4057.101312,183.074429751946,Maize,SI,CT,OI,Yes
6.15833330154419,827.700012207031,8.7880003452301,6.449999809,21.0599994659424,1,4649.44292760736,182.966346625767,Maize,SI,CT,OI,Yes
6.5,771.400024414062,13.691999912262,6.772000313,21.6800003051758,1,4399.14141966102,188.868952883586,Maize,SI,CT,OI,Yes
5.81666660308838,969.400024414062,13.8499999046326,6.979000092,22.7399997711182,1,3779.17017040359,164.314065794176,Maize,SI,CT,OI,Yes
4.68333339691162,761.0,8.19800019264221,6.080999851,19.4400005340576,1,3888.11714666667,176.517070189956,Maize,SI,CT,OI,Yes
4.55000019073486,842.299987792969,8.3349996805191,6.388000011,23.2399997711182,1,3817.28107206946,172.546905624942,Maize,SI,CT,OI,Yes
3.40000009536743,774.600036621094,9.19000029563904,6.791999817,22.2299995422363,1,3663.64406896552,181.758909952114,Maize,SI,CT,OI,Yes
5.10833311080933,880.600036621094,15.4519999027252,6.826000214,22.8199996948242,1,3726.96867401575,164.236379881821,Maize,SI,CT,OI,Yes
6.90833330154419,483.5,14.6800005435944,6.734000206,27.3595504760742,1,3642.28216979786,194.966846932636,Maize,SI,CT,OI,Yes
7.18333339691162,472.100006103516,16.1199998855591,7.792000294,25.0,1,3628.12236785304,178.239617735101,Maize,SI,CT,OI,Yes
7.16666698455811,454.700012207031,12.4609994888306,7.763999939,27.3799991607666,1,3731.23308023258,173.761810026475,Maize,SI,CT,OI,Yes
7.70000028610229,462.299987792969,12.1299993991852,7.708000183,25.0,1,3702.51243648184,110.835372848949,Maize,SI,CT,OI,Yes
7.54166698455811,445.899993896484,13.5409998893738,7.654000282,22.2783508300781,1,3836.53246823135,182.363708681293,Maize,SI,CT,OI,Yes
6.80833339691162,458.800018310547,14.1149997711182,5.915999889,22.9529418945312,1,3742.08524235899,203.62958779672,Maize,SI,CT,OI,Yes
5.94166660308838,708.700012207031,9.96800005435944,6.784999847,21.9099998474121,1,3847.05423906158,185.874025859299,Maize,SI,CT,OI,Yes
5.94166660308838,708.700012207031,12.6989996433258,6.020999908,23.9099998474121,1,3641.78886938111,153.851506514656,Maize,SI,CT,OI,Yes
4.34166669845581,711.799987792969,10.460000038147,6.079999924,19.0,1,3747.79928727273,139.490909090909,Maize,SI,CT,OI,Yes
7.34999990463257,723.700012207031,14.3879997730255,6.777999878,21.2900009155273,1,3622.98119121094,179.254973580502,Maize,SI,CT,OI,Yes
5.53333330154419,689.400024414062,11.6429996490479,7.03000021,21.1100006103516,1,3619.04351307692,185.600113795757,Maize,SI,CT,OI,Yes
5.53333330154419,689.400024414062,9.34300005435944,6.395999908,19.4699993133545,1,2112.55252173913,178.886622993801,Maize,SI,CT,OI,Yes
5.80000019073486,715.400024414062,10.6940007209778,6.779000282,21.9699993133545,1,3257.71223042553,142.193617021277,Maize,SI,CT,OI,Yes
4.63333320617676,663.200012207031,10.430999994278,6.856999874,21.7346935272217,1,3544.01607344262,142.298360655738,Maize,SI,CT,OI,Yes
5.46666669845581,622.200012207031,18.6700010299683,6.539999962,22.7999992370605,1,4048.05618945517,192.047063720037,Maize,SI,CT,OI,Yes
5.46666669845581,622.200012207031,15.9310007095337,7.002000332,22.1399993896484,1,3952.53364431397,123.923593943144,Maize,SI,CT,OI,Yes
4.79166698455811,607.799987792969,14.5389997959137,5.80700016,22.0107536315918,1,4050.41411955514,157.838716404078,Maize,SI,CT,OI,Yes
4.22499990463257,683.0,14.7210001945496,5.671000004,22.3146076202393,1,4146.79358551402,95.7441588785052,Maize,SI,CT,OI,Yes
4.70833349227905,668.5,19.0000009536743,6.28000021,24.0,1,3902.69822669246,189.603250050178,Maize,SI,CT,OI,Yes
4.71666669845581,649.0,19.5000004768372,6.400000095,23.0,1,3831.54498461539,193.081199606981,Maize,SI,CT,OI,Yes
3.83333325386047,699.200012207031,15.2369999885559,5.756000042,21.7912082672119,1,3512.52043125,119.127790178572,Maize,SI,CT,OI,Yes
4.22499990463257,683.0,17.3550009727478,5.696000099,23.0,1,3455.69387234043,156.76532140668,Maize,SI,CT,OI,Yes
4.34999990463257,734.799987792969,16.800000667572,6.340000153,22.5200004577637,1,3194.01424473633,147.44637314403,Maize,SI,CT,OI,Yes
4.34999990463257,734.799987792969,13.5339999198914,6.31099987,20.6599998474121,1,3310.14449126214,117.232443365697,Maize,SI,CT,OI,Yes
5.22500038146973,677.100036621094,14.617999792099,6.277999878,20.8899993896484,1,4549.89606719999,188.655188958586,Maize,SI,CT,OI,Yes
5.625,551.799987792969,21.1159992218018,7.038000107,27.3600006103516,1,3469.69321207153,180.303844739746,Maize,SI,CT,OI,Yes
4.23333311080933,476.100006103516,14.1470003128052,6.566999912,22.6599998474121,1,3484.73024303074,98.0089170836308,Maize,SI,CT,OI,Yes
6.79166650772095,393.300018310547,6.94700002670288,7.118999958,19.1770839691162,1,3907.92719036011,178.212097589534,Maize,SI,CT,OI,Yes
4.93333339691162,598.400024414062,21.2260007858276,6.559999943,28.6200008392334,1,3168.01402105263,117.267508771928,Maize,SI,CT,OI,Yes
4.90833330154419,596.5,19.0759992599487,6.990000248,23.6000003814697,1,3303.51134076114,127.913213570353,Maize,SI,CT,OI,Yes
2.99166679382324,499.5,15.98100066185,6.042999744,23.0,1,3056.55,163.671855131884,Maize,SI,CT,OI,Yes
2.77499985694885,602.799987792969,19.5000004768372,6.400000095,23.0,1,2913.37496714489,147.44637314403,Maize,SI,CT,OI,Yes
3.42499995231628,492.399993896484,17.4699997901917,6.925000191,22.6499996185303,1,2957.555950479,115.832719233604,Maize,SI,CT,OI,Yes
3.52500009536743,469.100006103516,17.043000459671,6.464000225,22.8500003814697,1,2836.26099882309,147.44637314403,Maize,SI,CT,OI,Yes
5.36666679382324,659.900024414062,14.0630006790161,6.90199995,21.2800006866455,1,3545.94337703302,183.440461615532,Maize,SI,CT,OI,Yes
5.07499980926514,641.5,8.84700000286102,6.207000256,21.8099994659424,1,3458.52488396125,130.197093649085,Maize,SI,CT,OI,Yes
5.14166688919067,632.099975585938,10.9590005874634,6.130000114,20.3500003814697,1,3626.18595989446,146.260158311346,Maize,SI,CT,OI,Yes
3.39999985694885,626.600036621094,16.1640000343323,6.251999855,25.0300006866455,1,3190.90284193549,137.343317972355,Maize,SI,CT,OI,Yes
4.60000038146973,565.400024414062,17.3010003566742,6.265999794,22.8500003814697,1,3446.90107317073,116.475609756098,Maize,SI,CT,OI,Yes
4.84999990463257,573.0,19.0340006351471,6.366000175,22.9899997711182,1,3145.54170758123,165.200090252711,Maize,SI,CT,OI,Yes
5.0,606.5,17.4120008945465,6.228000164,22.9699993133545,1,3637.17847635426,120.39041272571,Maize,SI,CT,OI,Yes
3.80833339691162,702.099975585938,12.0239996910095,5.796000004,29.8199996948242,1,3099.28441948583,147.44637314403,Maize,SI,CT,OI,Yes
6.15833330154419,486.600006103516,22.2390007972717,6.858000278,26.5400009155273,1,3103.3111546875,147.44637314403,Maize,SI,CT,OI,Yes
6.26666688919067,497.500030517578,21.7770004272461,6.894000053,25.2199993133545,1,4198.15858837171,143.915520954119,Maize,SI,CT,OI,Yes
6.26666688919067,497.500030517578,19.1219997406006,6.653999805,30.1800003051758,1,3668.00571536272,158.113302672683,Maize,SI,CT,OI,Yes
5.06666660308838,561.0,21.2320017814636,6.980999947,25.0,1,3215.91050735734,161.908282798341,Maize,SI,CT,OI,Yes
5.97499990463257,410.300018310547,7.5220000743866,6.465999603,23.7600002288818,1,3505.03456458295,150.862325060646,Maize,SI,CT,OI,Yes
2.00000023841858,628.900024414062,28.1550002098083,6.296000004,20.0400009155273,1,2811.04909796485,147.44637314403,Maize,SI,CT,OI,Yes
2.78333330154419,673.600036621094,15.7520008087158,6.644000053,22.4799995422363,1,3466.9830631579,92.9473684210526,Maize,SI,CT,OI,Yes
4.59166669845581,585.299987792969,14.5899999141693,5.872000217,25.6499996185303,1,3345.17325769669,113.838112884836,Maize,SI,CT,OI,Yes
4.54166698455811,583.800048828125,15.2850008010864,6.644999981,22.3999996185303,1,3850.16038113949,91.2210216110045,Maize,SI,CT,OI,Yes
3.95833349227905,654.799987792969,17.6450002193451,6.616000175,22.5959587097168,1,3643.78179320851,131.84086004443,Maize,SI,CT,OI,Yes
3.75833344459534,631.700012207031,18.1090009212494,6.388000011,23.0799999237061,1,2580.78545454546,116.909090909091,Maize,SI,CT,OI,Yes
4.55000019073486,574.200012207031,17.0350003242493,6.316999912,22.9200000762939,1,3727.72332912482,129.092539454807,Maize,SI,CT,OI,Yes
4.76666688919067,626.300048828125,17.940000295639,5.888000011,23.0,1,3643.75834625551,165.076651982379,Maize,SI,CT,OI,Yes
4.44166660308838,625.799987792969,13.3280003070831,6.084000111,21.7299995422363,1,3508.98675462687,137.968573797679,Maize,SI,CT,OI,Yes
5.28333330154419,739.200012207031,9.54500019550323,6.427999973,21.7299995422363,1,1374.95247052734,147.44637314403,Maize,SI,CT,OI,Yes
3.75,666.400024414062,10.6270003318787,6.921000004,20.5499992370605,1,4532.64,187.605337689148,Maize,SI,CT,OI,Yes
5.33333349227905,648.200012207031,15.7310009002686,6.293000221,21.5499992370605,1,3636.01057536092,158.563282001926,Maize,SI,CT,OI,Yes
3.95000004768372,682.299987792969,8.72500002384186,6.604000092,18.5599994659424,1,3188.87031319149,137.937902735562,Maize,SI,CT,OI,Yes
2.58333325386047,562.100036621094,11.6999995708466,6.699999809,48.0,1,1884.69294028296,147.44637314403,Maize,SI,CT,OI,Yes
1.75,578.100036621094,14.3120002746582,6.359000206,21.8799991607666,1,4133.51076923077,90.0,Maize,SI,CT,OI,Yes
0.691666424274445,578.5,15.2999997138977,6.467999935,22.5100002288818,1,2598.04961317708,147.44637314403,Maize,SI,CT,OI,Yes
2.77499985694885,602.799987792969,18.9300000667572,6.438000202,22.8099994659424,1,2982.2138178559,147.44637314403,Maize,SI,CT,OI,Yes
1.96666693687439,606.0,12.7030003070831,6.100999832,22.8299999237061,1,2224.572,154.239121537107,Maize,SI,CT,OI,Yes
4.57500028610229,613.100036621094,19.5000004768372,6.400000095,23.0,1,3916.86130992188,147.44637314403,Maize,SI,CT,OI,Yes
4.83333349227905,525.900024414062,15.7889997959137,6.837999821,22.6100006103516,1,3947.83552624462,184.337578572176,Maize,SI,CT,OI,Yes
5.40000009536743,573.299987792969,21.1529994010925,6.733000278,24.7000007629395,1,3738.81414682274,144.250409698996,Maize,SI,CT,OI,Yes
4.83333349227905,525.900024414062,21.6560006141663,6.889999866,24.9599990844727,1,3408.77329640666,155.347170401902,Maize,SI,CT,OI,Yes
3.77499985694885,660.299987792969,15.3369998931885,6.038000107,23.0400009155273,1,3400.63545354632,190.562218035518,Maize,SI,CT,OI,Yes
4.35833311080933,581.600036621094,19.5499992370605,7.025000095,22.8299999237061,1,3605.93612242991,154.229400311517,Maize,SI,CT,OI,Yes
3.84166669845581,631.200012207031,19.5000004768372,6.400000095,23.0,1,2733.94624297897,147.44637314403,Maize,SI,CT,OI,Yes
5.75833320617676,412.200012207031,22.0920014381409,6.144000053,35.2400016784668,1,3328.82239778804,149.476282611399,Maize,SI,CT,OI,Yes
5.57500028610229,535.099975585938,17.2200000286102,7.460000038,23.3199996948242,1,4574.84854777871,182.753946511154,Maize,SI,CT,OI,Yes
4.13333368301392,605.0,18.5720002651215,6.639999866,22.8400001525879,1,3072.29452105278,147.44637314403,Maize,SI,CT,OI,Yes
0.516666769981384,480.5,15.9630000591278,6.085000038,22.3999996185303,1,1629.53294587941,147.44637314403,Maize,SI,CT,OI,Yes
-1.69166660308838,479.5,9.21999990940094,6.21999979,22.3500003814697,1,3120.03438042188,147.44637314403,Maize,SI,CT,OI,Yes
17.7583332061768,1362.59997558594,2.62199997901917,1.873000026,21.1666660308838,1,3379.91877225,130.846804713536,Maize,SI,CT,OI,Yes
17.7583332061768,1362.59997558594,11.2000000476837,7.800000191,21.0,1,3511.0886053125,154.568420511623,Maize,SI,CT,OI,Yes
16.908332824707,1270.0,13.6890006065369,7.209000111,20.1900005340576,1,3683.37650847458,161.523051033768,Maize,SI,CT,OI,Yes
16.8999996185303,1413.60009765625,9.96399998664856,6.892000198,21.2666664123535,1,4030.7268,176.218570080119,Maize,SI,CT,OI,Yes
15.6666669845581,820.0,6.17200016975403,7.958000183,26.1200008392334,1,3177.79428865539,168.888685694868,Maize,SI,CT,OI,Yes
15.6666669845581,820.0,8.99800002574921,7.407999992,33.5531921386719,1,3240.71070857143,165.50532493709,Maize,SI,CT,OI,Yes
15.841667175293,940.5,6.96600019931793,7.611999989,20.3099994659424,1,3081.64520885626,173.246120238249,Maize,SI,CT,OI,Yes
16.3666667938232,1021.10003662109,4.24199998378754,8.289999962,6.30000019073486,1,3182.12563049327,165.229320175808,Maize,SI,CT,OI,Yes
15.7250003814697,965.099975585938,8.88200044631958,7.346000195,28.75,1,3493.19239633867,170.316697762049,Maize,SI,CT,OI,Yes
15.7250003814697,965.099975585938,7.17900037765503,8.029999733,27.5300006866455,1,3150.34457747206,168.418888844203,Maize,SI,CT,OI,Yes
16.9250011444092,1369.30004882812,11.2000000476837,7.800000191,21.0,1,2822.81510352273,155.683726444618,Maize,SI,CT,OI,Yes
17.1499996185303,1424.40002441406,12.5529992580414,6.271999836,31.0200004577637,1,3005.898200625,143.683137216619,Maize,SI,CT,OI,Yes
16.7333335876465,1277.90002441406,12.0609998703003,5.585000038,30.9393939971924,1,2743.54043889706,140.331200602502,Maize,SI,CT,OI,Yes
16.7333335876465,1277.90002441406,7.80400037765503,7.952000141,25.0200004577637,1,3191.10465895833,149.600338044946,Maize,SI,CT,OI,Yes
17.2083339691162,1384.80004882812,12.2940003871918,4.703999996,31.1000003814697,1,2736.22072,140.786208293834,Maize,SI,CT,OI,Yes
16.9750003814697,1371.40002441406,10.3519999980927,7.845000267,21.8999996185303,1,2932.727641875,151.213555756125,Maize,SI,CT,OI,Yes
16.25,1261.0,5.96400022506714,7.998000145,17.9799995422363,1,3370.2564,170.201038481474,Maize,SI,CT,OI,Yes
16.8250007629395,1174.20007324219,5.04700005054474,8.06099987,12.3030300140381,1,3215.97782725961,158.84839956698,Maize,SI,CT,OI,Yes
16.283332824707,1334.80004882812,5.81200003623962,6.872000217,8.60000038146973,1,3214.155010125,151.511728944497,Maize,SI,CT,OI,Yes
16.25,1261.0,8.31000030040741,7.730000019,17.8500003814697,1,3903.03365729032,161.262612645376,Maize,SI,CT,OI,Yes
16.908332824707,1270.0,4.62400019168854,2.828000069,38.0444450378418,1,3328.12801212121,131.210753758643,Maize,SI,CT,OI,Yes
15.1166667938232,946.600036621094,8.125,6.448999882,20.0599994659424,1,3070.5381083947,166.85465499921,Maize,SI,CT,OI,Yes
15.4416666030884,1018.20001220703,9.61300015449524,7.399000168,21.9300003051758,1,3339.49345480631,159.748717018069,Maize,SI,CT,OI,Yes
15.4416666030884,1018.20001220703,9.80500042438507,7.920000076,33.3600006103516,1,3341.86976470588,162.007942424776,Maize,SI,CT,OI,Yes
15.8249998092651,1076.40002441406,4.62099999189377,8.255000114,7.5,1,3001.78084723214,163.765926209175,Maize,SI,CT,OI,Yes
15.8249998092651,1076.40002441406,6.75100028514862,8.105000496,12.0,1,3626.29457142857,170.180977394394,Maize,SI,CT,OI,Yes
16.2416667938232,1048.30004882812,9.85000014305115,5.782999992,33.4827575683594,1,3117.50847149894,145.415994339158,Maize,SI,CT,OI,Yes
15.9833335876465,1239.80004882812,7.80600011348724,7.644000053,23.3199996948242,1,2956.58651515625,154.400411941161,Maize,SI,CT,OI,Yes
15.2750005722046,1057.5,7.6280003786087,8.0,30.7600002288818,1,3290.53970905392,164.995060231287,Maize,SI,CT,OI,Yes
15.716667175293,1114.40002441406,8.55000019073486,7.895999908,25.3899993896484,1,3272.95417331572,167.230788260457,Maize,SI,CT,OI,Yes
15.716667175293,1114.40002441406,11.2000000476837,7.800000191,21.0,1,3229.69470819079,166.744602433379,Maize,SI,CT,OI,Yes
15.6166667938232,1137.5,6.31500005722046,7.961999893,25.4500007629395,1,3572.98371428571,146.447656198324,Maize,SI,CT,OI,Yes
16.0166664123535,1118.30004882812,9.95199978351593,7.917000294,28.0200004577637,1,3302.778,155.735527161154,Maize,SI,CT,OI,Yes
16.1499996185303,1364.59997558594,9.17200028896332,7.878000259,19.8299999237061,1,3295.88500282413,155.634296073394,Maize,SI,CT,OI,Yes
16.125,1073.30004882812,11.978999376297,6.528999805,30.4300003051758,1,2837.648968125,157.444269110065,Maize,SI,CT,OI,Yes
16.4166679382324,1147.40002441406,10.485999584198,7.480000019,22.5416660308838,1,2655.51909908654,159.199542603363,Maize,SI,CT,OI,Yes
16.658332824707,1300.30004882812,16.7809998989105,6.789000034,13.1938772201538,1,2940.81963020833,156.097376328137,Maize,SI,CT,OI,Yes
16.6749992370605,1346.20007324219,11.0199999809265,7.140000343,20.7000007629395,1,3097.215613875,154.197397777345,Maize,SI,CT,OI,Yes
16.658332824707,1300.30004882812,11.0080003738403,7.096000195,20.6800003051758,1,2879.7361484375,155.371163222746,Maize,SI,CT,OI,Yes
16.875,1332.5,13.6559998989105,6.31400013,16.7676773071289,1,3711.738,139.425,Maize,SI,CT,OI,Yes
16.283332824707,1228.5,11.6550004482269,4.770999908,46.0666656494141,1,2940.74896345588,142.102489385275,Maize,SI,CT,OI,Yes
16.8166675567627,1319.20007324219,6.98000013828278,4.743999958,21.0483875274658,1,2865.293794375,137.639626350148,Maize,SI,CT,OI,Yes
16.533332824707,1343.80004882812,6.08399987220764,7.248000145,11.9200000762939,1,3051.27485975,155.262505797047,Maize,SI,CT,OI,Yes
16.2333335876465,1010.5,5.61900019645691,8.065000534,12.8500003814697,1,3447.46177269231,170.922296218,Maize,SI,CT,OI,Yes
15.6750001907349,999.400024414062,6.44900023937225,6.508999825,24.1204814910889,1,3492.42317647059,161.376414172616,Maize,SI,CT,OI,Yes
15.841667175293,1052.5,6.44500017166138,8.085000038,13.3500003814697,1,3151.72916264423,171.73784569039,Maize,SI,CT,OI,Yes
16.5583343505859,1017.70001220703,12.1379995346069,6.026000023,38.4099998474121,1,3210.762,150.34629336768,Maize,SI,CT,OI,Yes
17.9833335876465,1542.90002441406,6.78999960422516,6.217999935,14.2386360168457,1,4327.2228,177.57675,Maize,SI,CT,OI,Yes
17.033332824707,1616.70007324219,13.7999999523163,6.289999962,33.1100006103516,1,2778.60033895833,132.029025333076,Maize,SI,CT,OI,Yes
17.1833343505859,1660.90002441406,17.8349995613098,5.934000015,30.5957450866699,1,2658.4615421875,127.964403623286,Maize,SI,CT,OI,Yes
17.0166664123535,1738.0,12.9259991645813,2.979000092,43.2641525268555,1,2713.13109331731,126.709397204446,Maize,SI,CT,OI,Yes
18.3833332061768,1660.80004882812,19.2750000953674,6.410000324,35.2099990844727,1,2667.942549375,135.162614035066,Maize,SI,CT,OI,Yes
17.9416675567627,1492.5,12.9129993915558,4.682999611,40.5999984741211,1,2781.2721946875,124.736781933655,Maize,SI,CT,OI,Yes
17.9916667938232,1497.09997558594,12.2500002384186,6.562000275,23.9500007629395,1,2638.67241109375,134.530217478208,Maize,SI,CT,OI,Yes
18.0666675567627,1449.19995117188,11.8950009346008,6.000999928,23.5499992370605,1,2382.09997810014,132.362508503172,Maize,SI,CT,OI,Yes
18.0666675567627,1449.19995117188,6.25500023365021,8.05700016,12.1800003051758,1,4734.138,202.8,Maize,SI,CT,OI,Yes
19.5249996185303,1673.30004882812,10.1610004901886,6.517000198,42.3400001525879,1,2456.25124300781,124.841646011692,Maize,SI,CT,OI,Yes
18.0500011444092,1793.80004882812,8.72300028800964,7.585000038,35.2599983215332,1,2519.52611772321,138.550341412565,Maize,SI,CT,OI,Yes
18.0500011444092,1793.80004882812,16.2590003013611,5.820000172,25.0,1,2290.187581875,127.152211284777,Maize,SI,CT,OI,Yes
17.1666660308838,1905.30004882812,15.4639995098114,5.421999931,28.5100002288818,1,2297.204423125,123.727911730563,Maize,SI,CT,OI,Yes
19.5249996185303,1673.30004882812,10.2559995651245,5.171999931,39.3103446960449,1,2364.9691084375,114.451923043052,Maize,SI,CT,OI,Yes
17.716667175293,1282.80004882812,10.6710004806519,5.986000061,34.0499992370605,1,2338.55159959821,130.755799275822,Maize,SI,CT,OI,Yes
17.716667175293,1282.80004882812,6.54500007629395,5.565999985,21.7808227539062,1,2527.0031784375,127.758070031719,Maize,SI,CT,OI,Yes
17.716667175293,1282.80004882812,11.7840003967285,5.463999748,23.1900005340576,1,2442.69150825,132.793846702145,Maize,SI,CT,OI,Yes
17.7583332061768,1362.59997558594,21.5000009536743,5.736000061,11.8800001144409,1,2672.71149734375,135.081564535452,Maize,SI,CT,OI,Yes
17.716667175293,1282.80004882812,9.91200029850006,7.452000141,29.3700008392334,1,2633.2165603125,140.898870354474,Maize,SI,CT,OI,Yes
17.0583343505859,1490.60009765625,16.2870001792908,6.922000408,29.0699996948242,1,2757.39141528409,137.11806050074,Maize,SI,CT,OI,Yes
16.8999996185303,1413.60009765625,6.20400011539459,5.013999939,27.452054977417,1,4734.138,202.8,Maize,SI,CT,OI,Yes
17.7749996185303,1481.30004882812,24.7319984436035,6.440000057,28.8099994659424,1,2622.35035052083,137.86240101953,Maize,SI,CT,OI,Yes
17.9583339691162,1553.0,21.3800001144409,5.975000381,36.6300010681152,1,2652.483896875,130.43861029594,Maize,SI,CT,OI,Yes
17.7749996185303,1481.30004882812,24.7319984436035,6.440000057,28.8099994659424,1,2660.26464971591,137.86240101953,Maize,SI,CT,OI,Yes
18.1083335876465,1655.30004882812,18.3490002155304,6.11400032,19.75,1,4439.6868,116.22,Maize,SI,CT,OI,Yes
18.2749996185303,1570.80004882812,15.8039999008179,6.34100008,26.7399997711182,1,3207.354,133.662167846072,Maize,SI,CT,OI,Yes
17.9833335876465,1575.30004882812,25.081000328064,5.138999939,40.7200012207031,1,3564.99352941176,130.328823529412,Maize,SI,CT,OI,Yes
18.3833332061768,1660.80004882812,15.7510006427765,6.963000298,15.5600004196167,1,2074.46664,140.506295437543,Maize,SI,CT,OI,Yes
17.9833335876465,1575.30004882812,14.2620003223419,6.571000099,24.6599998474121,1,3139.194,127.132786921559,Maize,SI,CT,OI,Yes
17.9833335876465,1575.30004882812,15.3280007839203,6.326000214,19.4799995422363,1,3466.362,135.061394641207,Maize,SI,CT,OI,Yes
17.6166667938232,1696.0,21.8020009994507,5.477000237,19.1599998474121,1,2331.498,145.419363116427,Maize,SI,CT,OI,Yes
18.2250003814697,1889.09997558594,19.242000579834,5.552999973,11.9899997711182,1,2565.21863334375,129.644110371806,Maize,SI,CT,OI,Yes
18.2250003814697,1889.09997558594,27.2829985618591,5.037000179,37.7200012207031,1,2518.2609484375,128.283039454746,Maize,SI,CT,OI,Yes
17.125,2049.80004882812,29.5219993591309,4.847000122,49.4000015258789,1,2893.818,113.676075504721,Maize,SI,CT,OI,Yes
18.3833332061768,1660.80004882812,14.8650002479553,6.123000145,20.0200004577637,1,2777.03457870536,131.907619286536,Maize,SI,CT,OI,Yes
18.2250003814697,1889.09997558594,16.1070001125336,5.853000164,19.6800003051758,1,3180.09,118.867775943989,Maize,SI,CT,OI,Yes
17.75,1262.40002441406,6.04200005531311,4.170000076,20.3666667938232,1,3057.919989375,128.129610054031,Maize,SI,CT,OI,Yes
16.8833332061768,1773.80004882812,20.618999004364,5.59800005,39.0699996948242,1,2689.338,119.638909618989,Maize,SI,CT,OI,Yes
18.25,1442.0,12.4979996681213,6.168000221,40.1428565979004,1,3916.218,152.1,Maize,SI,CT,OI,Yes
17.6166667938232,1696.0,16.5900003910065,5.637000084,27.1599998474121,1,2932.30835294118,118.815353711752,Maize,SI,CT,OI,Yes
17.5499992370605,1811.90002441406,14.4029998779297,5.510000229,32.0499992370605,1,4371.83305315069,180.341983561644,Maize,SI,CT,OI,Yes
17.408332824707,1917.30004882812,13.6150002479553,6.990000248,23.4099998474121,1,5211.258,232.375,Maize,SI,CT,OI,Yes
18.3999996185303,1729.30004882812,21.6560006141663,5.598999977,35.8600006103516,1,2607.61687575,126.417759689652,Maize,SI,CT,OI,Yes
16.3666667938232,2041.30004882812,18.4409999847412,5.670000076,40.8199996948242,1,2303.543303125,128.289067297795,Maize,SI,CT,OI,Yes
17.1666660308838,1905.30004882812,33.2089996337891,5.967000008,30.1100006103516,1,2411.07382058036,134.371513770758,Maize,SI,CT,OI,Yes
17.408332824707,1917.30004882812,19.7949993610382,5.070000172,46.3899993896484,1,2528.95071398437,124.122985878682,Maize,SI,CT,OI,Yes
17.0833339691162,990.100036621094,11.7299997806549,5.830999851,21.3199996948242,1,3389.28876923077,140.135056225684,Maize,SI,CT,OI,Yes
17.3333339691162,1191.0,11.2000000476837,7.800000191,21.0,1,3105.25310204082,145.523233619582,Maize,SI,CT,OI,Yes
17.3333339691162,1191.0,10.5920004844666,7.592000008,21.1599998474121,1,3364.122,147.207360944698,Maize,SI,CT,OI,Yes
17.375,1395.0,12.8390002250671,6.816999912,19.9599990844727,1,2990.946,141.274883746522,Maize,SI,CT,OI,Yes
17.0666675567627,1132.59997558594,11.9050002098083,6.697999954,20.7800006866455,1,2598.46709585535,154.286050034406,Maize,SI,CT,OI,Yes
17.3333339691162,1191.0,9.63200032711029,6.708000183,21.0,1,2487.18567398437,145.501733165392,Maize,SI,CT,OI,Yes
17.3333339691162,1191.0,9.63200032711029,6.708000183,21.0,1,2486.4120346875,145.501733165392,Maize,SI,CT,OI,Yes
17.0416660308838,1622.5,11.2000000476837,7.800000191,21.0,1,2454.69562298077,150.324491123602,Maize,SI,CT,OI,Yes
16.9583339691162,943.799987792969,7.48400032520294,6.894999981,19.3125,1,3232.07749090909,163.382480525278,Maize,SI,CT,OI,Yes
16.4916667938232,965.200012207031,6.31600022315979,7.047999859,25.3777770996094,1,2910.0346298833,158.177080294849,Maize,SI,CT,OI,Yes
16.8833332061768,1031.59997558594,7.882000207901,7.452000141,20.3333339691162,1,3099.22745454545,146.891043690936,Maize,SI,CT,OI,Yes
17.0500011444092,1372.5,11.5560007095337,6.952000141,21.4300003051758,1,2594.24861573864,150.679066887253,Maize,SI,CT,OI,Yes
17.0,1320.40002441406,10.5200004577637,7.5,21.1599998474121,1,2724.90494480769,151.650442479193,Maize,SI,CT,OI,Yes
17.0,1320.40002441406,7.91999995708466,7.258000374,15.7252750396729,1,2616.63248940104,153.068402881272,Maize,SI,CT,OI,Yes
17.5249996185303,1565.59997558594,9.40099954605103,5.467999935,21.7999992370605,1,2487.99909209318,132.923365605286,Maize,SI,CT,OI,Yes
17.6916675567627,1540.5,13.5599994659424,5.263000011,24.7294120788574,1,3200.538,112.02168119436,Maize,SI,CT,OI,Yes
17.9166660308838,1690.90002441406,12.8369998931885,5.848999977,22.9898986816406,1,2251.36229470825,136.741356475588,Maize,SI,CT,OI,Yes
17.9166660308838,1690.90002441406,9.69299972057343,4.887000084,26.5699996948242,1,3261.882,111.54,Maize,SI,CT,OI,Yes
18.2749996185303,1670.80004882812,6.22699975967407,7.381000042,19.4639167785645,1,2689.338,131.731395019207,Maize,SI,CT,OI,Yes
16.591667175293,1501.5,11.2360000610352,7.176000118,20.7900009155273,1,2893.818,137.532973113189,Maize,SI,CT,OI,Yes
16.8166675567627,1233.80004882812,10.9019994735718,7.039999962,20.6868686676025,1,2814.53768601563,151.453271530572,Maize,SI,CT,OI,Yes
16.8166675567627,1233.80004882812,10.4089999198914,6.710999966,19.2900009155273,1,2742.81028177083,148.639469006288,Maize,SI,CT,OI,Yes
16.8083343505859,1039.30004882812,11.2059998512268,6.820000172,25.1100006103516,1,3293.72447172414,149.717045045104,Maize,SI,CT,OI,Yes
16.8083343505859,1039.30004882812,10.5299997329712,5.737999916,20.9699993133545,1,3037.77192,141.840040476729,Maize,SI,CT,OI,Yes
16.4166679382324,1147.40002441406,10.327000617981,7.525000095,19.7676773071289,1,2565.11073165711,160.155913168218,Maize,SI,CT,OI,Yes
16.8083343505859,1039.30004882812,9.91100013256073,6.750999928,19.7399997711182,1,3057.97579591837,151.166624387219,Maize,SI,CT,OI,Yes
16.966667175293,978.400024414062,8.37800025939941,6.997000217,33.3899993896484,1,3098.298,154.368249286981,Maize,SI,CT,OI,Yes
16.8583335876465,1007.70001220703,8.66800010204315,7.89800024,28.4200000762939,1,2982.35704908088,157.392064459394,Maize,SI,CT,OI,Yes
16.1499996185303,966.200012207031,9.76000010967255,7.421999931,22.6399993896484,1,3343.27930688861,172.912534394362,Maize,SI,CT,OI,Yes
15.966667175293,857.0,5.39600014686584,8.043999672,16.5799999237061,1,3189.53147076923,164.864666527845,Maize,SI,CT,OI,Yes
15.9000005722046,897.799987792969,7.61500000953674,7.900000095,32.5200004577637,1,3287.63172763109,164.202118138784,Maize,SI,CT,OI,Yes
16.3666667938232,1021.10003662109,10.1550006866455,7.302000046,23.0200004577637,1,2851.68462829939,162.621721816262,Maize,SI,CT,OI,Yes
16.4916667938232,965.200012207031,10.0699996948242,7.215000153,24.2199993133545,1,3315.05970094637,155.15734076686,Maize,SI,CT,OI,Yes
16.8833332061768,1031.59997558594,10.9630000591278,7.21600008,22.0300006866455,1,3202.242,162.218336274214,Maize,SI,CT,OI,Yes
17.1666660308838,1108.09997558594,10.7480001449585,5.691999912,26.5319156646729,1,3346.47735483871,133.029562829308,Maize,SI,CT,OI,Yes
16.591667175293,1501.5,14.2239999771118,6.815999985,10.9799995422363,1,2555.01735778125,149.018037839233,Maize,SI,CT,OI,Yes
17.3083343505859,1595.59997558594,11.6209995746613,4.915999889,27.8850574493408,1,3098.298,133.740334609523,Maize,SI,CT,OI,Yes
17.3083343505859,1595.59997558594,13.7529993057251,6.671999931,23.0400009155273,1,3069.08657142857,129.906598240281,Maize,SI,CT,OI,Yes
16.8083343505859,1626.10009765625,5.66699981689453,3.746000051,22.8545455932617,1,2419.86636169845,132.355679282044,Maize,SI,CT,OI,Yes
17.1499996185303,1424.40002441406,10.9430003166199,7.440999985,24.0606060028076,1,2452.60963784846,150.783462177865,Maize,SI,CT,OI,Yes
20.6333332061768,1493.80004882812,11.7760002613068,6.360000134,33.9599990844727,1,2854.52376,124.689835469123,Maize,SI,CT,OI,Yes
20.6333332061768,1493.80004882812,10.7220005989075,4.923000336,42.1333351135254,1,2704.00261734375,112.517226043044,Maize,SI,CT,OI,Yes
19.783332824707,1823.5,11.8920004367828,5.353000164,34.7000007629395,1,2632.04815546875,116.453057724221,Maize,SI,CT,OI,Yes
19.2916679382324,1876.10009765625,12.0759999752045,5.610000134,40.7099990844727,1,2621.45312701704,119.216053765315,Maize,SI,CT,OI,Yes
19.2916679382324,1876.10009765625,12.1119999885559,5.519999981,41.5200004577637,1,2864.60657142857,105.740586832217,Maize,SI,CT,OI,Yes
19.8583335876465,1735.40002441406,11.4040005207062,5.166000366,36.3899993896484,1,2579.32460596154,116.602144683817,Maize,SI,CT,OI,Yes
19.5416679382324,1866.40002441406,12.6670002937317,5.187000275,39.7099990844727,1,2664.2305850625,117.546568146942,Maize,SI,CT,OI,Yes
19.1499996185303,1914.90002441406,12.1720004081726,5.370000362,42.8699989318848,1,2528.58946265625,118.589182854435,Maize,SI,CT,OI,Yes
19.1499996185303,1914.90002441406,12.2200000286102,5.25,43.9500007629395,1,2490.97604559375,118.05791182748,Maize,SI,CT,OI,Yes
20.7083339691162,1594.90002441406,12.3080003261566,5.740000248,38.3800010681152,1,2078.56583855903,115.378519536368,Maize,SI,CT,OI,Yes
22.1083335876465,1366.20007324219,8.05599987506866,6.428999901,24.216495513916,1,2191.437373875,121.937082729363,Maize,SI,CT,OI,Yes
22.1083335876465,1366.20007324219,8.68399977684021,6.196000099,23.1521739959717,1,2227.71606489583,120.356573232047,Maize,SI,CT,OI,Yes
22.1083335876465,1366.20007324219,5.7260000705719,4.690000057,14.3506488800049,1,2191.75180625,115.899899893353,Maize,SI,CT,OI,Yes
19.625,1641.40002441406,10.9239995479584,6.224999905,26.6599998474121,1,2174.55505710937,123.788168615686,Maize,SI,CT,OI,Yes
19.2416667938232,1718.40002441406,11.7139995098114,5.110000134,36.6399993896484,1,2487.94272495536,118.082338053148,Maize,SI,CT,OI,Yes
20.0083332061768,1659.09997558594,9.91400003433228,5.585999966,33.4382019042969,1,2774.7379315625,114.064765453019,Maize,SI,CT,OI,Yes
19.6750011444092,1913.90002441406,12.0039999485016,5.613000393,39.9900016784668,1,2660.01556023438,117.825788766039,Maize,SI,CT,OI,Yes
18.125,2104.5,12.1480000019073,5.430000305,42.3300018310547,1,2575.12303645833,125.576793843341,Maize,SI,CT,OI,Yes
18.5083332061768,2002.5,12.1480000019073,5.430000305,42.3300018310547,1,2571.12931952206,124.156993540553,Maize,SI,CT,OI,Yes
18.4500007629395,2047.80004882812,12.0640003681183,5.640000343,40.439998626709,1,2466.14126566406,125.128915111711,Maize,SI,CT,OI,Yes
19.8083343505859,1814.30004882812,12.195999622345,5.31000042,43.4099998474121,1,2746.99454566406,116.112822261626,Maize,SI,CT,OI,Yes
20.0833339691162,1735.0,13.0360007286072,5.194000244,33.4099998474121,1,2578.5280115625,116.559363919652,Maize,SI,CT,OI,Yes
20.0833339691162,1735.0,11.8430006504059,5.883000374,36.7599983215332,1,2807.08537941964,119.114559699166,Maize,SI,CT,OI,Yes
18.8333339691162,1857.30004882812,12.2049999237061,5.572999954,31.2399997711182,1,2658.04731692308,120.848196417326,Maize,SI,CT,OI,Yes
19.2333335876465,1760.70007324219,10.5999994277954,5.760000229,25.5,1,2677.49178154018,118.811596792203,Maize,SI,CT,OI,Yes
20.0249996185303,1447.5,5.64999997615814,4.223999977,27.6666660308838,1,2538.03082273897,115.647158658047,Maize,SI,CT,OI,Yes
18.1499996185303,1865.09997558594,12.2870004177094,4.96200037,38.8064498901367,1,2488.16206265625,125.059062585102,Maize,SI,CT,OI,Yes
18.1833343505859,1824.0,15.7239997386932,5.234000206,25.0499992370605,1,2449.79103121875,123.066338810163,Maize,SI,CT,OI,Yes
18.1833343505859,1824.0,14.5959997177124,5.700000286,29.4599990844727,1,2479.52591584821,125.114101116304,Maize,SI,CT,OI,Yes
18.716667175293,2021.20007324219,11.956000328064,5.910000324,38.0099983215332,1,2591.43449140625,112.101492523529,Maize,SI,CT,OI,Yes
19.0166664123535,2028.0,11.5009999275208,7.093999863,31.5699996948242,1,2107.60603976562,128.222289343453,Maize,SI,CT,OI,Yes
17.6833343505859,1593.80004882812,11.7320001125336,5.760000229,38.0400009155273,1,2551.08906867188,110.632833821076,Maize,SI,CT,OI,Yes
18.3833332061768,1574.5,11.871999502182,6.120000362,36.1199989318848,1,2695.376949375,118.50765482871,Maize,SI,CT,OI,Yes
18.091667175293,1899.59997558594,13.0690002441406,5.832000256,32.7000007629395,1,2633.0696790625,114.34479903687,Maize,SI,CT,OI,Yes
17.5583343505859,1755.59997558594,5.59400022029877,2.243000031,45.533332824707,1,2791.578,105.779545018558,Maize,SI,CT,OI,Yes
17.375,1743.70007324219,11.8840003013611,6.21600008,37.8300018310547,1,2762.042,121.732189913946,Maize,SI,CT,OI,Yes
18.6083335876465,1725.20007324219,10.2250003814697,6.776000023,24.6458339691162,1,2284.79780177083,122.797304521927,Maize,SI,CT,OI,Yes
18.6083335876465,1725.20007324219,11.275999546051,6.894000053,27.8877544403076,1,2553.8468229375,125.315555572587,Maize,SI,CT,OI,Yes
18.9833335876465,1737.59997558594,9.36999976634979,5.430000305,23.0909099578857,1,2581.6397551875,104.653557907181,Maize,SI,CT,OI,Yes
18.4416675567627,1777.59997558594,10.2880001068115,6.481999874,20.680850982666,1,3074.34996070312,124.402231957401,Maize,SI,CT,OI,Yes
18.25,1866.20007324219,7.87899971008301,5.361000061,23.130952835083,1,3111.1366149375,108.109480190134,Maize,SI,CT,OI,Yes
18.2083339691162,1598.40002441406,9.64100003242493,5.914000034,27.3586959838867,1,2985.10618983051,109.462585353886,Maize,SI,CT,OI,Yes
19.0583343505859,1657.90002441406,8.90799999237061,4.578999996,32.8101272583008,1,2474.77757975,99.9507347440689,Maize,SI,CT,OI,Yes
19.591667175293,2049.60009765625,14.4340002536774,5.39800024,18.9899997711182,1,2324.74822017857,109.346184520336,Maize,SI,CT,OI,Yes
20.875,1524.09997558594,11.6470003128052,5.912000179,20.5799999237061,1,2671.12315977273,108.663106585379,Maize,SI,CT,OI,Yes
19.8833332061768,1578.40002441406,11.4880001544952,5.486999989,35.5800018310547,1,2702.00214796875,104.112952398259,Maize,SI,CT,OI,Yes
20.6000003814697,1473.59997558594,12.1119999885559,5.519999981,41.5200004577637,1,5552.058,154.5,Maize,SI,CT,OI,Yes
18.7083339691162,1589.80004882812,9.5770001411438,4.891000271,23.1900005340576,1,4775.034,205.335,Maize,SI,CT,OI,Yes
20.6166667938232,1627.80004882812,10.5499994754791,5.544000149,26.4400005340576,1,2441.8054149375,101.025244148535,Maize,SI,CT,OI,Yes
19.125,1727.20007324219,5.49000024795532,4.010000229,21.7068958282471,1,3952.15690909091,154.327727272727,Maize,SI,CT,OI,Yes
20.8916664123535,1650.0,12.3600006103516,5.468000412,41.060001373291,1,2491.8375973125,103.267811422437,Maize,SI,CT,OI,Yes
20.341667175293,1689.30004882812,13.8339996337891,5.375,32.8300018310547,1,2724.29292170455,105.015004352492,Maize,SI,CT,OI,Yes
19.7333335876465,1811.40002441406,11.3160002231598,5.925000191,31.5699996948242,1,3664.026,136.4675,Maize,SI,CT,OI,Yes
20.25,1598.90002441406,11.2119996547699,6.0,30.2700004577637,1,2312.33958520312,110.976630600385,Maize,SI,CT,OI,Yes
20.1000003814697,1642.40002441406,10.6180000305176,6.003000259,23.5,1,2274.18278235577,110.472727829646,Maize,SI,CT,OI,Yes
20.4583339691162,1695.60009765625,11.5359997749329,6.016000271,33.3600006103516,1,2374.391096875,111.12440632404,Maize,SI,CT,OI,Yes
20.966667175293,1637.90002441406,12.0280003547668,5.730000019,39.6300010681152,1,5020.41,220.545,Maize,SI,CT,OI,Yes
19.7333335876465,1811.40002441406,10.2250003814697,5.09100008,26.0100002288818,1,2342.392710375,100.154843127969,Maize,SI,CT,OI,Yes
19.8083343505859,1814.30004882812,11.0240006446838,7.044000149,26.1000003814697,1,2382.17496,125.301359521982,Maize,SI,CT,OI,Yes
19.5666675567627,1469.09997558594,11.657999753952,6.122000217,23.8172035217285,1,2219.0718740625,115.98635824611,Maize,SI,CT,OI,Yes
19.75,1657.20007324219,8.69099974632263,4.753000259,28.5949363708496,1,2440.68487075,97.9726468891,Maize,SI,CT,OI,Yes
19.6416664123535,1676.30004882812,9.96600031852722,4.93900013,34.2068977355957,1,2541.71554697917,100.073549705864,Maize,SI,CT,OI,Yes
19.6416664123535,1676.30004882812,9.51399981975555,5.365000248,26.5747127532959,1,3384.57,119.145,Maize,SI,CT,OI,Yes
19.75,1657.20007324219,11.3800001144409,6.347000122,30.1499996185303,1,2192.36980134375,117.417108866515,Maize,SI,CT,OI,Yes
19.9500007629395,1530.10009765625,9.01899993419647,5.56099987,26.0357151031494,1,2405.20166520833,102.027590242965,Maize,SI,CT,OI,Yes
19.6416664123535,1545.70007324219,10.9389996528625,5.631000042,30.4200000762939,1,2754.03886335937,105.866900129397,Maize,SI,CT,OI,Yes
19.6416664123535,1545.70007324219,10.0,4.663000107,38.294116973877,1,2503.46840240625,97.3530113069952,Maize,SI,CT,OI,Yes
19.5666675567627,1469.09997558594,10.7439994812012,6.941999912,22.5900001525879,1,2581.18170110796,126.324108292017,Maize,SI,CT,OI,Yes
18.1000003814697,1596.09997558594,10.7710003852844,5.875,29.9400005340576,1,2242.89973238839,113.208275607807,Maize,SI,CT,OI,Yes
18.1000003814697,1596.09997558594,11.956000328064,5.276000023,30.9300003051758,1,4882.91482758621,173.25,Maize,SI,CT,OI,Yes
18.091667175293,1899.59997558594,11.5680003166199,6.465000153,34.2799987792969,1,2610.15823699219,124.879811560039,Maize,SI,CT,OI,Yes
18.091667175293,1767.40002441406,11.5120005607605,6.48900032,30.7199993133545,1,3047.178,102.0,Maize,SI,CT,OI,Yes
17.4416675567627,1740.60009765625,11.9319999217987,5.970000267,37.4700012207031,1,2603.03722265625,116.233559978089,Maize,SI,CT,OI,Yes
18.8250007629395,1706.20007324219,11.7239999771118,6.184999943,35.1500015258789,1,2572.44966088542,118.613437528648,Maize,SI,CT,OI,Yes
18.8250007629395,1706.20007324219,11.055999994278,5.977000237,28.8600006103516,1,2516.31226298077,112.788620056456,Maize,SI,CT,OI,Yes
18.091667175293,1767.40002441406,11.5960001945496,5.512000084,36.5099983215332,1,2641.98953109375,108.444824086843,Maize,SI,CT,OI,Yes
17.3833332061768,1737.0,15.0399994850159,5.72300005,36.0800018310547,1,2745.80584092187,115.480930791737,Maize,SI,CT,OI,Yes
19.5583343505859,1708.80004882812,11.0210001468658,7.340000153,21.5,1,2628.16928758928,129.520136635751,Maize,SI,CT,OI,Yes
19.5583343505859,1708.80004882812,10.8319997787476,7.140000343,24.216495513916,1,2074.32791983456,127.012507716061,Maize,SI,CT,OI,Yes
19.3916664123535,1692.09997558594,10.5949997901917,6.334000111,22.5200004577637,1,2271.51549433594,117.661175813303,Maize,SI,CT,OI,Yes
19.408332824707,1755.90002441406,11.4279997348785,7.230000019,26.1299991607666,1,2087.909735625,127.012729492498,Maize,SI,CT,OI,Yes
19.2749996185303,1856.30004882812,11.0989999771118,5.835000038,23.382022857666,1,2414.1188140625,109.384367916328,Maize,SI,CT,OI,Yes
19.6166667938232,1871.59997558594,12.0879995822906,5.580000401,40.9799995422363,1,2402.52072,105.495562421747,Maize,SI,CT,OI,Yes
19.6166667938232,1871.59997558594,10.3999996185303,5.622000217,25.1399993896484,1,2337.04168316964,103.943842746904,Maize,SI,CT,OI,Yes
19.408332824707,1755.90002441406,10.6840002536774,6.552999973,22.2900009155273,1,2254.15392970982,121.69518220236,Maize,SI,CT,OI,Yes
19.2000007629395,1771.20007324219,12.4240005016327,5.048000336,44.6100006103516,1,2146.9333003125,103.081740820405,Maize,SI,CT,OI,Yes
19.408332824707,1755.90002441406,11.6439998149872,5.982000351,34.5900001525879,1,2521.13105964844,112.766698602056,Maize,SI,CT,OI,Yes
19.2749996185303,1856.30004882812,11.9620001316071,5.605999947,39.5400009155273,1,2233.41890379808,105.913385870759,Maize,SI,CT,OI,Yes
19.4750003814697,1861.70007324219,10.6060004234314,6.312000275,29.1599998474121,1,2387.58686566406,116.342803255167,Maize,SI,CT,OI,Yes
14.8833332061768,672.200012207031,6.04299962520599,6.198999882,19.4874992370605,1,3251.42625988281,173.941592019353,Maize,SI,CT,OI,Yes
15.5666666030884,652.799987792969,6.45299971103668,8.026000023,19.7700004577637,1,3279.24353158606,177.401287285027,Maize,SI,CT,OI,Yes
15.2916669845581,625.799987792969,6.23499989509583,7.423999786,18.53125,1,3146.48017777778,176.932557132044,Maize,SI,CT,OI,Yes
14.6500005722046,595.600036621094,5.37000000476837,7.965000153,17.6499996185303,1,3413.47949506579,177.947150709925,Maize,SI,CT,OI,Yes
13.841667175293,611.5,6.42300009727478,7.169000149,15.6899995803833,1,3643.43218559546,186.361849163572,Maize,SI,CT,OI,Yes
14.4416666030884,575.0,5.74599981307983,7.923999786,17.4599990844727,1,3724.72161355932,191.995042442419,Maize,SI,CT,OI,Yes
12.7250003814697,699.5,7.31400012969971,6.763000011,21.5400009155273,1,3253.24395180723,194.233408878596,Maize,SI,CT,OI,Yes
15.0416669845581,830.900024414062,5.75299978256226,7.237999916,11.2200002670288,1,3672.10766308634,172.889992283959,Maize,SI,CT,OI,Yes
13.625,602.5,4.45600003004074,7.947999954,22.3600006103516,1,2427.96962385938,180.562421495722,Maize,SI,CT,OI,Yes
14.25,563.100036621094,4.88400012254715,7.163000107,17.8021984100342,1,3384.58435955056,172.569477366929,Maize,SI,CT,OI,Yes
14.25,563.100036621094,6.02400004863739,7.907000065,16.9500007629395,1,3340.7738981889,178.019886415114,Maize,SI,CT,OI,Yes
13.1500005722046,630.200012207031,7.74999976158142,6.552999973,22.6800003051758,1,3435.90384860558,190.090042055259,Maize,SI,CT,OI,Yes
13.0083341598511,776.700012207031,6.90400004386902,6.934999943,17.5400009155273,1,3742.76203897534,172.552767478938,Maize,SI,CT,OI,Yes
13.5333337783813,687.799987792969,6.38100028038025,6.800000191,15.1499996185303,1,3414.66595617595,171.442070949404,Maize,SI,CT,OI,Yes
14.8833332061768,672.200012207031,6.04299962520599,6.198999882,19.4874992370605,1,3164.78531857708,177.842409933929,Maize,SI,CT,OI,Yes
12.6833333969116,677.700012207031,8.36000025272369,6.479000092,21.7099990844727,1,3316.83534545455,187.266929568696,Maize,SI,CT,OI,Yes
12.4250001907349,714.900024414062,8.18599998950958,6.833000183,16.5900001525879,1,2870.95354643229,176.590498651662,Maize,SI,CT,OI,Yes
13.3500003814697,795.700012207031,5.46899974346161,4.756000042,19.8732395172119,1,3285.41230498262,155.653742996708,Maize,SI,CT,OI,Yes
14.1083335876465,623.5,6.14600002765656,7.386000156,19.4300003051758,1,3109.52733072794,190.568092904325,Maize,SI,CT,OI,Yes
14.1083335876465,623.5,6.29299998283386,7.269999981,16.9200000762939,1,3158.5765719725,155.196351136965,Maize,SI,CT,OI,Yes
13.841667175293,611.5,9.32699978351593,7.175999641,18.8400001525879,1,3369.59748536585,181.168979940528,Maize,SI,CT,OI,Yes
14.0166673660278,740.700012207031,6.32000029087067,7.522999763,19.6200008392334,1,3278.17603243902,170.564397303455,Maize,SI,CT,OI,Yes
14.1083335876465,623.5,6.16200029850006,7.256000042,13.5,1,3309.97973321555,174.033034067325,Maize,SI,CT,OI,Yes
14.0166673660278,740.700012207031,5.7779997587204,7.40500021,14.0799999237061,1,3165.76008510638,176.250510749433,Maize,SI,CT,OI,Yes
14.0666666030884,739.900024414062,5.04899978637695,7.867000103,15.1599998474121,1,3344.50471047026,181.018206903056,Maize,SI,CT,OI,Yes
14.2666673660278,665.299987792969,5.86199998855591,8.008999825,17.2199993133545,1,3527.78057696203,167.54365528641,Maize,SI,CT,OI,Yes
15.5583333969116,857.900024414062,6.09699964523315,4.875,15.8970584869385,1,3422.35504864865,159.380085137389,Maize,SI,CT,OI,Yes
15.7916669845581,728.600036621094,5.42900025844574,8.020999908,16.2600002288818,1,3498.312,128.0,Maize,SI,CT,OI,Yes
15.7916669845581,728.600036621094,5.77099978923798,7.479000092,15.3100004196167,1,3319.13966066619,178.804935719782,Maize,SI,CT,OI,Yes
15.216667175293,684.700012207031,10.7660007476807,7.675000191,40.4700012207031,1,3474.66646281508,168.975921154312,Maize,SI,CT,OI,Yes
14.7750005722046,713.799987792969,6.80000007152557,7.031000137,17.2299995422363,1,3432.9528794702,176.754411448817,Maize,SI,CT,OI,Yes
15.4833335876465,677.100036621094,6.18100047111511,7.986999989,18.3099994659424,1,3367.27677609562,173.58634996395,Maize,SI,CT,OI,Yes
15.216667175293,684.700012207031,6.52099967002869,6.71600008,12.7299995422363,1,3254.32139910007,178.434365353089,Maize,SI,CT,OI,Yes
15.0416669845581,830.900024414062,6.85900032520294,6.176000118,16.4347820281982,1,3357.37963387097,157.113359415758,Maize,SI,CT,OI,Yes
15.216667175293,684.700012207031,8.3050000667572,6.575999737,13.8400001525879,1,3504.28720309392,174.082005560103,Maize,SI,CT,OI,Yes
15.4833335876465,677.100036621094,6.46099984645844,7.722000122,17.6100006103516,1,3576.48382879377,182.500159047674,Maize,SI,CT,OI,Yes
14.0083332061768,788.700012207031,7.25000023841858,6.830999851,20.75,1,3413.57133913044,175.03735179707,Maize,SI,CT,OI,Yes
15.0666666030884,675.400024414062,6.63399994373322,6.849999905,19.4300003051758,1,3313.16299234194,184.487907277317,Maize,SI,CT,OI,Yes
13.3083333969116,762.0,9.1430002450943,6.599999905,21.7399997711182,1,3191.7912115942,169.559987398039,Maize,SI,CT,OI,Yes
13.4416666030884,770.700012207031,8.45600008964539,6.404000282,21.6800003051758,1,3210.47445,167.813219430075,Maize,SI,CT,OI,Yes
13.375,870.700012207031,8.50800037384033,6.49600029,19.1299991607666,1,3434.98350023803,133.591642422639,Maize,SI,CT,OI,Yes
13.4499998092651,808.599975585938,7.62700021266937,7.767000198,19.7600002288818,1,3036.88882787136,139.69037136294,Maize,SI,CT,OI,Yes
13.4499998092651,798.300048828125,10.5900001525879,7.180999756,22.1399993896484,1,2963.30583557789,176.738211542309,Maize,SI,CT,OI,Yes
13.4499998092651,808.599975585938,7.90700018405914,7.346000195,21.9500007629395,1,3049.83323294118,184.360391285983,Maize,SI,CT,OI,Yes
14.375,856.299987792969,6.05399966239929,7.462999821,22.4400005340576,1,3102.07742037625,165.910909700294,Maize,SI,CT,OI,Yes
14.0083332061768,788.700012207031,5.90200006961823,7.099999905,14.5200004577637,1,3096.55616447368,164.227515209423,Maize,SI,CT,OI,Yes
14.1583337783813,890.0,7.79999971389771,6.508999825,16.1599998474121,1,3545.28248866242,175.848850495824,Maize,SI,CT,OI,Yes
14.0083332061768,788.700012207031,7.03400015830994,7.440999985,16.7900009155273,1,3010.96976324503,184.106328815733,Maize,SI,CT,OI,Yes
14.7416667938232,646.299987792969,5.70200026035309,7.979000092,18.2700004577637,1,3196.75880549618,169.988762601398,Maize,SI,CT,OI,Yes
14.4000005722046,599.600036621094,5.89700043201447,7.993999958,17.9699993133545,1,3256.87698433552,176.063894874282,Maize,SI,CT,OI,Yes
15.1416673660278,595.0,5.39099991321564,7.940000057,19.6100006103516,1,3304.98033201008,180.921037079249,Maize,SI,CT,OI,Yes
15.5666666030884,652.799987792969,4.15699988603592,8.291000366,6.3600001335144,1,3377.039822245,170.756841996514,Maize,SI,CT,OI,Yes
15.0250005722046,574.799987792969,4.95600014925003,7.941999912,17.4200000762939,1,3357.85537949352,172.470584733375,Maize,SI,CT,OI,Yes
15.375,630.900024414062,5.64000010490417,7.929999828,16.1100006103516,1,3544.26497663294,172.725109382753,Maize,SI,CT,OI,Yes
15.0250005722046,574.799987792969,5.62200009822845,7.979000092,17.7900009155273,1,3438.46469206142,137.808395949037,Maize,SI,CT,OI,Yes
14.4000005722046,599.600036621094,5.86000025272369,7.980999947,18.6700000762939,1,3368.21975744681,169.471381762665,Maize,SI,CT,OI,Yes
15.5666666030884,652.799987792969,5.85999965667725,7.980000019,19.1200008392334,1,3378.22725846741,170.971876497875,Maize,SI,CT,OI,Yes
15.2916669845581,625.799987792969,5.53200006484985,7.973999977,17.7399997711182,1,3280.44777890625,178.455380594146,Maize,SI,CT,OI,Yes
14.9250001907349,583.600036621094,6.40100002288818,7.997000217,20.7000007629395,1,3361.57092016333,185.362028695021,Maize,SI,CT,OI,Yes
14.9250001907349,583.600036621094,5.83700001239777,7.97300005,19.1399993896484,1,3473.5614,177.632196941498,Maize,SI,CT,OI,Yes
15.2916669845581,625.799987792969,5.59599995613098,7.948999882,20.2299995422363,1,3378.61438690801,180.763157044829,Maize,SI,CT,OI,Yes
14.9499998092651,602.600036621094,6.33899986743927,7.993000031,20.7199993133545,1,3306.94381914008,174.814075591925,Maize,SI,CT,OI,Yes
15.091667175293,565.900024414062,5.34600019454956,8.079999924,14.5900001525879,1,2963.1043888331,179.134975592004,Maize,SI,CT,OI,Yes
14.4416666030884,575.0,5.5620002746582,7.962999821,17.1900005340576,1,3223.22072640761,191.302052265249,Maize,SI,CT,OI,Yes
14.0416669845581,582.299987792969,5.32800018787384,7.912000179,15.3599996566772,1,3281.77285763195,192.431999926341,Maize,SI,CT,OI,Yes
14.0416669845581,582.299987792969,5.80200016498566,7.988999844,17.8899993896484,1,3018.39422827225,186.568793574182,Maize,SI,CT,OI,Yes
14.25,563.100036621094,6.39400005340576,7.032999992,18.1000003814697,1,3438.09454145923,191.597406647931,Maize,SI,CT,OI,Yes
15.9916667938232,710.200012207031,6.57999992370605,7.920000076,16.9099998474121,1,3292.06246153846,164.467209864542,Maize,SI,CT,OI,Yes
15.2833337783813,722.800048828125,5.07400035858154,7.737999916,16.25,1,2698.47796035156,172.275868739196,Maize,SI,CT,OI,Yes
15.2833337783813,722.800048828125,8.15599977970123,6.377000332,23.4300003051758,1,3366.16442214427,172.214248763628,Maize,SI,CT,OI,Yes
15.2833337783813,722.800048828125,3.83200019598007,8.184000015,12.7200002670288,1,2775.42317299162,171.635918370508,Maize,SI,CT,OI,Yes
15.966667175293,781.799987792969,6.38999998569489,7.175000191,14.3999996185303,1,3097.56545363594,165.427363076706,Maize,SI,CT,OI,Yes
15.3083333969116,805.599975585938,3.92800003290176,8.175999641,12.960000038147,1,2634.74866014959,166.964507669356,Maize,SI,CT,OI,Yes
15.9916667938232,710.200012207031,5.76600015163422,8.06799984,15.0299997329712,1,2884.47891530461,165.500142735328,Maize,SI,CT,OI,Yes
15.625,630.700012207031,5.57600021362305,7.979000092,19.1100006103516,1,2559.94717819867,167.243110563251,Maize,SI,CT,OI,Yes
12.3500003814697,900.0,5.47599971294403,7.563999653,22.75,1,2849.41881477707,163.592189085006,Maize,SI,CT,OI,Yes
15.0083332061768,773.200012207031,5.48600018024445,6.18200016,20.3614463806152,1,2628.41768284519,157.606849438401,Maize,SI,CT,OI,Yes
15.0083332061768,773.200012207031,6.20299994945526,8.005999565,19.4699993133545,1,2623.89202318415,167.30033686248,Maize,SI,CT,OI,Yes
15.625,630.700012207031,5.10300040245056,7.989999771,15.3299999237061,1,2676.49348899266,170.449468783063,Maize,SI,CT,OI,Yes
13.5416669845581,790.0,5.30499994754791,8.062999725,16.9799995422363,1,2846.00033618256,173.899324015129,Maize,SI,CT,OI,Yes
15.0083332061768,773.200012207031,6.20899975299835,6.861999989,11.1300001144409,1,2650.94114521442,159.652058521218,Maize,SI,CT,OI,Yes
15.9916667938232,710.200012207031,5.76600015163422,8.06799984,15.0299997329712,1,3050.65491255521,173.373316995843,Maize,SI,CT,OI,Yes
15.5083332061768,840.200012207031,8.3840000629425,6.953000069,28.7000007629395,1,2866.83921664627,161.668063593603,Maize,SI,CT,OI,Yes
16.2250003814697,947.700012207031,9.18200016021729,5.503000259,35.0219764709473,1,2779.01287503085,140.736245219047,Maize,SI,CT,OI,Yes
15.0583333969116,708.299987792969,5.35700023174286,7.888000011,16.3299999237061,1,3028.13781284226,177.578078808073,Maize,SI,CT,OI,Yes
15.0083332061768,603.799987792969,4.46099996566772,8.166999817,8.76000022888184,1,3483.26931389049,178.702548157182,Maize,SI,CT,OI,Yes
11.9333333969116,668.100036621094,7.32999980449677,7.235000134,22.3500003814697,1,2970.03582592771,178.975815880383,Maize,SI,CT,OI,Yes
15.1750001907349,614.799987792969,6.51099979877472,7.498000145,17.9400005340576,1,3674.60943164835,178.680150005131,Maize,SI,CT,OI,Yes
15.7416667938232,632.5,6.35299980640411,7.835000038,18.9300003051758,1,2916.94310342849,175.413853756275,Maize,SI,CT,OI,Yes
15.8916664123535,643.799987792969,7.41600036621094,6.81799984,15.5600004196167,1,3297.50328826907,180.65202088696,Maize,SI,CT,OI,Yes
14.75,664.799987792969,5.00699996948242,8.109000206,15.5200004577637,1,3255.3394058668,145.998117839607,Maize,SI,CT,OI,Yes
14.75,664.799987792969,5.91600000858307,8.031999588,18.8400001525879,1,3319.392,184.548134577712,Maize,SI,CT,OI,Yes
15.2833337783813,722.800048828125,5.7530003786087,8.038999557,16.4400005340576,1,3435.3173037336,172.641069369921,Maize,SI,CT,OI,Yes
14.1583337783813,611.700012207031,6.73500001430511,7.909999847,18.7199993133545,1,3161.99804081633,186.646703254954,Maize,SI,CT,OI,Yes
15.9333333969116,630.799987792969,4.22800004482269,8.270999908,7.53000020980835,1,3313.77502321263,170.3417577935,Maize,SI,CT,OI,Yes
15.9916667938232,683.0,6.0860002040863,8.003000259,18.5100002288818,1,2968.84412279261,116.115708418893,Maize,SI,CT,OI,Yes
15.3083333969116,805.599975585938,5.87499976158142,7.054999828,11.4899997711182,1,3018.64408913932,172.302536434461,Maize,SI,CT,OI,Yes
15.966667175293,781.799987792969,6.48299992084503,7.909999847,20.25,1,3269.36035910357,160.323213363054,Maize,SI,CT,OI,Yes
14.1750001907349,696.200012207031,4.26800012588501,8.145999908,14.1999998092651,1,2563.30403883495,163.477110775864,Maize,SI,CT,OI,Yes
12.4416666030884,791.900024414062,5.81700026988983,7.903999805,20.2299995422363,1,2732.14566016713,169.577009283521,Maize,SI,CT,OI,Yes
14.1750001907349,696.200012207031,4.89100009202957,8.107000351,16.0699996948242,1,2716.15240615385,181.53758965659,Maize,SI,CT,OI,Yes
14.2250003814697,680.0,4.34500008821487,8.13999939,13.9499998092651,1,3135.37365300462,177.406459666591,Maize,SI,CT,OI,Yes
15.5583333969116,851.5,9.9700003862381,5.866000175,20.4888896942139,1,2865.37430624586,153.64141955815,Maize,SI,CT,OI,Yes
16.0249996185303,904.5,10.2300000190735,5.938000202,30.6200008392334,1,3000.10372881356,141.454486536709,Maize,SI,CT,OI,Yes
15.5416669845581,788.400024414062,9.65099990367889,6.335999966,39.5800018310547,1,2657.4104579425,162.55884129002,Maize,SI,CT,OI,Yes
15.5583333969116,851.5,10.0059998035431,6.510000229,40.9199981689453,1,3094.545,153.775075605745,Maize,SI,CT,OI,Yes
15.6750001907349,829.5,10.8000004291534,6.275000095,26.1399993896484,1,2817.37483062002,158.238214719004,Maize,SI,CT,OI,Yes
15.5416669845581,788.400024414062,9.78700041770935,6.088000298,34.0,1,3030.85085858078,152.575526295235,Maize,SI,CT,OI,Yes
16.1833324432373,996.5,10.0209999084473,6.745000362,37.3300018310547,1,2949.71046497817,138.201536612947,Maize,SI,CT,OI,Yes
17.125,1084.30004882812,11.139999628067,7.579999924,20.8999996185303,1,3397.6695,144.243109518096,Maize,SI,CT,OI,Yes
16.6000003814697,1255.19995117188,10.0360000133514,4.46999979,20.8552627563477,1,2724.04474444808,132.702303041934,Maize,SI,CT,OI,Yes
17.0666675567627,1103.5,10.57000041008,7.558000088,19.5100002288818,1,2939.26032786885,148.966203865857,Maize,SI,CT,OI,Yes
17.0416660308838,1094.19995117188,10.1259994506836,7.434000015,18.4500007629395,1,2950.66639841372,156.136066910373,Maize,SI,CT,OI,Yes
16.4416675567627,938.700012207031,9.9779999256134,7.0,29.9300003051758,1,3287.13336534927,159.171395544523,Maize,SI,CT,OI,Yes
16.6916675567627,1028.0,10.1059997081757,6.263000011,34.9799995422363,1,3032.82174832785,146.603689101985,Maize,SI,CT,OI,Yes
16.375,942.599975585938,9.30399954319,6.451999664,19.6399993896484,1,3112.52424303797,146.254506617304,Maize,SI,CT,OI,Yes
16.4416675567627,938.700012207031,8.13400030136108,6.947000027,30.0200004577637,1,3037.93225976666,142.737405868873,Maize,SI,CT,OI,Yes
14.1583337783813,611.700012207031,6.36600017547607,7.315999985,15.2200002670288,1,2929.30271435984,186.433636344457,Maize,SI,CT,OI,Yes
17.9416675567627,1278.80004882812,10.1199996471405,7.605000019,19.3500003814697,1,5279.418,141.5,Maize,SI,CT,OI,Yes
18.0166664123535,1401.20007324219,7.16000020503998,6.874000072,16.1299991607666,1,2505.52540584821,140.295158815305,Maize,SI,CT,OI,Yes
17.9083347320557,1689.10009765625,8.88300001621246,5.377999783,24.5217399597168,1,2294.01100829861,120.01987888022,Maize,SI,CT,OI,Yes
18.2000007629395,1532.60009765625,8.19100022315979,5.131999969,25.2000007629395,1,3129.09941772152,106.102778088897,Maize,SI,CT,OI,Yes
15.0166664123535,851.100036621094,5.84299981594086,6.559999943,15.6400003433228,1,3057.52564713196,157.10510701319,Maize,SI,CT,OI,Yes
15.4750003814697,912.5,8.85500013828278,6.536000252,13.9799995422363,1,3345.52032643678,152.427118144975,Maize,SI,CT,OI,Yes
14.9833335876465,985.300048828125,8.89600038528442,6.756999969,14.5500001907349,1,5091.04344789762,161.575674131623,Maize,SI,CT,OI,Yes
14.5083332061768,929.0,11.0450005531311,7.187000275,28.6700000762939,1,3176.95562425993,147.037272056508,Maize,SI,CT,OI,Yes
16.9750003814697,843.600036621094,9.86000001430511,5.901000023,44.4130439758301,1,2938.55151813286,143.697388557261,Maize,SI,CT,OI,Yes
17.2999992370605,1112.80004882812,10.5850005149841,6.570000172,39.5979385375977,1,3384.85262612301,144.051164227852,Maize,SI,CT,OI,Yes
16.4750003814697,1011.60003662109,7.83500015735626,7.099999905,17.6499996185303,1,3181.00477894737,155.952849619235,Maize,SI,CT,OI,Yes
14.0583333969116,1158.90002441406,12.5999999046326,6.164000034,40.5200004577637,1,3244.6118683871,128.100885251778,Maize,SI,CT,OI,Yes
14.8166666030884,1229.59997558594,11.66100025177,6.380000114,31.4899997711182,1,3353.14899656912,141.359007046365,Maize,SI,CT,OI,Yes
16.7749996185303,1216.90002441406,12.3199999332428,6.276000023,42.310001373291,1,3201.97047332123,139.952303526738,Maize,SI,CT,OI,Yes
16.7749996185303,1216.90002441406,10.8930003643036,5.225999832,22.9599990844727,1,3298.07525764192,142.020022481876,Maize,SI,CT,OI,Yes
16.7749996185303,1216.90002441406,8.6489999294281,6.90199995,18.0322589874268,1,3330.06531789474,136.755672332689,Maize,SI,CT,OI,Yes
17.6666660308838,1049.5,8.2260000705719,7.453999996,17.7000007629395,1,3191.36835,149.552913227758,Maize,SI,CT,OI,Yes
18.0750007629395,1117.40002441406,8.3160001039505,6.59400034,20.25,1,3507.17098723404,135.556261466549,Maize,SI,CT,OI,Yes
17.2833347320557,858.299987792969,9.77400004863739,6.906000137,32.0400009155273,1,2706.38111892857,153.313417501438,Maize,SI,CT,OI,Yes
15.6916666030884,959.299987792969,13.0330002307892,6.842000008,23.0799999237061,1,3075.52640399479,148.093138997994,Maize,SI,CT,OI,Yes
16.8500003814697,872.100036621094,6.65800034999847,6.909999847,17.9680843353271,1,2823.44526956522,151.39698412745,Maize,SI,CT,OI,Yes
13.9333333969116,1041.59997558594,11.5020000934601,6.484000206,45.0099983215332,1,3087.20986832136,161.459713553283,Maize,SI,CT,OI,Yes
16.8500003814697,872.100036621094,10.0619995594025,7.204999924,28.4699993133545,1,3011.38179088899,156.730996124455,Maize,SI,CT,OI,Yes
17.0249996185303,884.700012207031,6.99200034141541,6.458000183,17.6105270385742,1,3121.77700884956,161.190009893748,Maize,SI,CT,OI,Yes
17.466667175293,885.100036621094,8.0239999294281,6.272000313,18.5238094329834,1,3402.76601762115,158.498831931712,Maize,SI,CT,OI,Yes
17.7083339691162,1060.0,5.94799995422363,6.338000298,12.1477270126343,1,2581.21085443966,150.101085214607,Maize,SI,CT,OI,Yes
17.1499996185303,993.900024414062,9.7759997844696,7.315999985,21.0,1,3274.1508,155.65066902595,Maize,SI,CT,OI,Yes
17.3166675567627,1223.70007324219,12.5150001049042,6.238999844,20.4799995422363,1,2658.70883772321,138.000115822433,Maize,SI,CT,OI,Yes
16.7749996185303,1181.5,8.78899991512299,6.553999901,21.6200008392334,1,2672.99738665761,139.007225379832,Maize,SI,CT,OI,Yes
17.5,1098.30004882812,10.6379997730255,7.485000134,24.1299991607666,1,4204.94376,169.9971,Maize,SI,CT,OI,Yes
17.8250007629395,1158.70007324219,8.79200041294098,7.667000294,26.0,1,3456.138,145.37505828669,Maize,SI,CT,OI,Yes
17.5,1098.30004882812,10.5739998817444,7.610000134,21.6900005340576,1,2694.48287795956,152.843630365857,Maize,SI,CT,OI,Yes
17.8250007629395,1158.70007324219,8.02200019359589,7.886000156,18.8700008392334,1,3507.258,151.741157263889,Maize,SI,CT,OI,Yes
17.9250011444092,1100.20007324219,10.0040006637573,7.256000042,21.0833339691162,1,3429.5556,148.327967967599,Maize,SI,CT,OI,Yes
17.9250011444092,1100.20007324219,7.9720002412796,7.236000061,19.7234039306641,1,2363.061804375,149.411000589983,Maize,SI,CT,OI,Yes
17.9416675567627,1278.80004882812,5.16000032424927,3.452000141,40.4814796447754,1,2607.546,117.871612600264,Maize,SI,CT,OI,Yes
17.9250011444092,1100.20007324219,8.11800003051758,7.800000191,18.9696960449219,1,3220.986,142.209387616402,Maize,SI,CT,OI,Yes
18.2000007629395,1170.09997558594,8.18800032138824,6.352000237,20.3703708648682,1,2520.06794651042,137.054022777935,Maize,SI,CT,OI,Yes
18.4250011444092,1296.70007324219,5.45000016689301,5.157999992,19.7014923095703,1,3618.26142857143,133.630714285714,Maize,SI,CT,OI,Yes
18.0750007629395,1117.40002441406,7.1560001373291,7.544000149,18.8842105865479,1,2876.57145454545,144.336009802045,Maize,SI,CT,OI,Yes
18.2000007629395,1532.60009765625,5.32700002193451,6.18200016,18.5769233703613,1,2579.1587445,133.215181612389,Maize,SI,CT,OI,Yes
18.0166664123535,1401.20007324219,4.81800019741058,6.058000088,18.0657901763916,1,2507.56210265625,134.658697092824,Maize,SI,CT,OI,Yes
17.5083332061768,1279.0,8.47200036048889,6.708000183,21.625,1,3261.882,127.896348898564,Maize,SI,CT,OI,Yes
17.3333339691162,1605.30004882812,8.57800006866455,6.902999878,21.6900005340576,1,2567.6893122,133.398829877966,Maize,SI,CT,OI,Yes
16.3333339691162,1683.80004882812,8.46400022506714,6.863999844,21.7199993133545,1,2776.65853333333,109.616666666667,Maize,SI,CT,OI,Yes
18.1333332061768,1665.5,9.49400007724762,6.553999901,23.0200004577637,1,2367.8267696875,130.282775582637,Maize,SI,CT,OI,Yes
18.1333332061768,1665.5,9.72100019454956,6.168000221,24.0599994659424,1,2419.75416330357,126.460540145713,Maize,SI,CT,OI,Yes
17.25,1706.5,10.271999835968,6.776000023,22.9200000762939,1,3098.298,126.313861951931,Maize,SI,CT,OI,Yes
16.3250007629395,1450.70007324219,9.42499995231628,7.056000233,21.0300006866455,1,2563.86242094512,140.670778317268,Maize,SI,CT,OI,Yes
18.2083339691162,1598.40002441406,7.78200030326843,5.815999985,25.4117641448975,1,2280.378,111.647536257403,Maize,SI,CT,OI,Yes
18.2666664123535,1412.80004882812,7.06300020217896,4.259999752,25.6666660308838,1,3451.94353846154,123.32125,Maize,SI,CT,OI,Yes
17.6000003814697,1566.90002441406,11.5600001811981,6.900000095,29.1000003814697,1,2218.64208416016,134.299267243426,Maize,SI,CT,OI,Yes
18.0833339691162,1542.90002441406,11.6639995574951,6.460000038,29.3700008392334,1,3010.08704854369,123.994299698266,Maize,SI,CT,OI,Yes
18.0833339691162,1542.90002441406,11.0199999809265,6.46900034,25.5900001525879,1,2807.766,121.613395675701,Maize,SI,CT,OI,Yes
18.2666664123535,1412.80004882812,9.35000002384186,5.650000095,26.8021984100342,1,2252.19176788044,122.899251820298,Maize,SI,CT,OI,Yes
16.8000011444092,1120.70007324219,8.49700033664703,7.279000282,16.8099994659424,1,2382.618,144.797371576988,Maize,SI,CT,OI,Yes
17.1000003814697,1021.0,12.0640003681183,6.855000019,22.7700004577637,1,2716.81516338068,152.875401109401,Maize,SI,CT,OI,Yes
14.8500003814697,1450.40002441406,13.5159993171692,6.130000114,22.1800003051758,1,3399.89869573277,154.088951976349,Maize,SI,CT,OI,Yes
13.0333337783813,1460.40002441406,9.67599987983704,6.665999889,21.3799991607666,1,3157.98908766603,137.048773939358,Maize,SI,CT,OI,Yes
15.0166664123535,1358.80004882812,10.8899998664856,5.720000267,22.4500007629395,1,3349.98532890129,143.785800497629,Maize,SI,CT,OI,Yes
13.3666667938232,1251.90002441406,11.0790002346039,6.28000021,36.3899993896484,1,3368.28494716432,152.555760513609,Maize,SI,CT,OI,Yes
14.9166669845581,1447.60009765625,11.7869997024536,5.764999866,23.8199996948242,1,2984.02565081433,125.567931651545,Maize,SI,CT,OI,Yes
14.9166669845581,1447.60009765625,11.3540005683899,6.868999958,33.9500007629395,1,3118.43584912752,141.246507320685,Maize,SI,CT,OI,Yes
16.1083335876465,1397.0,13.7569999694824,5.782000065,22.3199996948242,1,2923.50371560694,125.642278869215,Maize,SI,CT,OI,Yes
15.1333332061768,1409.90002441406,10.3680002689362,6.623000145,24.6900005340576,1,3185.79712835821,134.804518309657,Maize,SI,CT,OI,Yes
18.0500011444092,1178.90002441406,6.10400021076202,7.995999813,18.0599994659424,1,3406.87690909091,151.759777365127,Maize,SI,CT,OI,Yes
17.9249992370605,1148.80004882812,8.26800048351288,7.964000225,28.9799995422363,1,3711.738,139.425,Maize,SI,CT,OI,Yes
17.7333335876465,1088.40002441406,9.15600001811981,7.714000225,19.9285717010498,1,3390.41228571429,152.2616887015,Maize,SI,CT,OI,Yes
12.5166673660278,1124.70007324219,12.3540008068085,6.276000023,42.4300003051758,1,2795.98982916053,152.609070111669,Maize,SI,CT,OI,Yes
18.6333332061768,1336.80004882812,10.8019995689392,6.576000214,28.180850982666,1,2660.7735151875,125.675265555981,Maize,SI,CT,OI,Yes
18.5166664123535,1455.30004882812,12.1420001983643,6.888000011,22.6299991607666,1,3332.8624137931,127.868210212163,Maize,SI,CT,OI,Yes
17.8916664123535,1611.30004882812,12.5539994239807,5.78000021,36.6100006103516,1,3024.37061538462,114.784708132174,Maize,SI,CT,OI,Yes
18.7000007629395,1465.59997558594,11.8180000782013,7.032000065,24.3700008392334,1,2447.97434682292,129.626122124,Maize,SI,CT,OI,Yes
18.3333339691162,1521.80004882812,11.8359994888306,6.43200016,32.2999992370605,1,2516.83185641602,124.916839464756,Maize,SI,CT,OI,Yes
16.3583335876465,1698.59997558594,13.7559998035431,5.670000076,33.2099990844727,1,3019.65184615385,123.394013715348,Maize,SI,CT,OI,Yes
18.3833332061768,1574.5,12.9550004005432,6.243000031,22.1100006103516,1,3481.90248,135.325029167335,Maize,SI,CT,OI,Yes
18.6750011444092,1381.59997558594,10.8000004291534,5.220000267,39.0,1,5511.162,154.8,Maize,SI,CT,OI,Yes
18.6750011444092,1381.59997558594,11.8480002880096,6.180000305,35.5800018310547,1,3071.034,118.972949317914,Maize,SI,CT,OI,Yes
18.6750011444092,1381.59997558594,11.9679999351501,5.880000114,38.2799987792969,1,2605.1740453125,121.589625886258,Maize,SI,CT,OI,Yes
18.75,1257.09997558594,10.3190004825592,7.378000259,25.3199996948242,1,2750.2616105746,132.233181104998,Maize,SI,CT,OI,Yes
19.1000003814697,1305.30004882812,9.20199990272522,6.854000092,24.8152179718018,1,2743.64031614583,126.456583823851,Maize,SI,CT,OI,Yes
18.5666675567627,1415.40002441406,10.8500003814697,5.646000385,35.152172088623,1,2323.71413465625,118.921946035534,Maize,SI,CT,OI,Yes
18.5666675567627,1415.40002441406,11.8140006065369,6.210000038,35.060001373291,1,2245.77369230769,119.394143516766,Maize,SI,CT,OI,Yes
18.75,1257.09997558594,12.4329996109009,6.0,30.1700000762939,1,3548.154,129.285,Maize,SI,CT,OI,Yes
19.0583343505859,1398.09997558594,11.5320003032684,6.777999878,31.0599994659424,1,2800.90668284274,127.492114654381,Maize,SI,CT,OI,Yes
18.25,1396.40002441406,12.2269999980927,6.019000053,27.9200000762939,1,2941.53,126.437423729758,Maize,SI,CT,OI,Yes
17.8166675567627,1263.19995117188,11.1969995498657,5.978000164,22.2399997711182,1,3287.30864347826,120.090207287558,Maize,SI,CT,OI,Yes
17.5750007629395,1311.0,10.4789996147156,6.038000107,22.8400001525879,1,3257.4367826087,130.048560615977,Maize,SI,CT,OI,Yes
17.8166675567627,1263.19995117188,10.5659997463226,5.743999958,24.8600006103516,1,3318.76586577181,125.139979421959,Maize,SI,CT,OI,Yes
16.466667175293,1319.90002441406,11.7239999771118,5.647000313,26.4500007629395,1,3317.28228571429,127.199783406169,Maize,SI,CT,OI,Yes
16.4583339691162,1444.30004882812,14.1199994087219,5.044000149,38.3800010681152,1,3000.1476,109.314875081727,Maize,SI,CT,OI,Yes
15.5583333969116,1490.59997558594,12.694000005722,5.638999939,27.5900001525879,1,3199.72008,121.647880232971,Maize,SI,CT,OI,Yes
14.9250001907349,1679.59997558594,15.7120001316071,5.347000122,26.7600002288818,1,2836.27148571429,116.149655367175,Maize,SI,CT,OI,Yes
17.3833332061768,1450.30004882812,12.1650004386902,6.09800005,30.7999992370605,1,3607.69485818182,132.975729545455,Maize,SI,CT,OI,Yes
18.533332824707,1346.20007324219,9.22800004482269,5.624000072,25.0799999237061,1,3292.59864628821,113.444017467249,Maize,SI,CT,OI,Yes
18.2250003814697,1225.40002441406,10.6659996509552,7.424000263,21.2040824890137,1,3141.09893482337,137.762966598725,Maize,SI,CT,OI,Yes
18.6666660308838,1314.59997558594,9.55200016498566,5.118000031,34.3333320617676,1,3049.35438538044,119.890283914974,Maize,SI,CT,OI,Yes
17.7749996185303,1576.59997558594,12.9040002822876,6.203999996,23.2199993133545,1,3071.46041426256,130.571658327019,Maize,SI,CT,OI,Yes
18.4500007629395,1422.80004882812,11.2960004806519,7.56000042,23.1599998474121,1,3176.3380733945,137.052911441641,Maize,SI,CT,OI,Yes
18.533332824707,1346.20007324219,11.9260001182556,6.318000317,32.8199996948242,1,2893.818,124.829200387414,Maize,SI,CT,OI,Yes
18.158332824707,1227.30004882812,10.0800001621246,7.019999981,21.0,1,2854.05956230603,133.434798701026,Maize,SI,CT,OI,Yes
18.2000007629395,1236.20007324219,11.1249995231628,7.559999943,21.2999992370605,1,3020.87992647321,141.050870364667,Maize,SI,CT,OI,Yes
17.8833332061768,1269.0,10.4879999160767,7.074000359,22.7419357299805,1,3425.466,158.281389115451,Maize,SI,CT,OI,Yes
18.2333335876465,1163.5,9.07299995422363,7.131999969,21.4200000762939,1,3412.76671578947,134.054511428261,Maize,SI,CT,OI,Yes
18.158332824707,1227.30004882812,11.1989998817444,6.946000099,27.0499992370605,1,3009.27592300781,133.075303974812,Maize,SI,CT,OI,Yes
17.3333339691162,1295.0,10.9399998188019,6.065999985,21.8988761901855,1,3115.98275675676,124.202796456477,Maize,SI,CT,OI,Yes
17.3500003814697,1249.90002441406,11.168999671936,6.108000278,34.6599998474121,1,2771.13,156.585202340585,Maize,SI,CT,OI,Yes
18.2333335876465,1163.5,9.89600002765656,7.245999813,21.6000003814697,1,2770.91190321429,137.598595518606,Maize,SI,CT,OI,Yes
17.8000011444092,1256.69995117188,13.0200004577637,5.334000111,44.7799987792969,1,3459.08000816327,127.333569974833,Maize,SI,CT,OI,Yes
16.6666679382324,1376.09997558594,11.2399995326996,5.090000153,23.1299991607666,1,3108.48993273273,121.486567488044,Maize,SI,CT,OI,Yes
18.2000007629395,1236.20007324219,11.088000535965,7.722000122,21.0,1,3352.6408340625,140.447009442216,Maize,SI,CT,OI,Yes
18.341667175293,1268.0,10.8440005779266,5.826000214,34.2065200805664,1,2673.47317241379,123.45624223124,Maize,SI,CT,OI,Yes
16.7250003814697,1264.59997558594,12.4880003929138,4.666000366,42.0638313293457,1,3188.92800245734,125.166746380956,Maize,SI,CT,OI,Yes
18.341667175293,1268.0,3.4060001373291,2.819999933,21.0,1,2893.818,117.369091945974,Maize,SI,CT,OI,Yes
18.9833335876465,1507.30004882812,11.5439999103546,6.164999962,34.1699981689453,1,3249.805539,123.686068978412,Maize,SI,CT,OI,Yes
19.3083343505859,1613.40002441406,13.0900001525879,5.448999882,21.3299999237061,1,3343.72604945455,116.613226363636,Maize,SI,CT,OI,Yes
19.0666675567627,1445.40002441406,12.9460000991821,5.987999916,25.6700000762939,1,2894.99769230769,114.300042876863,Maize,SI,CT,OI,Yes
19.1916675567627,1478.80004882812,10.4139995574951,5.743000031,23.6299991607666,1,3022.44062068966,112.687708267463,Maize,SI,CT,OI,Yes
19.3083343505859,1613.40002441406,12.2380006313324,6.334000111,30.5900001525879,1,3256.41497883756,124.480861854866,Maize,SI,CT,OI,Yes
17.1833343505859,1688.0,12.9879999160767,6.143000126,22.1800003051758,1,3132.89076330275,124.050026473452,Maize,SI,CT,OI,Yes
16.3583335876465,1698.59997558594,10.9640002250671,6.188000202,22.0599994659424,1,3352.34890909091,123.202266561133,Maize,SI,CT,OI,Yes
18.908332824707,1418.40002441406,12.5170004367828,6.117000103,28.8099994659424,1,2673.26803282895,121.302994289879,Maize,SI,CT,OI,Yes
18.4416675567627,1572.90002441406,12.418999671936,5.425000191,40.1399993896484,1,3643.578,135.2,Maize,SI,CT,OI,Yes
18.6333332061768,1336.80004882812,10.0,6.036000252,28.1839084625244,1,3098.298,121.348110366259,Maize,SI,CT,OI,Yes
18.5416679382324,1344.5,10.0569999217987,6.290999889,23.0699996948242,1,3294.45446117647,125.252353840226,Maize,SI,CT,OI,Yes
18.6166667938232,1506.59997558594,12.5279998779297,4.372000217,39.6666679382324,1,3173.15371764706,106.675393989211,Maize,SI,CT,OI,Yes
18.6166667938232,1506.59997558594,10.0380003452301,5.352000237,23.4444446563721,1,2651.99817391304,103.557872141678,Maize,SI,CT,OI,Yes
18.7083339691162,1655.59997558594,11.9840002059937,5.986000061,32.5699996948242,1,3113.58412682927,118.490915958759,Maize,SI,CT,OI,Yes
18.6166667938232,1506.59997558594,10.5640006065369,6.263000011,22.5900001525879,1,3364.122,119.171312409098,Maize,SI,CT,OI,Yes
18.0583343505859,1674.40002441406,12.7639997005463,5.912000179,28.1499996185303,1,3340.57581818182,116.417954545455,Maize,SI,CT,OI,Yes
19.1916675567627,1478.80004882812,11.7379999160767,6.262000084,22.1800003051758,1,2988.74629090909,117.92865388024,Maize,SI,CT,OI,Yes
18.5750007629395,1640.30004882812,11.4320003986359,6.274000168,25.9799995422363,1,3270.87777584223,132.965025515945,Maize,SI,CT,OI,Yes
17.5750007629395,1250.5,13.5399997234344,5.301000118,37.2000007629395,1,2893.818,110.183279241991,Maize,SI,CT,OI,Yes
17.4249992370605,1304.40002441406,13.0099999904633,4.961999893,20.1086959838867,1,2877.914,113.691119491609,Maize,SI,CT,OI,Yes
17.4249992370605,1304.40002441406,11.4310002326965,5.774000168,36.3469390869141,1,3013.15642285714,122.962815897862,Maize,SI,CT,OI,Yes
15.9750003814697,1353.40002441406,12.1930003166199,6.366000175,30.4599990844727,1,3173.57874730539,132.648340713418,Maize,SI,CT,OI,Yes
17.533332824707,1458.30004882812,13.5160005092621,5.418000221,36.8699989318848,1,2916.75532173913,110.377069899825,Maize,SI,CT,OI,Yes
17.658332824707,1233.5,11.4890003204346,6.573999882,20.5200004577637,1,2694.61143157895,131.206919975928,Maize,SI,CT,OI,Yes
16.6499996185303,1234.70007324219,15.5350005626678,5.488999844,36.1300010681152,1,3358.49264096386,131.42919974575,Maize,SI,CT,OI,Yes
17.5750007629395,1250.5,13.6000001430511,5.796000004,20.8199996948242,1,2689.83157241379,130.974914126554,Maize,SI,CT,OI,Yes
17.533332824707,1458.30004882812,14.0759992599487,5.447000027,32.3699989318848,1,2689.338,144.452248622803,Maize,SI,CT,OI,Yes
17.1083335876465,1423.80004882812,16.7399990558624,5.177000046,24.3600006103516,1,2965.09388571429,113.776762995839,Maize,SI,CT,OI,Yes
17.5750007629395,1250.5,14.371999502182,4.963000298,37.939998626709,1,2941.08812599138,121.879467296043,Maize,SI,CT,OI,Yes
18.3833332061768,1300.09997558594,11.6499996185303,6.59800005,31.3500003814697,1,3269.406864,138.641441452105,Maize,SI,CT,OI,Yes
17.1916675567627,1307.5,10.731999874115,5.724999905,26.9699993133545,1,2987.89562962963,128.080910251329,Maize,SI,CT,OI,Yes
17.1916675567627,1307.5,11.5069997310638,5.823999882,22.7900009155273,1,3594.55967644684,132.161525572005,Maize,SI,CT,OI,Yes
17.6166667938232,1309.90002441406,11.139999628067,6.23900032,28.3500003814697,1,3404.41658823529,128.626806111758,Maize,SI,CT,OI,Yes
17.2000007629395,1288.5,15.9809994697571,5.657000065,22.1499996185303,1,2706.378,123.437449443168,Maize,SI,CT,OI,Yes
17.4249992370605,1304.40002441406,13.4080004692078,4.944000244,34.560001373291,1,2861.04721188119,111.179775501036,Maize,SI,CT,OI,Yes
17.658332824707,1233.5,14.864000082016,5.207999706,22.5200004577637,1,2968.53024439919,121.777769947487,Maize,SI,CT,OI,Yes
16.7666664123535,1334.40002441406,14.3089997768402,6.735000134,43.1599998474121,1,3053.17807531616,128.526411942698,Maize,SI,CT,OI,Yes
16.9833335876465,1384.80004882812,12.4440002441406,5.545000076,38.6931800842285,1,3117.83924776926,128.962290169931,Maize,SI,CT,OI,Yes
16.9833335876465,1384.80004882812,15.8980000019073,4.994999886,22.4599990844727,1,2948.06757453581,116.917860055718,Maize,SI,CT,OI,Yes
16.9833335876465,1384.80004882812,14.4640004634857,5.833000183,37.1699981689453,1,3136.08234782609,121.560821226428,Maize,SI,CT,OI,Yes
16.1083335876465,1397.0,15.4750001430511,5.490000248,26.6299991607666,1,3212.07742429906,120.61122426638,Maize,SI,CT,OI,Yes
21.3083343505859,1636.30004882812,11.0679996013641,6.511000156,29.7299995422363,1,2822.5829105921,123.518799475856,Maize,SI,CT,OI,Yes
20.1833343505859,1705.80004882812,10.3359997272491,5.711999893,23.1599998474121,1,2775.24405368535,116.801036247949,Maize,SI,CT,OI,Yes
19.6166667938232,1598.60009765625,10.6239998340607,5.52300024,26.9400005340576,1,2780.53997866071,115.907337429587,Maize,SI,CT,OI,Yes
20.7916679382324,1834.69995117188,11.2999999523163,5.747000217,32.939998626709,1,2663.2299936,115.571269604661,Maize,SI,CT,OI,Yes
19.841667175293,1746.59997558594,11.4919996261597,5.707000256,24.9699993133545,1,2851.46195615302,119.271762049634,Maize,SI,CT,OI,Yes
20.7916679382324,1834.69995117188,11.8579995632172,5.296999931,37.7200012207031,1,2423.4826934375,111.734581846262,Maize,SI,CT,OI,Yes
19.1000003814697,1639.70007324219,10.3120005130768,5.654000282,23.2199993133545,1,2927.75815862903,119.314970126599,Maize,SI,CT,OI,Yes
19.8833332061768,1578.40002441406,9.83699977397919,7.340000153,21.5400009155273,1,2956.141684625,133.633886383213,Maize,SI,CT,OI,Yes
23.9333343505859,2123.40014648438,8.93700003623962,5.797999859,23.0681819915771,1,2513.32843699219,111.710798411127,Maize,SI,CT,OI,Yes
22.9916667938232,1556.0,8.63700032234192,5.005000114,27.6428565979004,1,2500.902864,107.075729937665,Maize,SI,CT,OI,Yes
22.9916667938232,1556.0,8.94900023937225,6.0,23.1219520568848,1,2934.89806195312,115.759329292572,Maize,SI,CT,OI,Yes
23.5,1903.80004882812,11.2000000476837,7.800000191,21.0,1,2705.3019728125,131.157455009706,Maize,SI,CT,OI,Yes
23.9166660308838,1712.20007324219,8.77300024032593,6.640000343,24.3707866668701,1,2958.90955346591,120.355385053587,Maize,SI,CT,OI,Yes
23.3583335876465,1804.69995117188,9.7460001707077,6.084000111,26.294116973877,1,2638.44702159375,115.167165854262,Maize,SI,CT,OI,Yes
23.5666675567627,1737.5,10.1919996738434,5.826000214,30.1954021453857,1,2456.32994181818,112.173434095551,Maize,SI,CT,OI,Yes
23.9333343505859,2123.40014648438,5.67600011825562,5.174000263,22.5757579803467,1,2439.4464,108.873580002907,Maize,SI,CT,OI,Yes
23.6416664123535,1961.80004882812,11.172000169754,6.06799984,29.7800006866455,1,2294.72655725962,118.465354511648,Maize,SI,CT,OI,Yes
23.6416664123535,1961.80004882812,10.4439997673035,6.876000404,23.7173919677734,1,2333.50904330357,126.403005854613,Maize,SI,CT,OI,Yes
23.5666675567627,1737.5,8.73600006103516,6.742000103,22.3033714294434,1,2360.44327445312,123.247893730196,Maize,SI,CT,OI,Yes
23.158332824707,2031.10009765625,11.6999995708466,6.440000057,31.4899997711182,1,2181.31620089286,122.798419471676,Maize,SI,CT,OI,Yes
24.4833335876465,1630.70007324219,11.7339992523193,5.500999928,24.9699993133545,1,2823.86563951389,111.092903868522,Maize,SI,CT,OI,Yes
25.3000011444092,1636.10009765625,12.7069997787476,4.96600008,21.7926826477051,1,2668.080023125,107.701720801041,Maize,SI,CT,OI,Yes
23.9750003814697,1691.59997558594,11.0350000858307,6.247000217,22.9400005340576,1,2610.44459543586,118.617844390893,Maize,SI,CT,OI,Yes
24.8000011444092,1634.70007324219,9.50299978256226,5.964000225,22.1739139556885,1,2898.81908872159,112.136235965403,Maize,SI,CT,OI,Yes
24.6916675567627,1812.40002441406,8.12900006771088,4.967000008,21.987340927124,1,2852.134388125,104.660908186943,Maize,SI,CT,OI,Yes
24.2416667938232,1846.69995117188,11.2549996376038,6.815000057,22.6399993896484,1,2819.2963778125,126.466936062845,Maize,SI,CT,OI,Yes
24.2416667938232,1846.69995117188,10.5140006542206,5.573999882,27.8899993896484,1,2524.47583517857,109.164026222659,Maize,SI,CT,OI,Yes
24.2416667938232,1846.69995117188,11.2590003013611,6.595000267,26.4300003051758,1,2597.50408647321,122.974310058372,Maize,SI,CT,OI,Yes
23.4583339691162,1820.10009765625,10.3880000114441,6.291999817,23.3199996948242,1,2668.56494117788,118.808696069346,Maize,SI,CT,OI,Yes
22.408332824707,1606.90002441406,10.1380002498627,5.147999763,27.9899997711182,1,2569.8073449496,108.686873677753,Maize,SI,CT,OI,Yes
22.408332824707,1606.90002441406,12.3759996891022,5.28000021,42.0,1,2799.16405860417,109.891039341792,Maize,SI,CT,OI,Yes
22.8250007629395,1610.80004882812,12.5720000267029,4.860000134,45.5,1,2784.99491930357,110.917454481413,Maize,SI,CT,OI,Yes
22.8250007629395,1610.80004882812,10.7519996166229,5.226000309,35.8131866455078,1,2754.73175722356,109.467064584956,Maize,SI,CT,OI,Yes
23.3583335876465,1804.69995117188,11.7040002346039,6.720000267,30.0,1,2598.15938477679,125.480409780998,Maize,SI,CT,OI,Yes
23.4500007629395,2469.30004882812,10.9210002422333,7.058000088,24.4141407012939,1,3012.12922275,130.358958942964,Maize,SI,CT,OI,Yes
22.9333343505859,2271.5,10.2499997615814,6.374000072,23.625,1,2701.46035299107,121.610718331807,Maize,SI,CT,OI,Yes
23.3500003814697,2418.30004882812,10.8640003204346,6.447999954,25.7299995422363,1,2726.95520360054,122.008459105215,Maize,SI,CT,OI,Yes
21.8500003814697,2020.10009765625,12.1659994125366,5.730000019,38.25,1,2370.08359844758,113.433592713157,Maize,SI,CT,OI,Yes
21.341667175293,1529.60009765625,10.090000629425,5.657999992,24.1200008392334,1,2911.845867375,112.91643799904,Maize,SI,CT,OI,Yes
22.216667175293,1638.0,10.6080007553101,6.501999855,23.3799991607666,1,2899.14274988636,123.248811009645,Maize,SI,CT,OI,Yes
22.0666675567627,1768.80004882812,11.3940000534058,6.262000084,32.3600006103516,1,2727.59969439583,120.193989710535,Maize,SI,CT,OI,Yes
20.966667175293,1637.90002441406,10.8200001716614,5.220000267,29.2900009155273,1,3074.75383699219,111.61578493256,Maize,SI,CT,OI,Yes
21.2416667938232,1614.90002441406,10.8619999885559,5.137000084,26.1200008392334,1,2934.98664950893,111.236873773875,Maize,SI,CT,OI,Yes
22.3916664123535,1602.70007324219,11.0740005970001,7.565999985,21.3600006103516,1,2900.08870789773,132.76099930434,Maize,SI,CT,OI,Yes
23.216667175293,2191.69995117188,11.0599994659424,6.192000389,31.1063823699951,1,2580.41002283967,119.978794706398,Maize,SI,CT,OI,Yes
22.5249996185303,1866.0,10.6500005722046,6.308000088,25.3099994659424,1,2713.09982011364,119.39871826858,Maize,SI,CT,OI,Yes
23.6333332061768,1880.30004882812,10.2320003509521,6.839000225,26.5799999237061,1,2852.52472964286,124.22626325785,Maize,SI,CT,OI,Yes
21.875,1940.0,10.2480006217957,6.032000065,23.7199993133545,1,2490.43704012228,116.560823553611,Maize,SI,CT,OI,Yes
22.1750011444092,1717.70007324219,11.8019998073578,5.277999878,38.1300010681152,1,2867.74716083882,109.485981559563,Maize,SI,CT,OI,Yes
20.7916679382324,1834.69995117188,11.7960000038147,5.585999966,23.1200008392334,1,2671.7474422379,115.993497151563,Maize,SI,CT,OI,Yes
21.375,1834.20007324219,12.0319998264313,5.113000393,41.5400009155273,1,2876.97066071875,110.379793518058,Maize,SI,CT,OI,Yes
22.3000011444092,1995.40002441406,10.4159998893738,6.06400013,24.6900005340576,1,2534.92914336397,116.618368473084,Maize,SI,CT,OI,Yes
24.1083335876465,2342.0,10.789999961853,6.145999908,25.6000003814697,1,2353.36371838542,117.766536721262,Maize,SI,CT,OI,Yes
23.3833332061768,2174.10009765625,11.0909998416901,7.051000118,25.6499996185303,1,2393.04332980168,130.759673587191,Maize,SI,CT,OI,Yes
21.8000011444092,2079.80004882812,10.485999584198,6.473999977,23.0400009155273,1,2242.95815583984,122.437761245315,Maize,SI,CT,OI,Yes
21.1833343505859,1723.09997558594,11.6000008583069,6.455999851,37.0800018310547,1,2792.80747435268,122.798641824147,Maize,SI,CT,OI,Yes
19.6750011444092,1679.09997558594,13.5679996013641,4.890000343,32.5800018310547,1,2808.09608819196,117.589284803675,Maize,SI,CT,OI,Yes
19.6750011444092,1679.09997558594,11.139999628067,5.629000187,24.3600006103516,1,2810.361094375,119.848096750616,Maize,SI,CT,OI,Yes
21.7583332061768,1804.40002441406,11.6680002212524,5.867000103,35.4799995422363,1,2549.07540328125,115.681187919745,Maize,SI,CT,OI,Yes
19.6750011444092,1679.09997558594,10.42799949646,5.611000061,25.7299995422363,1,2920.28453132812,116.259224479664,Maize,SI,CT,OI,Yes
22.1083335876465,1366.20007324219,10.5309998989105,6.446000099,23.3400001525879,1,2808.07645355114,125.501118099571,Maize,SI,CT,OI,Yes
22.216667175293,1638.0,10.304000377655,7.046000004,21.3440856933594,1,2865.2698629375,127.906687431778,Maize,SI,CT,OI,Yes
22.5249996185303,1866.0,11.3460004329681,5.90199995,31.9500007629395,1,2795.23592,116.498342106122,Maize,SI,CT,OI,Yes
22.9750003814697,1703.60009765625,10.5340003967285,6.677000046,24.7700004577637,1,2885.66605734375,123.865280871224,Maize,SI,CT,OI,Yes
22.9750003814697,1703.60009765625,11.1469995975494,7.388000011,22.6299991607666,1,2686.78425044643,132.634024080751,Maize,SI,CT,OI,Yes
23.2250003814697,1846.5,10.9340000152588,5.68200016,30.1700000762939,1,2424.60845866071,112.024490025217,Maize,SI,CT,OI,Yes
22.8250007629395,1610.80004882812,10.9899997711182,4.510000229,42.2777786254883,1,2823.14551651442,110.032690747905,Maize,SI,CT,OI,Yes
23.2916679382324,1892.0,13.3689999580383,5.413000107,28.2600002288818,1,2801.92426724432,110.595092449686,Maize,SI,CT,OI,Yes
22.6750011444092,1203.40002441406,9.89800035953522,5.381999969,24.7199993133545,1,2900.40227097656,110.671032773486,Maize,SI,CT,OI,Yes
21.4416675567627,1337.0,9.93600010871887,5.434000015,46.0602416992188,1,2678.19231402985,118.480009820178,Maize,SI,CT,OI,Yes
22.1333332061768,1315.5,11.1199998855591,6.534999847,29.7399997711182,1,2918.93016,119.640298985034,Maize,SI,CT,OI,Yes
22.1333332061768,1315.5,10.8920001983643,7.171999931,22.1700000762939,1,3020.79805544554,125.655599342174,Maize,SI,CT,OI,Yes
22.966667175293,1274.0,11.5849995613098,5.169000149,37.3333320617676,1,3454.08161473088,123.453781869688,Maize,SI,CT,OI,Yes
21.0166664123535,1388.80004882812,12.2319996356964,5.220000267,44.2200012207031,1,4607.3604,194.9415,Maize,SI,CT,OI,Yes
21.7250003814697,1473.90002441406,12.208000421524,5.28000021,43.6800003051758,1,4550.31048,191.405175,Maize,SI,CT,OI,Yes
19.5249996185303,1414.70007324219,12.5619995594025,5.31000042,43.4500007629395,1,2566.13186063348,106.439384755227,Maize,SI,CT,OI,Yes
19.5249996185303,1414.70007324219,12.3759996891022,4.860000134,47.4599990844727,1,2685.7028,104.396633645942,Maize,SI,CT,OI,Yes
18.0,1472.40002441406,12.3759996891022,4.860000134,47.4599990844727,1,2600.3169530625,113.96911656052,Maize,SI,CT,OI,Yes
20.1333332061768,1705.30004882812,12.2630000114441,6.427000046,37.1199989318848,1,2466.036752,119.000633460327,Maize,SI,CT,OI,Yes
20.2416667938232,1625.30004882812,12.1319997310638,5.624000072,43.7299995422363,1,2307.03673720313,110.574578533917,Maize,SI,CT,OI,Yes
20.2416667938232,1625.30004882812,12.0080006122589,6.238000393,33.3199996948242,1,3143.41916685083,116.545449662816,Maize,SI,CT,OI,Yes
18.1833343505859,1528.0,11.7720007896423,6.413000107,43.1300010681152,1,2859.0564,122.603716535713,Maize,SI,CT,OI,Yes
18.091667175293,1536.20007324219,15.8229994773865,6.225000381,31.7800006866455,1,2699.39841649306,122.936453914961,Maize,SI,CT,OI,Yes
20.1416664123535,1528.30004882812,15.0250005722046,4.809000015,47.439998626709,1,3016.92481445783,107.809995917971,Maize,SI,CT,OI,Yes
18.7083339691162,1655.59997558594,13.1340003013611,5.258999825,22.4500007629395,1,2796.51402690341,113.260307397696,Maize,SI,CT,OI,Yes
16.8583335876465,1563.20007324219,19.6319997310638,4.802000046,48.0999984741211,1,2976.13096815287,113.625405576973,Maize,SI,CT,OI,Yes
15.5583333969116,1490.59997558594,14.4749999046326,6.349999905,21.7600002288818,1,3458.1828,148.228778234724,Maize,SI,CT,OI,Yes
20.1333332061768,1705.30004882812,12.5960004329681,5.584000111,37.0,1,3000.7812,109.185918729192,Maize,SI,CT,OI,Yes
20.1333332061768,1705.30004882812,12.2800004482269,6.267000198,39.8400001525879,1,3098.298,120.675161614378,Maize,SI,CT,OI,Yes
22.466667175293,1532.80004882812,12.8760004043579,5.791999817,21.1000003814697,1,2532.7537790625,109.610727571015,Maize,SI,CT,OI,Yes
22.6416664123535,1635.5,10.7490003108978,5.088999748,22.6413040161133,1,3257.7924,111.2865,Maize,SI,CT,OI,Yes
20.4166679382324,1705.30004882812,12.1570003032684,5.907000065,35.7599983215332,1,2635.09286150391,112.412117535665,Maize,SI,CT,OI,Yes
22.2416667938232,1835.09997558594,10.220000743866,5.247999668,28.0599994659424,1,2628.04255734375,101.498828662392,Maize,SI,CT,OI,Yes
23.7583332061768,1722.30004882812,8.88000011444092,6.78000021,32.5999984741211,1,2553.02072240625,118.034197568457,Maize,SI,CT,OI,Yes
22.75,1419.5,11.1539995670319,6.306000233,27.6800003051758,1,2216.15692702303,115.969436564007,Maize,SI,CT,OI,Yes
22.3250007629395,1635.30004882812,12.7250003814697,5.065999985,34.09375,1,2004.37089017578,104.8816386719,Maize,SI,CT,OI,Yes
22.9750003814697,1693.70007324219,10.3460001945496,6.213999748,23.4400005340576,1,3291.09342857143,114.426061687091,Maize,SI,CT,OI,Yes
22.5833339691162,1645.69995117188,10.0100004673004,5.589999676,24.3999996185303,1,3123.29,110.934073127513,Maize,SI,CT,OI,Yes
21.1666679382324,1658.80004882812,9.52100038528442,5.847000122,22.7191009521484,1,2547.79846088542,110.666355173923,Maize,SI,CT,OI,Yes
22.5249996185303,1638.0,12.0440006256104,6.477000237,20.9489803314209,1,2592.21851583984,117.964423564215,Maize,SI,CT,OI,Yes
22.25,1755.09997558594,7.99700021743774,7.18900013,16.3899993896484,1,2908.68927272727,126.590438671632,Maize,SI,CT,OI,Yes
22.7833347320557,1699.69995117188,10.6379997730255,5.605999947,29.2999992370605,1,2403.21595699219,105.169357031274,Maize,SI,CT,OI,Yes
22.5833339691162,1645.69995117188,10.628000497818,6.78000021,22.5599994659424,1,3301.31742857143,125.908504343056,Maize,SI,CT,OI,Yes
22.375,1590.0,10.5460000038147,6.473999977,24.0,1,2589.62221085937,115.560800413662,Maize,SI,CT,OI,Yes
22.1666679382324,1665.80004882812,10.1779997348785,5.90199995,23.9200000762939,1,2412.19337171875,108.320694627796,Maize,SI,CT,OI,Yes
22.7749996185303,1128.90002441406,10.184999704361,5.919000149,24.2299995422363,1,2959.73383699219,115.095653359058,Maize,SI,CT,OI,Yes
22.2000007629395,1193.70007324219,12.1060001850128,5.834000111,36.560001373291,1,2751.46657553957,120.341275199454,Maize,SI,CT,OI,Yes
20.841667175293,1226.59997558594,26.8079996109009,5.387000084,44.4599990844727,1,2646.42012376682,115.741793010466,Maize,SI,CT,OI,Yes
20.2250003814697,1266.5,13.9690005779266,6.309999943,45.8699989318848,1,2729.30232331035,125.107384533919,Maize,SI,CT,OI,Yes
20.783332824707,1219.90002441406,27.5160002708435,4.800000191,48.8800010681152,1,2839.0881042654,116.434806405359,Maize,SI,CT,OI,Yes
19.1416664123535,1298.60009765625,12.0480000972748,5.562000275,43.6199989318848,1,2979.20559079646,121.904312249992,Maize,SI,CT,OI,Yes
20.7999992370605,1134.40002441406,21.5599989891052,5.079999924,38.8400001525879,1,2943.61716972973,111.281910971242,Maize,SI,CT,OI,Yes
19.6333332061768,1007.70001220703,30.699999332428,4.800000191,50.0,1,3061.18488,122.707797802038,Maize,SI,CT,OI,Yes
19.1499996185303,1091.20007324219,23.9479994773865,4.885000229,48.7799987792969,1,2886.89111770335,120.974808664975,Maize,SI,CT,OI,Yes
20.6666660308838,1668.59997558594,11.9400000572205,6.167000294,40.1300010681152,1,2747.70601622596,113.765815833289,Maize,SI,CT,OI,Yes
20.4166679382324,1705.30004882812,16.0989999771118,5.160000324,45.1800003051758,1,2641.11734328358,103.105941044996,Maize,SI,CT,OI,Yes
19.3916664123535,1694.0,11.8879997730255,6.177999973,37.5999984741211,1,2964.86851990172,122.384083275136,Maize,SI,CT,OI,Yes
19.3916664123535,1694.0,8.96000027656555,4.824000359,30.0,1,2752.79276129032,109.049997712962,Maize,SI,CT,OI,Yes
20.8166675567627,1392.0,12.0120000839233,5.624000072,45.9799995422363,1,2771.76111111111,115.820760239411,Maize,SI,CT,OI,Yes
19.8999996185303,1296.40002441406,21.4359998703003,5.208000183,47.5999984741211,1,2696.30114786151,116.2969575856,Maize,SI,CT,OI,Yes
18.4500007629395,1206.90002441406,21.0330009460449,5.365000248,46.3499984741211,1,2893.88197139665,119.461461467874,Maize,SI,CT,OI,Yes
19.4916667938232,1235.5,20.3349995613098,5.865000248,45.75,1,2474.25017847076,127.014841102895,Maize,SI,CT,OI,Yes
19.4916667938232,1235.5,16.5600001811981,5.21600008,45.3600006103516,1,2892.47901395833,116.140520331349,Maize,SI,CT,OI,Yes
20.2333335876465,1387.70007324219,11.9280004501343,6.532999992,43.7000007629395,1,2657.01960399667,124.585267913733,Maize,SI,CT,OI,Yes
20.8166675567627,1392.0,9.26400005817413,4.30700016,47.1578941345215,1,2612.66849691992,111.656574288635,Maize,SI,CT,OI,Yes
20.8916664123535,1273.09997558594,9.9260002374649,5.434000015,24.6399993896484,1,2719.10788235294,121.410936421295,Maize,SI,CT,OI,Yes
21.4416675567627,1337.0,11.4560008049011,6.40899992,39.2200012207031,1,2846.07325326012,126.593444439561,Maize,SI,CT,OI,Yes
21.4416675567627,1337.0,13.688999414444,5.290999889,22.0400009155273,1,2655.09682004008,111.191218035087,Maize,SI,CT,OI,Yes
22.2083339691162,1378.20007324219,10.9790003299713,5.197000027,29.4400005340576,1,2470.01729408381,105.973558993724,Maize,SI,CT,OI,Yes
20.3333339691162,1342.59997558594,12.3010003566742,6.138999939,40.4343452453613,1,2724.26988075577,125.725349654027,Maize,SI,CT,OI,Yes
21.6166667938232,1532.09997558594,12.3049998283386,5.029000282,47.1399993896484,1,3141.36931914894,106.237525829503,Maize,SI,CT,OI,Yes
21.6166667938232,1532.09997558594,12.2479999065399,5.193000317,42.8300018310547,1,2996.09295384615,106.767400409503,Maize,SI,CT,OI,Yes
19.625,1687.19995117188,12.2049999237061,4.805000305,43.2900009155273,1,2575.52899375,108.40634935028,Maize,SI,CT,OI,Yes
21.8166675567627,1320.80004882812,13.3720004558563,5.552999973,24.8999996185303,1,3016.506,118.019157426291,Maize,SI,CT,OI,Yes
23.25,1321.40002441406,12.0620000362396,5.427999973,42.1599998474121,1,2848.62791583984,109.147276341837,Maize,SI,CT,OI,Yes
22.875,1256.09997558594,12.202000617981,5.743999958,41.4700012207031,1,3162.82020342857,119.007064146538,Maize,SI,CT,OI,Yes
23.25,1321.40002441406,10.6400001049042,6.311999798,24.9200000762939,1,2697.54142875,115.934296378685,Maize,SI,CT,OI,Yes
22.8916664123535,1249.80004882812,12.3080003261566,5.578999996,45.1199989318848,1,2958.90738867188,112.207811764592,Maize,SI,CT,OI,Yes
22.375,1230.30004882812,12.0240008831024,6.315999985,43.6800003051758,1,2943.98625365854,120.946997957525,Maize,SI,CT,OI,Yes
21.8333339691162,1221.09997558594,11.3520002365112,6.513000011,41.3125,1,3024.49045714286,124.858107581312,Maize,SI,CT,OI,Yes
22.8916664123535,1249.80004882812,9.85599994659424,5.303999901,24.8400001525879,1,3092.44863272727,112.823661038086,Maize,SI,CT,OI,Yes
17.1333332061768,1342.5,10.9380006790161,6.006999969,20.5108699798584,1,3402.10713450609,131.746396790455,Maize,SI,CT,OI,Yes
17.9166660308838,1125.59997558594,10.353000164032,3.996000051,21.7088603973389,1,3256.28182702703,144.590292992904,Maize,SI,CT,OI,Yes
17.9500007629395,1130.59997558594,11.6490006446838,6.640999794,20.5499992370605,1,3186.2244,139.194010443516,Maize,SI,CT,OI,Yes
18.125,1194.70007324219,8.75800013542175,7.93200016,21.0,1,2908.66772777385,144.613262779908,Maize,SI,CT,OI,Yes
18.5,1113.0,12.454000711441,6.774000168,20.6200008392334,1,3009.90052979167,150.259815052019,Maize,SI,CT,OI,Yes
17.9500007629395,1130.59997558594,10.2929997444153,5.582000256,27.8539333343506,1,3408.38590588235,128.941055331917,Maize,SI,CT,OI,Yes
15.0083332061768,1427.0,13.4730005264282,5.117000103,20.9899997711182,1,3041.41340425532,143.434388680987,Maize,SI,CT,OI,Yes
17.9166660308838,1125.59997558594,12.8170001506805,6.477000237,20.5100002288818,1,3069.10578947368,150.490627277077,Maize,SI,CT,OI,Yes
19.216667175293,1125.80004882812,7.97100007534027,6.201000214,20.9135799407959,1,3075.7413,131.587322227143,Maize,SI,CT,OI,Yes
18.5750007629395,1196.40002441406,12.5190007686615,6.203999996,20.4799995422363,1,3054.18638709677,136.636307021147,Maize,SI,CT,OI,Yes
19.2333335876465,1130.70007324219,12.2300004959106,6.700000286,20.8999996185303,1,3570.59968479263,133.047140893773,Maize,SI,CT,OI,Yes
15.4083337783813,1193.59997558594,12.6209998130798,5.391000271,28.0699996948242,1,3179.5524,140.404037875476,Maize,SI,CT,OI,Yes
11.5583333969116,1312.20007324219,9.38199996948242,6.342000008,21.7199993133545,1,3279.02527272727,151.393641971128,Maize,SI,CT,OI,Yes
15.5166664123535,1248.09997558594,10.430999994278,4.471000195,20.2597408294678,1,3444.95976,146.114763341683,Maize,SI,CT,OI,Yes
17.8083343505859,1154.40002441406,10.5570006370544,7.28000021,20.7800006866455,1,3025.05511356784,149.256558476548,Maize,SI,CT,OI,Yes
15.4416666030884,1387.19995117188,7.54400014877319,6.40899992,20.8470592498779,1,2972.0388,141.133341823732,Maize,SI,CT,OI,Yes
17.1666660308838,1351.5,12.1189999580383,5.380000114,20.296703338623,1,3105.38749467085,123.623731823285,Maize,SI,CT,OI,Yes
15.716667175293,1267.40002441406,11.7789995670319,5.544000149,34.9897956848145,1,3067.87689570552,157.05716849901,Maize,SI,CT,OI,Yes
15.625,1228.90002441406,11.7750000953674,6.385000229,44.75,1,3146.96890494297,142.658780525282,Maize,SI,CT,OI,Yes
15.625,1228.90002441406,11.5110003948212,5.460999966,29.5699996948242,1,3273.27445714286,144.540486200589,Maize,SI,CT,OI,Yes
15.4416666030884,1387.19995117188,12.1329998970032,5.493000031,21.9899997711182,1,2876.26748987854,160.840912950584,Maize,SI,CT,OI,Yes
15.875,1402.30004882812,13.6319994926453,5.642000198,23.2299995422363,1,2829.4896972973,124.745255805966,Maize,SI,CT,OI,Yes
15.8500003814697,1342.5,12.2920000553131,5.019999981,22.4699993133545,1,2930.1132,117.840968126923,Maize,SI,CT,OI,Yes
15.6500005722046,1337.59997558594,7.61500000953674,6.715000153,16.4099998474121,1,3089.51042975207,146.086114589021,Maize,SI,CT,OI,Yes
17.2999992370605,1044.70007324219,8.24000000953674,7.960000038,21.0,1,2862.09826821429,154.154221336804,Maize,SI,CT,OI,Yes
17.2999992370605,1044.70007324219,9.56000030040741,7.592999935,24.9699993133545,1,3041.22980438449,153.730267569863,Maize,SI,CT,OI,Yes
17.5583324432373,1447.20007324219,11.7949998378754,6.592999935,23.7399997711182,1,2505.54456,138.2953010552,Maize,SI,CT,OI,Yes
17.3666667938232,1143.40002441406,10.6819999217987,7.532000065,21.2000007629395,1,3140.48165743073,144.797538220369,Maize,SI,CT,OI,Yes
16.908332824707,1547.20007324219,24.293999671936,6.346000195,29.1399993896484,1,3120.85094117647,128.915062957662,Maize,SI,CT,OI,Yes
18.4583339691162,1477.70007324219,13.4020006656647,5.843999863,20.4599990844727,1,3061.87241295547,118.718951162985,Maize,SI,CT,OI,Yes
15.1916666030884,1040.80004882812,10.1429998874664,6.769000053,24.0200004577637,1,3033.24306666667,147.76874505249,Maize,SI,CT,OI,Yes
18.283332824707,871.100036621094,11.1779999732971,5.880000114,34.7099990844727,1,3233.81611764706,166.239283943122,Maize,SI,CT,OI,Yes
18.8250007629395,1161.30004882812,10.7959997653961,5.896999836,20.6206893920898,1,2989.242,131.188150623719,Maize,SI,CT,OI,Yes
17.033332824707,1144.09997558594,12.8639996051788,5.020999908,21.7099990844727,1,2976.68791239488,135.488888986423,Maize,SI,CT,OI,Yes
15.7750005722046,1153.5,9.62599992752075,6.894999981,21.1100006103516,1,3143.2488244898,156.069252749713,Maize,SI,CT,OI,Yes
13.4916667938232,869.700012207031,14.5000004768372,5.099999905,20.0,1,3275.79407987216,162.668018639042,Maize,SI,CT,OI,Yes
14.1666669845581,844.700012207031,12.3650002479553,5.506000042,21.9400005340576,1,2596.7498540146,171.925984644772,Maize,SI,CT,OI,Yes
14.3583335876465,1063.69995117188,11.7930006980896,6.607999802,20.5400009155273,1,3213.62139512195,167.049875338513,Maize,SI,CT,OI,Yes
13.1000003814697,779.100036621094,10.7200002670288,5.604000092,16.3999996185303,1,2642.41623,167.289445990947,Maize,SI,CT,OI,Yes
18.0833339691162,1134.80004882812,8.38800013065338,7.952000141,21.0,1,3080.4340109589,144.408170361159,Maize,SI,CT,OI,Yes
17.8000011444092,1112.59997558594,7.64800012111664,7.992000103,21.0,1,3289.91184269663,158.537224887818,Maize,SI,CT,OI,Yes
18.1083335876465,1302.30004882812,13.1470000743866,6.207000256,20.4099998474121,1,3058.92319892183,130.999138112281,Maize,SI,CT,OI,Yes
18.1083335876465,1302.30004882812,13.8069999217987,5.666999817,20.2099990844727,1,3373.60652830189,138.926739740729,Maize,SI,CT,OI,Yes
16.9833335876465,1599.20007324219,11.7139995098114,5.710000038,21.9099998474121,1,2923.24409860465,124.297335730225,Maize,SI,CT,OI,Yes
17.1000003814697,1469.5,12.9449999332428,6.343999863,20.4599990844727,1,2764.74,125.706726579439,Maize,SI,CT,OI,Yes
17.4583339691162,1686.0,11.2310004234314,6.701000214,19.4400005340576,1,3038.25992268908,132.502483824204,Maize,SI,CT,OI,Yes
15.3583335876465,1274.90002441406,12.6289999485016,5.710000038,21.0499992370605,1,3018.97071428571,133.41147922955,Maize,SI,CT,OI,Yes
12.5250005722046,1282.30004882812,10.2330005168915,5.458000183,21.8125,1,2929.62286530612,140.537365371274,Maize,SI,CT,OI,Yes
15.3583335876465,1274.90002441406,10.949000120163,6.445000172,20.7399997711182,1,2448.66504,130.566921782732,Maize,SI,CT,OI,Yes
15.3916673660278,1611.30004882812,12.8090000152588,6.254000187,20.7399997711182,1,2877.4596,127.178784226968,Maize,SI,CT,OI,Yes
17.9500007629395,1164.20007324219,8.98400008678436,7.471000195,20.6700000762939,1,3189.13564067797,149.245751069064,Maize,SI,CT,OI,Yes
17.9500007629395,1164.20007324219,8.12900006771088,7.96600008,21.0,1,2709.82730909091,144.575590978934,Maize,SI,CT,OI,Yes
17.9500007629395,1164.20007324219,7.8329998254776,7.940000057,20.6399993896484,1,3372.91464,142.685742349926,Maize,SI,CT,OI,Yes
17.6750011444092,1102.70007324219,8.46199989318848,7.947999954,21.0,1,2675.04687032967,154.131862068097,Maize,SI,CT,OI,Yes
16.6000003814697,1165.30004882812,8.03099989891052,7.964000225,20.7299995422363,1,2827.29384,147.757408100766,Maize,SI,CT,OI,Yes
17.091667175293,1283.90002441406,6.46899998188019,5.677000046,20.8533325195312,1,3323.01893164557,129.355794375555,Maize,SI,CT,OI,Yes
15.3916673660278,1611.30004882812,11.1699998378754,7.173999786,18.3500003814697,1,3126.9252,143.526275103859,Maize,SI,CT,OI,Yes
17.4583339691162,1686.0,10.5680000782013,6.62100029,24.8099994659424,1,3093.754,125.951616209741,Maize,SI,CT,OI,Yes
18.7666664123535,1273.59997558594,13.2790005207062,6.098999977,20.3700008392334,1,2997.60672426036,130.426464057987,Maize,SI,CT,OI,Yes
17.9750003814697,1139.80004882812,12.9100000858307,5.165999889,21.5,1,2973.99150853595,128.840400535703,Maize,SI,CT,OI,Yes
17.9750003814697,1139.80004882812,13.6849999427795,5.460999966,22.6000003814697,1,3175.19791245283,134.352266033021,Maize,SI,CT,OI,Yes
17.033332824707,1144.09997558594,13.2360005378723,5.612999916,24.7399997711182,1,3209.15322352941,128.525505309443,Maize,SI,CT,OI,Yes
17.2666664123535,1292.80004882812,11.9690001010895,6.775000095,20.6100006103516,1,2773.4304,141.767106722968,Maize,SI,CT,OI,Yes
17.783332824707,1227.0,13.8069999217987,5.666999817,20.2099990844727,1,3020.27388125,133.510694199704,Maize,SI,CT,OI,Yes
18.1750011444092,1097.5,12.2100007534027,6.803999901,20.6565647125244,1,3409.38024,147.636779226724,Maize,SI,CT,OI,Yes
18.6166667938232,1088.09997558594,13.6090004444122,5.828999996,20.2700004577637,1,3181.65010666667,134.909095271973,Maize,SI,CT,OI,Yes
17.783332824707,1227.0,13.0659997463226,5.732999802,20.8799991607666,1,3441.47911041916,132.799015441942,Maize,SI,CT,OI,Yes
17.783332824707,1227.0,13.452000617981,5.540999889,28.2700004577637,1,2994.94518367347,122.540814450473,Maize,SI,CT,OI,Yes
16.9750003814697,1326.40002441406,14.3350005149841,5.235000134,20.0499992370605,1,3855.82659759036,148.356548192771,Maize,SI,CT,OI,Yes
16.9750003814697,1326.40002441406,10.9080004692078,6.907999992,20.6399993896484,1,3225.70476923077,158.345581901722,Maize,SI,CT,OI,Yes
17.6499996185303,1296.0,14.0710008144379,5.450999737,20.1299991607666,1,3307.20645257143,139.411787306446,Maize,SI,CT,OI,Yes
18.125,1230.90002441406,13.3120000362396,6.072000027,20.3600006103516,1,3305.23176,146.257832355075,Maize,SI,CT,OI,Yes
13.1666669845581,1171.09997558594,13.1090009212494,6.31400013,40.7200012207031,1,3326.26942325581,152.661269964745,Maize,SI,CT,OI,Yes
16.908332824707,1547.20007324219,10.9150004386902,7.184999943,20.75,1,2370.3083084375,141.648755163956,Maize,SI,CT,OI,Yes
13.1916666030884,1239.59997558594,10.4680001735687,6.519999981,22.9300003051758,1,3494.24563636364,142.329494083393,Maize,SI,CT,OI,Yes
12.1083335876465,1125.30004882812,11.9200003147125,6.833000183,33.7400016784668,1,3006.62104631218,145.282282649568,Maize,SI,CT,OI,Yes
10.1416664123535,917.700012207031,12.8519999980927,5.834000111,22.7000007629395,1,3475.45,181.217980645107,Maize,SI,CT,OI,Yes
11.8250007629395,1085.0,8.30399990081787,7.705999851,20.9799995422363,1,3089.39250491803,163.637581397834,Maize,SI,CT,OI,Yes
11.8250007629395,1085.0,13.429000377655,5.43599987,20.7700004577637,1,3162.94006451613,174.538110285418,Maize,SI,CT,OI,Yes
11.8250007629395,1085.0,16.1570012569427,7.130000114,20.1100006103516,1,2919.378,148.531719353178,Maize,SI,CT,OI,Yes
16.3916664123535,1299.0,12.7369999885559,5.97699976,20.3099994659424,1,2992.83134311927,128.202850215259,Maize,SI,CT,OI,Yes
14.2833337783813,1154.30004882812,14.1159999370575,5.336999893,20.1800003051758,1,3170.78263448276,146.618882916688,Maize,SI,CT,OI,Yes
16.3916664123535,1299.0,8.61000001430511,7.940000057,21.0,1,3306.58876363636,143.408528758733,Maize,SI,CT,OI,Yes
17.9166679382324,1217.0,13.510000705719,5.596000195,21.7399997711182,1,3227.9360346875,135.278072452661,Maize,SI,CT,OI,Yes
18.0666675567627,1044.70007324219,8.53600025177002,7.944000244,21.0,1,2833.89997894737,144.945813859449,Maize,SI,CT,OI,Yes
18.0666675567627,1044.70007324219,8.57299983501434,7.941999912,21.0,1,2949.07487861272,159.514705374979,Maize,SI,CT,OI,Yes
17.9166679382324,1217.0,8.42499971389771,7.949999809,21.0,1,2918.62103076923,147.89128931069,Maize,SI,CT,OI,Yes
11.6833333969116,889.0,9.56300020217896,7.263000011,20.9899997711182,1,2574.9129797983,167.11630992202,Maize,SI,CT,OI,Yes
6.36666679382324,774.700012207031,8.76500010490417,7.34499979,21.3299999237061,1,3181.94890909091,190.131587772375,Maize,SI,CT,OI,Yes
7.52500009536743,782.799987792969,6.74299955368042,7.59499979,21.2700004577637,1,3402.2916,182.904597960594,Maize,SI,CT,OI,Yes
1.77500009536743,745.200012207031,12.1280002593994,7.400000095,20.9200000762939,1,3630.514,203.180947178977,Maize,SI,CT,OI,Yes
6.75833368301392,685.900024414062,6.64399981498718,7.760000229,21.1599998474121,1,3317.0916,196.38053038642,Maize,SI,CT,OI,Yes
3.90833330154419,704.0,6.94999992847443,7.25,21.5,1,3743.7732,205.72373712518,Maize,SI,CT,OI,Yes
3.90833330154419,704.0,6.91100001335144,7.704999924,20.8899993896484,1,4037.24645217391,200.82841781152,Maize,SI,CT,OI,Yes
1.00833332538605,690.799987792969,8.69400024414062,6.626999855,19.0300006866455,1,3739.6836,160.425,Maize,SI,CT,OI,Yes
3.09166669845581,667.700012207031,7.89900004863739,6.763999939,20.9599990844727,1,1919.22722143868,201.037939581854,Maize,SI,CT,OI,Yes
-0.133333370089531,669.900024414062,16.4010000228882,6.809000015,20.9899997711182,1,2686.1190847379,199.634291039468,Maize,SI,CT,OI,Yes
8.41666698455811,903.5,6.81800007820129,7.270999908,21.6100006103516,1,3235.59171428571,157.236071150742,Maize,SI,CT,OI,Yes
3.55833339691162,715.600036621094,6.40599966049194,7.946000099,21.1800003051758,1,3215.14371428571,95.6142857142857,Maize,SI,CT,OI,Yes
1.45000004768372,903.400024414062,9.00799989700317,6.308000088,18.1599998474121,1,3226.098,133.6875,Maize,SI,CT,OI,Yes
3.74166679382324,745.800048828125,6.67199969291687,7.291999817,21.7600002288818,1,3752.634,152.528053277891,Maize,SI,CT,OI,Yes
3.24166679382324,610.700012207031,9.9669998884201,7.191999912,20.8999996185303,1,3030.138,93.375,Maize,SI,CT,OI,Yes
4.84166669845581,737.600036621094,8.36499989032745,7.073999882,25.2099990844727,1,2740.9692,125.49375,Maize,SI,CT,OI,Yes
2.04999995231628,753.100036621094,29.6329998970032,7.464000225,20.0,1,2655.11250161005,189.2074114293,Maize,SI,CT,OI,Yes
6.61666679382324,606.0,8.42400014400482,7.138999939,29.9500007629395,1,2045.40006776442,186.560628236925,Maize,SI,CT,OI,Yes
11.125,949.100036621094,6.94100022315979,7.264999866,21.4899997711182,1,3095.26545762712,155.763882148324,Maize,SI,CT,OI,Yes
14.1583337783813,1039.90002441406,11.7050004005432,6.859000206,22.0300006866455,1,3620.6148,174.907372739372,Maize,SI,CT,OI,Yes
14.2916669845581,889.700012207031,10.3939998149872,6.230999947,23.6100006103516,1,3057.12567567568,146.432236486631,Maize,SI,CT,OI,Yes
17.2999992370605,1044.70007324219,11.2000000476837,7.800000191,21.0,1,3103.6132293578,166.765459299664,Maize,SI,CT,OI,Yes
14.8000001907349,941.400024414062,12.4839997291565,6.546000004,45.0400009155273,1,3500.06459004367,163.04465073719,Maize,SI,CT,OI,Yes
14.3833332061768,831.100036621094,13.7960004806519,6.041999817,32.7999992370605,1,3352.66406896552,161.45735574454,Maize,SI,CT,OI,Yes
10.3916664123535,1021.30004882812,9.45900022983551,6.093999863,21.4200000762939,1,2652.21701538462,158.316046621279,Maize,SI,CT,OI,Yes
13.0333337783813,863.200012207031,11.2800002098083,6.580999851,37.5499992370605,1,2902.71216503497,156.29986377736,Maize,SI,CT,OI,Yes
10.4000005722046,1046.70007324219,12.4769997596741,5.656000137,20.75,1,2883.86771338583,158.048291714043,Maize,SI,CT,OI,Yes
12.8916664123535,1016.60003662109,14.9260008335114,5.165999889,20.4799995422363,1,3397.29488921933,161.608496932134,Maize,SI,CT,OI,Yes
8.21666717529297,910.900024414062,14.7759997844696,5.639999866,22.5599994659424,1,3007.76647848009,164.587599305046,Maize,SI,CT,OI,Yes
9.49166679382324,983.600036621094,10.5710005760193,6.421000004,20.9699993133545,1,3319.23928301887,160.49448911946,Maize,SI,CT,OI,Yes
9.49166679382324,983.600036621094,10.1400005817413,6.613999844,34.1599998474121,1,2974.95167414634,163.566654278871,Maize,SI,CT,OI,Yes
11.0,928.599975585938,11.1360001564026,5.840000153,20.9400005340576,1,2864.00450381679,169.004416111615,Maize,SI,CT,OI,Yes
12.4916667938232,953.100036621094,9.15399968624115,5.763999939,22.4242420196533,1,3084.31524440878,151.84241668021,Maize,SI,CT,OI,Yes
15.2666673660278,1213.0,8.50099980831146,4.624000072,25.8356170654297,1,3577.93169836576,131.13081536965,Maize,SI,CT,OI,Yes
15.9750003814697,1185.90002441406,10.3900003433228,5.131999969,28.3095245361328,1,2934.79712195122,134.936783260395,Maize,SI,CT,OI,Yes
15.4083337783813,1199.30004882812,13.7999999523163,5.646999836,27.78125,1,2800.630366875,138.735138292332,Maize,SI,CT,OI,Yes
14.8833332061768,1203.70007324219,11.3470005989075,6.565999985,31.6299991607666,1,2966.54302206406,146.087030864588,Maize,SI,CT,OI,Yes
14.9000005722046,1174.20007324219,13.2950007915497,6.099999905,28.5,1,2536.07590133523,145.740034232765,Maize,SI,CT,OI,Yes
14.466667175293,1254.30004882812,15.2830004692078,6.177999973,23.9699993133545,1,3319.95823349282,131.405753279704,Maize,SI,CT,OI,Yes
14.7583332061768,1277.5,12.1340000629425,5.743000031,31.4300003051758,1,3095.8591889295,134.87329462471,Maize,SI,CT,OI,Yes
14.7583332061768,1277.5,14.9610006809235,5.754000187,26.8600006103516,1,3414.30807692308,134.299430526011,Maize,SI,CT,OI,Yes
15.25,1178.30004882812,12.836000919342,6.669000149,36.7700004577637,1,3405.73969411765,137.514300520865,Maize,SI,CT,OI,Yes
14.9000005722046,1174.20007324219,12.9230010509491,5.977000237,38.9199981689453,1,3442.43784,136.890628977757,Maize,SI,CT,OI,Yes
15.2833337783813,1159.0,11.7330002784729,5.881000042,29.8999996185303,1,3326.07314701987,143.009385898561,Maize,SI,CT,OI,Yes
15.4250001907349,1172.30004882812,14.5000004768372,5.099999905,20.0,1,3319.28842973978,145.531272542152,Maize,SI,CT,OI,Yes
18.8250007629395,1161.30004882812,9.3230003118515,7.498000145,20.8400001525879,1,2967.91765714286,133.486844094244,Maize,SI,CT,OI,Yes
15.9166669845581,1151.80004882812,15.1460003852844,6.65199995,35.9000015258789,1,3166.458,137.076812953493,Maize,SI,CT,OI,Yes
15.6666669845581,1272.0,10.8480000495911,5.605999947,33.3870964050293,1,3266.994,142.912281475904,Maize,SI,CT,OI,Yes
15.6666669845581,1272.0,9.5959997177124,4.825000286,27.5476188659668,1,2820.53827051546,124.929795345447,Maize,SI,CT,OI,Yes
17.9500007629395,1158.80004882812,11.3960003852844,5.977000237,30.1399993896484,1,3473.7065877551,131.872939030383,Maize,SI,CT,OI,Yes
17.0166664123535,1141.09997558594,10.9839999675751,5.531000137,35.5200004577637,1,3085.56181714286,138.61271415961,Maize,SI,CT,OI,Yes
16.7416667938232,1242.0,13.827999830246,6.151000023,31.0499992370605,1,2532.54273963068,137.946965808473,Maize,SI,CT,OI,Yes
15.4583339691162,1364.80004882812,18.9059996604919,5.608000278,31.0300006866455,1,3019.84444897959,127.818078485114,Maize,SI,CT,OI,Yes
16.3083343505859,1304.80004882812,15.7879996299744,5.274000168,27.6800003051758,1,3262.57077473684,120.598586998991,Maize,SI,CT,OI,Yes
16.3166675567627,1185.80004882812,11.2320005893707,5.667000294,34.4000015258789,1,3325.17924179105,140.73572808913,Maize,SI,CT,OI,Yes
16.3166675567627,1185.80004882812,13.8059997558594,5.886000156,22.1700000762939,1,3272.18117647059,133.983703446302,Maize,SI,CT,OI,Yes
16.3166675567627,1185.80004882812,11.4409995079041,5.715000153,27.5599994659424,1,3396.02918375635,134.552849725612,Maize,SI,CT,OI,Yes
16.3000011444092,1237.70007324219,11.3779997825623,5.585000038,38.189998626709,1,2757.58666341463,129.886853088972,Maize,SI,CT,OI,Yes
15.8500003814697,1342.5,15.1050007343292,6.859000206,27.2199993133545,1,3108.90836552486,134.296652797291,Maize,SI,CT,OI,Yes
15.875,1402.30004882812,17.6639997959137,5.160000324,37.4000015258789,1,3263.58930873786,119.972013801811,Maize,SI,CT,OI,Yes
16.7416667938232,1242.0,15.5190002918243,5.993000031,33.2000007629395,1,2505.37416832031,136.534574922961,Maize,SI,CT,OI,Yes
16.8333339691162,1173.80004882812,10.8759999275208,5.370000362,38.8199996948242,1,3287.83392,145.867431673574,Maize,SI,CT,OI,Yes
14.6750001907349,1268.59997558594,11.6040003299713,5.56400013,31.2800006866455,1,2964.50361339901,152.560277350324,Maize,SI,CT,OI,Yes
16.75,1231.5,12.28600025177,6.281000137,45.0200004577637,1,3066.74965714286,142.463478179692,Maize,SI,CT,OI,Yes
18.8000011444092,1127.0,11.3970005512238,5.967000008,39.1599998474121,1,2754.26827997596,134.986325845636,Maize,SI,CT,OI,Yes
18.6833343505859,1128.40002441406,18.659999370575,5.623000145,37.3600006103516,1,2797.666045875,132.734823038444,Maize,SI,CT,OI,Yes
19.2333335876465,1140.30004882812,19.6879994869232,5.190000057,43.4700012207031,1,3346.1441184,134.647387093613,Maize,SI,CT,OI,Yes
16.5750007629395,1200.69995117188,11.4320003986359,6.593000412,32.9300003051758,1,3658.44927272727,153.235143919705,Maize,SI,CT,OI,Yes
13.5416669845581,999.100036621094,10.9469997882843,5.631999969,34.810001373291,1,2831.42247588068,149.514768399886,Maize,SI,CT,OI,Yes
13.4750003814697,1088.30004882812,10.110000371933,4.870999813,22.4777774810791,1,3166.84931858824,148.960248624628,Maize,SI,CT,OI,Yes
15.4083337783813,1199.30004882812,13.7999999523163,5.646999836,27.78125,1,3349.15419041731,139.377663452987,Maize,SI,CT,OI,Yes
14.9833335876465,1102.30004882812,12.7230000495911,5.789000034,27.5799999237061,1,3445.27039081967,139.407051907354,Maize,SI,CT,OI,Yes
14.3250007629395,1166.20007324219,10.8200001716614,4.484000206,23.411111831665,1,3185.63428993289,153.774942060939,Maize,SI,CT,OI,Yes
14.0000009536743,1118.0,11.068000793457,5.700000286,33.9300003051758,1,3048.92088322148,146.931426003172,Maize,SI,CT,OI,Yes
12.4750003814697,983.900024414062,5.77600002288818,4.224999905,30.0769233703613,1,3077.15325333333,151.184654759408,Maize,SI,CT,OI,Yes
13.5583333969116,974.799987792969,12.4599993228912,5.104000092,21.8500003814697,1,2883.57299178082,173.379572441719,Maize,SI,CT,OI,Yes
15.8000001907349,1021.70001220703,11.8889999389648,5.855000019,38.1300010681152,1,3358.12545168539,146.863650099505,Maize,SI,CT,OI,Yes
15.8000001907349,1021.70001220703,11.6439998149872,6.705000401,37.2900009155273,1,3213.87127004785,145.607767801237,Maize,SI,CT,OI,Yes
15.4750003814697,1183.90002441406,11.7720007896423,6.615000248,39.9099998474121,1,3188.45509090909,146.799850141234,Maize,SI,CT,OI,Yes
15.7583332061768,1204.90002441406,10.9399998188019,5.850000381,35.2999992370605,1,3202.51683870968,134.588601358968,Maize,SI,CT,OI,Yes
15.4750003814697,1183.90002441406,12.4870002269745,5.740000248,36.6300010681152,1,3058.71195,135.814925390932,Maize,SI,CT,OI,Yes
16.3083343505859,1304.80004882812,14.6560001373291,6.096000195,27.9599990844727,1,2986.93504615385,125.430088007341,Maize,SI,CT,OI,Yes
16.7749996185303,1428.20007324219,11.2760007381439,5.142000198,39.3800010681152,1,2502.31440289773,129.250244105849,Maize,SI,CT,OI,Yes
16.7749996185303,1428.20007324219,13.4640002250671,4.874000072,35.5999984741211,1,2730.234,124.135669215669,Maize,SI,CT,OI,Yes
15.4416666030884,1190.5,11.0199999809265,5.175000191,42.6300010681152,1,2592.6905146875,139.813127730963,Maize,SI,CT,OI,Yes
15.4416666030884,1190.5,10.9560000896454,5.793000221,35.1399993896484,1,2581.92875625,139.588196946347,Maize,SI,CT,OI,Yes
17.0750007629395,1510.09997558594,10.8360004425049,5.070000172,41.0200004577637,1,2389.42438367647,125.886615478648,Maize,SI,CT,OI,Yes
17.7749996185303,1295.20007324219,13.2620000839233,5.723999977,37.3800010681152,1,2614.18373538462,113.195746137968,Maize,SI,CT,OI,Yes
17.7749996185303,1295.20007324219,21.5019989013672,4.800000191,48.8499984741211,1,3320.4996,119.237780373656,Maize,SI,CT,OI,Yes
15.6333341598511,1182.5,11.1280000209808,5.873000145,38.2599983215332,1,3739.002,141.115,Maize,SI,CT,OI,Yes
16.4500007629395,1157.0,10.8480000495911,4.93500042,42.4300003051758,1,3432.65104309392,139.151401303695,Maize,SI,CT,OI,Yes
16.4500007629395,1157.0,11.5279996395111,6.105999947,31.7900009155273,1,3279.774,133.956343549281,Maize,SI,CT,OI,Yes
16.4500007629395,1157.0,11.1419999599457,6.376000404,34.5299987792969,1,2751.46097142857,129.793840349961,Maize,SI,CT,OI,Yes
15.8000001907349,1021.70001220703,10.2300000190735,4.926000118,39.3448257446289,1,3187.33774123989,142.273507033016,Maize,SI,CT,OI,Yes
17.8250007629395,1280.40002441406,10.8020007610321,5.374000072,45.9555549621582,1,3034.03285714286,125.084384907271,Maize,SI,CT,OI,Yes
14.8333339691162,1195.90002441406,12.2119998931885,5.263999939,25.8199996948242,1,2475.09267435662,143.803523393984,Maize,SI,CT,OI,Yes
15.5583333969116,1005.0,11.224000453949,5.880000114,39.0,1,3378.803664,146.991524988405,Maize,SI,CT,OI,Yes
16.8000011444092,1176.5,11.1800003051758,5.646000385,38.7200012207031,1,2483.65264771382,137.435857443193,Maize,SI,CT,OI,Yes
16.9500007629395,1189.09997558594,13.0690002441406,6.129000187,29.3400001525879,1,3343.9929888,137.717136931398,Maize,SI,CT,OI,Yes
19.6416664123535,1132.59997558594,13.1260001659393,5.322000027,34.9199981689453,1,2924.76624881298,129.519351450262,Maize,SI,CT,OI,Yes
15.6166667938232,1266.70007324219,14.16100025177,6.326000214,25.2954540252686,1,2479.61876947917,142.522310026248,Maize,SI,CT,OI,Yes
15.7583332061768,1231.09997558594,8.99200022220612,4.443000317,40.9135818481445,1,3195.62012658228,143.900453877369,Maize,SI,CT,OI,Yes
16.8000011444092,1176.5,19.3009996414185,5.598999977,37.2799987792969,1,2583.74612001838,136.746550051012,Maize,SI,CT,OI,Yes
15.7416667938232,867.799987792969,7.76000022888184,5.638000011,21.5194797515869,1,2407.87810265625,157.669503535682,Maize,SI,CT,OI,Yes
15.125,925.299987792969,11.4160001277924,7.171999931,28.8899993896484,1,2555.7553029375,167.207069962682,Maize,SI,CT,OI,Yes
16.5583343505859,903.0,10.5739998817444,7.062000275,23.3299999237061,1,3766.81618611825,175.579751855418,Maize,SI,CT,OI,Yes
16.5583343505859,903.0,10.2310001850128,7.269999981,22.1900005340576,1,2533.827773875,166.913065165668,Maize,SI,CT,OI,Yes
15.7583341598511,891.200012207031,11.8299996852875,7.274000168,35.3535346984863,1,3179.60120318725,169.245446222738,Maize,SI,CT,OI,Yes
15.2833337783813,978.799987792969,13.4439992904663,6.944000244,43.2000007629395,1,2856.9297946875,161.131327297747,Maize,SI,CT,OI,Yes
14.4916667938232,961.200012207031,11.7709994316101,6.789999962,33.8899993896484,1,2692.91072277344,165.569246480182,Maize,SI,CT,OI,Yes
16.4250011444092,834.400024414062,11.4059996604919,6.778999805,21.8199996948242,1,3622.61292413793,151.368749353197,Maize,SI,CT,OI,Yes
15.3583335876465,1008.10003662109,11.3870000839233,7.379000187,25.783504486084,1,3157.64672802768,171.462681468751,Maize,SI,CT,OI,Yes
15.7750005722046,922.600036621094,11.5209996700287,6.346000195,26.0400009155273,1,3684.7846275762,167.011967569263,Maize,SI,CT,OI,Yes
17.2833347320557,975.400024414062,15.2509999275208,7.102000237,26.8700008392334,1,3312.20670688525,165.312758495459,Maize,SI,CT,OI,Yes
14.4333333969116,1104.40002441406,14.4660007953644,5.417999744,20.6200008392334,1,3332.64241784483,155.848448526122,Maize,SI,CT,OI,Yes
13.5749998092651,876.800048828125,9.99199986457825,6.602000237,21.6200008392334,1,3189.50168219178,175.384528638763,Maize,SI,CT,OI,Yes
14.1666669845581,1054.70007324219,10.2680003643036,6.402999878,22.6767673492432,1,3381.92359307734,163.395199514155,Maize,SI,CT,OI,Yes
16.8500003814697,845.299987792969,9.05799984931946,6.234000206,21.7764701843262,1,3745.71313846154,173.717455304781,Maize,SI,CT,OI,Yes
16.8500003814697,845.299987792969,11.6600000858307,6.203999996,21.6800003051758,1,3213.74936876712,178.740048777741,Maize,SI,CT,OI,Yes
16.4250011444092,834.400024414062,13.0919992923737,6.855999947,37.7200012207031,1,3014.774709375,165.316651251182,Maize,SI,CT,OI,Yes
17.5416660308838,855.200012207031,13.3149993419647,6.360000134,45.3600006103516,1,3142.37026265625,160.941263297343,Maize,SI,CT,OI,Yes
19.4416675567627,820.900024414062,6.97999954223633,5.304000378,16.3600006103516,1,2974.028688,151.559550452443,Maize,SI,CT,OI,Yes
19.125,914.799987792969,9.84499990940094,5.762000084,24.4699993133545,1,3402.26773734375,143.822970330826,Maize,SI,CT,OI,Yes
17.4166660308838,1273.59997558594,20.576000213623,5.309000015,31.6599998474121,1,2810.04055025735,137.030394037125,Maize,SI,CT,OI,Yes
17.0416660308838,1453.59997558594,12.172999382019,5.215000153,25.2600002288818,1,2876.55966016713,128.031932337071,Maize,SI,CT,OI,Yes
16.6499996185303,1144.90002441406,21.6479992866516,4.96200037,44.3400001525879,1,2473.72700384375,143.402326000634,Maize,SI,CT,OI,Yes
13.7083330154419,819.100036621094,10.5200004577637,5.423000336,36.9599990844727,1,2663.20143170956,158.576238722481,Maize,SI,CT,OI,Yes
13.7083330154419,819.100036621094,12.0169997215271,5.967000008,28.4099998474121,1,3259.27026168224,167.407714712684,Maize,SI,CT,OI,Yes
14.8000001907349,941.400024414062,11.6949999332428,6.306000233,41.8199996948242,1,3144.713314575,160.64855997843,Maize,SI,CT,OI,Yes
16.625,1107.0,11.5030002593994,5.325000286,22.2900009155273,1,3638.78408,150.457948054473,Maize,SI,CT,OI,Yes
13.3916664123535,879.700012207031,11.438000202179,4.911000252,37.7700004577637,1,3416.378,155.867007425236,Maize,SI,CT,OI,Yes
12.4916667938232,953.100036621094,13.9830005168915,5.025000095,22.0300006866455,1,3073.65850682566,165.839391228612,Maize,SI,CT,OI,Yes
15.3583335876465,1274.90002441406,14.1659998893738,5.290999889,20.1000003814697,1,3593.0169253125,146.731985810835,Maize,SI,CT,OI,Yes
13.5583333969116,974.799987792969,10.8469998836517,5.356999874,30.9099998474121,1,2835.06368939828,166.392554655772,Maize,SI,CT,OI,Yes
14.1916666030884,918.5,13.7600004673004,5.039999962,24.6000003814697,1,2893.818,172.939103114623,Maize,SI,CT,OI,Yes
13.8000001907349,1041.0,11.6040003299713,5.805000305,45.0099983215332,1,3563.28552,151.525645751779,Maize,SI,CT,OI,Yes
13.1333341598511,1006.5,8.06800007820129,6.625999928,21.8999996185303,1,2785.98888,164.641919296976,Maize,SI,CT,OI,Yes
13.9916667938232,1010.30004882812,16.0370004177094,5.191999912,21.9599990844727,1,3365.73149243698,153.629558737815,Maize,SI,CT,OI,Yes
16.9416675567627,888.700012207031,12.4870002269745,5.28000021,23.8199996948242,1,2861.30774545455,159.803631143815,Maize,SI,CT,OI,Yes
11.875,856.0,9.27600026130676,6.375999928,21.4799995422363,1,2107.905936,171.461484374703,Maize,SI,CT,OI,Yes
20.5666675567627,1309.70007324219,16.0640001296997,5.910000324,37.6300010681152,1,2257.712536875,127.438871457207,Maize,SI,CT,OI,Yes
19.4416675567627,1209.70007324219,11.6420006752014,5.56799984,38.8899993896484,1,2952.84866444587,127.49914982266,Maize,SI,CT,OI,Yes
19.4916667938232,1217.59997558594,12.335000038147,5.23900032,38.7700004577637,1,3270.27417639889,130.40748803794,Maize,SI,CT,OI,Yes
18.0666675567627,997.0,12.6199996471405,5.587999821,27.4599990844727,1,3061.40512835821,142.990455059725,Maize,SI,CT,OI,Yes
18.7333335876465,1134.0,20.5979990959167,5.513999939,37.5800018310547,1,2794.34449411765,131.175271455699,Maize,SI,CT,OI,Yes
17.8083343505859,961.299987792969,12.5450003147125,4.970000267,26.6000003814697,1,2824.97996858639,135.230897755123,Maize,SI,CT,OI,Yes
20.341667175293,1513.5,12.3979997634888,5.014000416,43.3699989318848,1,2347.20262040816,101.216146530833,Maize,SI,CT,OI,Yes
20.658332824707,1485.0,15.3779995441437,5.363999844,35.8199996948242,1,2779.10174419958,108.588433985203,Maize,SI,CT,OI,Yes
18.9916667938232,1488.90002441406,25.5130004882812,5.116000175,42.7400016784668,1,2679.13900287081,113.433871399946,Maize,SI,CT,OI,Yes
18.9916667938232,1488.90002441406,13.5780000686646,5.294000149,37.189998626709,1,2770.25230162413,120.388300852692,Maize,SI,CT,OI,Yes
18.6333332061768,1196.70007324219,13.8220000267029,5.483000278,22.6299991607666,1,3024.90330715909,138.498693493564,Maize,SI,CT,OI,Yes
16.6499996185303,1144.90002441406,10.0,5.579999924,27.8099994659424,1,2753.3316,131.31800986588,Maize,SI,CT,OI,Yes
17.5750007629395,1101.09997558594,12.208000421524,5.580000401,39.7799987792969,1,3094.94216184783,142.787346672054,Maize,SI,CT,OI,Yes
19.1750011444092,1389.70007324219,14.2599999904633,4.971000195,31.5300006866455,1,2723.24260115625,128.559573400976,Maize,SI,CT,OI,Yes
19.7583332061768,1539.90002441406,10.7700002193451,4.915999889,30.3899993896484,1,2633.71622933824,120.719029123807,Maize,SI,CT,OI,Yes
18.466667175293,1381.80004882812,10.9619998931885,4.967999935,33.5400009155273,1,2665.91434245536,131.722142163083,Maize,SI,CT,OI,Yes
18.9916667938232,1457.40002441406,11.3100004196167,5.638000011,29.8799991607666,1,2535.29995675272,127.679318598079,Maize,SI,CT,OI,Yes
19.3333339691162,1458.40002441406,13.5780000686646,5.073999882,28.3700008392334,1,2547.46068578125,127.381950536557,Maize,SI,CT,OI,Yes
16.5416679382324,883.200012207031,13.2660007476807,5.940000057,20.3333339691162,1,2375.96218265625,165.064389837932,Maize,SI,CT,OI,Yes
17.4250011444092,780.200012207031,14.3020009994507,5.262000084,20.0599994659424,1,2569.65586265625,163.941388277259,Maize,SI,CT,OI,Yes
16.5416679382324,883.200012207031,18.9610004425049,5.46600008,29.4699993133545,1,2402.784263125,158.429502769579,Maize,SI,CT,OI,Yes
15.7416667938232,942.000061035156,13.6320006847382,5.722000122,20.2600002288818,1,2975.41460578125,161.313253933434,Maize,SI,CT,OI,Yes
15.7833337783813,996.900024414062,12.2560000419617,6.93599987,20.6800003051758,1,2430.30727445312,167.539216066853,Maize,SI,CT,OI,Yes
15.7833337783813,996.900024414062,13.1140005588531,6.234000206,20.4200000762939,1,3103.7508,159.090219026323,Maize,SI,CT,OI,Yes
18.1083335876465,1053.5,17.3409998416901,5.495999813,26.4699993133545,1,3264.22369325153,144.530086300204,Maize,SI,CT,OI,Yes
19.4416675567627,896.500061035156,12.6240003108978,6.303999901,23.3600006103516,1,2723.66793109375,155.985198827478,Maize,SI,CT,OI,Yes
15.2833337783813,978.799987792969,12.92799949646,6.990000248,40.8199996948242,1,2669.89876578125,162.284089120372,Maize,SI,CT,OI,Yes
15.125,925.299987792969,9.80000019073486,6.550000191,21.3068180084229,1,3332.91699526066,153.999489892426,Maize,SI,CT,OI,Yes
19.0249996185303,1091.69995117188,8.37400019168854,5.937000275,22.7099990844727,1,2909.97494187192,127.972085631396,Maize,SI,CT,OI,Yes
18.9416675567627,852.700012207031,11.8939995765686,5.40500021,30.4799995422363,1,2884.00348163265,148.239605781722,Maize,SI,CT,OI,Yes
19.0249996185303,1091.69995117188,12.1459996700287,6.768000126,35.5,1,3297.75662639527,133.762802080033,Maize,SI,CT,OI,Yes
23.4583339691162,1382.80004882812,11.3740003108978,5.353000164,36.560001373291,1,3293.72901717305,114.446116537391,Maize,SI,CT,OI,Yes
18.3916664123535,913.299987792969,10.8519995212555,6.486999989,24.2700004577637,1,3011.0483708502,159.866961663203,Maize,SI,CT,OI,Yes
18.3916664123535,913.299987792969,7.57000029087067,3.588999987,23.6712322235107,1,2860.71560914286,135.139643009132,Maize,SI,CT,OI,Yes
15.7750005722046,922.600036621094,9.55600023269653,5.424000263,23.2199993133545,1,3094.57359263804,165.00437202288,Maize,SI,CT,OI,Yes
19.8000011444092,1129.09997558594,11.4300000667572,6.058000088,31.0599994659424,1,2968.36429565217,130.861896574768,Maize,SI,CT,OI,Yes
18.908332824707,1221.40002441406,10.4040002822876,6.211999893,27.1000003814697,1,2879.32335992544,121.650559840052,Maize,SI,CT,OI,Yes
20.9416675567627,1390.09997558594,15.3199994564056,5.019999981,23.1800003051758,1,2671.41280519481,107.208131241308,Maize,SI,CT,OI,Yes
18.908332824707,1221.40002441406,18.8689994812012,4.906000137,30.2900009155273,1,2703.25507984791,114.148945160592,Maize,SI,CT,OI,Yes
23.4583339691162,1382.80004882812,7.94800043106079,4.599999905,24.0,1,2770.19888571429,106.42490539011,Maize,SI,CT,OI,Yes
18.9166679382324,1130.80004882812,18.6860001087189,5.921999931,36.6199989318848,1,2395.2979459125,137.693304897832,Maize,SI,CT,OI,Yes
17.9583339691162,958.100036621094,14.0629994869232,5.46600008,36.4947357177734,1,3302.18028923077,148.897476996254,Maize,SI,CT,OI,Yes
20.25,1074.70007324219,20.8459997177124,7.043000221,26.8899993896484,1,3066.49881108033,162.384078681533,Maize,SI,CT,OI,Yes
20.25,1074.70007324219,30.3099989891052,4.860000134,49.4199981689453,1,2858.83707692308,139.561785974727,Maize,SI,CT,OI,Yes
18.9166679382324,1130.80004882812,28.5549998283386,5.130000114,46.810001373291,1,3124.04664328018,140.435509182495,Maize,SI,CT,OI,Yes
18.0750007629395,884.100036621094,25.9990000724792,4.973999977,47.6699981689453,1,3047.07999880597,157.003345660747,Maize,SI,CT,OI,Yes
19.6333332061768,1007.70001220703,21.8860006332397,5.805000305,40.3800010681152,1,3181.01016,142.941081998368,Maize,SI,CT,OI,Yes
19.8833332061768,1177.80004882812,10.3600001335144,5.141999722,29.7900009155273,1,3213.480226125,128.710814618661,Maize,SI,CT,OI,Yes
21.6333332061768,1340.20007324219,11.5299999713898,5.021999836,37.8600006103516,1,3364.122,119.567484629561,Maize,SI,CT,OI,Yes
21.0750007629395,1266.69995117188,10.188000202179,5.815999985,24.5,1,2603.61369230769,131.727807602131,Maize,SI,CT,OI,Yes
22.0500011444092,1394.80004882812,11.8219995498657,4.96600008,29.9400005340576,1,2474.2855047962,117.811522799602,Maize,SI,CT,OI,Yes
14.591667175293,1085.80004882812,12.7100002765656,5.013999939,22.8620681762695,1,3798.63522913907,151.600232595461,Maize,SI,CT,OI,Yes
14.1583337783813,1149.90002441406,14.345999956131,5.552999973,20.9699993133545,1,2814.997749375,152.890895607208,Maize,SI,CT,OI,Yes
16.216667175293,967.599975585938,10.4089999198914,6.735000134,22.3899993896484,1,2726.46375736607,162.200156879654,Maize,SI,CT,OI,Yes
16.0833339691162,1001.10003662109,11.8509995937347,6.770999908,32.4099998474121,1,2957.37037364583,160.782150767813,Maize,SI,CT,OI,Yes
15.7250003814697,1055.09997558594,11.1820006370544,7.611999989,21.2600002288818,1,3072.4844368125,167.324450309771,Maize,SI,CT,OI,Yes
16.216667175293,967.599975585938,15.5599999427795,5.199999809,21.1000003814697,1,2955.05295852273,158.177427317388,Maize,SI,CT,OI,Yes
15.7250003814697,1055.09997558594,14.896000623703,6.201000214,23.7199993133545,1,2863.67311953125,158.223289408733,Maize,SI,CT,OI,Yes
16.3999996185303,1120.80004882812,13.798999786377,5.863999844,22.4300003051758,1,3134.40300248963,144.672608224577,Maize,SI,CT,OI,Yes
13.8666667938232,1262.30004882812,14.1500008106232,5.210000038,20.1000003814697,1,2974.5512346875,148.799379669725,Maize,SI,CT,OI,Yes
12.3249998092651,1109.40002441406,9.56000030040741,6.774000168,24.6276588439941,1,3330.27155440414,159.764632377541,Maize,SI,CT,OI,Yes
11.1499996185303,950.5,11.1800003051758,6.385000229,21.75,1,2590.3969040625,173.207903399419,Maize,SI,CT,OI,Yes
13.1333341598511,1006.5,9.76199984550476,6.998000145,22.0799999237061,1,2867.186530125,167.58235018597,Maize,SI,CT,OI,Yes
19.5750007629395,1905.0,11.0280001163483,5.639999866,30.75,1,2382.91336,122.643925256222,Maize,SI,CT,OI,Yes
17.9750003814697,1575.40002441406,19.099999666214,5.490000248,38.9500007629395,1,3022.75661751152,132.662435075847,Maize,SI,CT,OI,Yes
17.4583339691162,1675.59997558594,15.7490003108978,5.412000179,33.1699981689453,1,2932.7423685623,129.170545051689,Maize,SI,CT,OI,Yes
18.8166675567627,1974.90002441406,10.6679999828339,6.266000271,28.3333339691162,1,2751.2923880597,129.41045209798,Maize,SI,CT,OI,Yes
19.5750007629395,1905.0,11.2740004062653,7.146000385,26.1599998474121,1,2819.04741369863,139.399093076215,Maize,SI,CT,OI,Yes
12.4750003814697,1218.0,16.9770002365112,5.576000214,29.8700008392334,1,3771.39157875,145.517790977619,Maize,SI,CT,OI,Yes
9.40833377838135,786.100036621094,7.40000009536743,6.5,22.0,1,2473.9319653125,198.701612537124,Maize,SI,CT,OI,Yes
12.1583337783813,1171.59997558594,12.1360003948212,6.796000004,21.0900001525879,1,3077.62639597122,143.614819738713,Maize,SI,CT,OI,Yes
6.72499990463257,804.299987792969,7.49100029468536,6.500999928,22.0,1,3296.61114285714,173.887105977689,Maize,SI,CT,OI,Yes
6.42500019073486,680.799987792969,14.8829996585846,6.68599987,19.3400001525879,1,3013.95,97.03125,Maize,SI,CT,OI,Yes
10.7416667938232,940.799987792969,12.1700000762939,5.824999809,22.4500007629395,1,2701.66694117647,182.095699490317,Maize,SI,CT,OI,Yes
14.6750001907349,612.700012207031,6.80799961090088,7.981999874,20.3099994659424,1,3593.94519969726,181.189802867087,Maize,SI,CT,OI,Yes
13.9000005722046,701.400024414062,10.4209995269775,7.834000111,20.7000007629395,1,4238.71278,182.059968646294,Maize,SI,CT,OI,Yes
15.0,630.700012207031,10.8560001850128,7.81400013,20.9099998474121,1,3586.81574210526,177.861835772473,Maize,SI,CT,OI,Yes
13.9000005722046,701.400024414062,10.9019994735718,7.815999985,19.1800003051758,1,3583.82902325581,175.384373403405,Maize,SI,CT,OI,Yes
14.6000003814697,670.800048828125,9.5770001411438,7.866000175,17.8400001525879,1,3699.40710669643,171.776453330971,Maize,SI,CT,OI,Yes
13.216667175293,623.900024414062,8.87199997901917,7.71600008,19.5,1,3646.66739789227,176.63571461447,Maize,SI,CT,OI,Yes
11.6666669845581,657.200012207031,7.12399959564209,7.843999863,24.2399997711182,1,4698.06534979339,200.523422213228,Maize,SI,CT,OI,Yes
11.4416666030884,787.400024414062,8.64499986171722,7.578000069,16.375,1,3322.58479207317,185.870836518077,Maize,SI,CT,OI,Yes
15.0,630.700012207031,5.71200013160706,3.978000164,21.0,1,3423.92685616438,167.835910157797,Maize,SI,CT,OI,Yes
13.1916666030884,729.299987792969,8.62899959087372,7.90199995,17.5400009155273,1,3440.23131585366,182.119567647448,Maize,SI,CT,OI,Yes
13.1916666030884,729.299987792969,9.56299960613251,7.874000072,18.6200008392334,1,3639.717375,175.770900167743,Maize,SI,CT,OI,Yes
13.1916666030884,729.299987792969,8.01599979400635,7.885000229,17.7399997711182,1,3994.7132795122,180.552491132962,Maize,SI,CT,OI,Yes
10.4000005722046,662.5,5.76799988746643,7.81400013,15.5,1,3847.47032013423,175.738056297691,Maize,SI,CT,OI,Yes
11.6666669845581,675.299987792969,6.15199983119965,8.024000168,18.6599998474121,1,3454.51956514286,187.662863146884,Maize,SI,CT,OI,Yes
11.2750005722046,696.799987792969,7.12399959564209,7.843999863,24.2399997711182,1,3708.92616201117,191.440746975138,Maize,SI,CT,OI,Yes
10.6999998092651,850.800048828125,7.09100008010864,7.677000046,20.2900009155273,1,3844.3092,118.281666666667,Maize,SI,CT,OI,Yes
11.4416666030884,787.400024414062,8.84499967098236,6.210000038,19.6499996185303,1,3568.87737857143,176.978474057792,Maize,SI,CT,OI,Yes
13.216667175293,623.900024414062,11.3580000400543,7.802000046,16.0699996948242,1,3696.84528567182,182.632810767987,Maize,SI,CT,OI,Yes
14.6000003814697,670.800048828125,11.0599994659424,7.815999985,14.3199996948242,1,3367.68455487805,175.354080386644,Maize,SI,CT,OI,Yes
12.3000001907349,661.0,6.49999976158142,8.0,21.0,1,3180.37924437221,186.132830937764,Maize,SI,CT,OI,Yes
11.4250001907349,594.900024414062,6.67499959468842,7.920000076,20.8999996185303,1,4247.27195121951,135.219512195122,Maize,SI,CT,OI,Yes
10.9833335876465,614.5,5.18800020217896,8.111999512,15.7200002670288,1,5429.78147727273,201.359659090909,Maize,SI,CT,OI,Yes
13.216667175293,623.900024414062,9.33499991893768,6.703999996,19.3799991607666,1,3721.39644827586,179.797194623711,Maize,SI,CT,OI,Yes
14.6916666030884,707.5,10.6780004501343,7.822000027,20.9699993133545,1,3624.56694924812,168.227511086865,Maize,SI,CT,OI,Yes
14.8500003814697,668.0,10.8280003070831,7.366000175,20.3799991607666,1,4474.89665730337,138.286516853933,Maize,SI,CT,OI,Yes
13.6166667938232,672.400024414062,8.14499974250793,7.930000305,21.0,1,3653.37085138765,173.849504661476,Maize,SI,CT,OI,Yes
13.0500001907349,674.0,10.5420005321503,7.828000069,21.0,1,4449.93392832618,192.143492391191,Maize,SI,CT,OI,Yes
13.0500001907349,674.0,10.5879998207092,7.085999966,19.9799995422363,1,3535.57852840909,178.587346550239,Maize,SI,CT,OI,Yes
14.6750001907349,612.700012207031,7.99300014972687,7.980000019,17.7000007629395,1,3866.11071818182,175.883562701731,Maize,SI,CT,OI,Yes
13.6166667938232,672.400024414062,5.01500010490417,6.239999771,20.5769233703613,1,3083.31353435644,168.833626687019,Maize,SI,CT,OI,Yes
14.6916666030884,707.5,8.5180002450943,7.837999821,17.7999992370605,1,3904.21227014218,170.371807785152,Maize,SI,CT,OI,Yes
11.4583339691162,526.200012207031,6.75700008869171,7.921999931,22.2900009155273,1,3812.75336767956,216.825468158393,Maize,SI,CT,OI,Yes
11.4583339691162,526.200012207031,6.36500000953674,8.0,20.1900005340576,1,3160.22775,189.635710761847,Maize,SI,CT,OI,Yes
9.51666641235352,454.300018310547,6.79399967193604,7.621999741,18.8999996185303,1,4319.89099824068,214.556235097978,Maize,SI,CT,OI,Yes
9.32499980926514,419.800018310547,6.19499981403351,7.831999779,17.1299991607666,1,4311.77327724693,189.733850497059,Maize,SI,CT,OI,Yes
10.4083337783813,551.900024414062,7.24400043487549,6.90199995,14.2399997711182,1,2751.63492539063,184.263288836168,Maize,SI,CT,OI,Yes
11.5333337783813,598.5,6.4740002155304,7.336999893,13.1499996185303,1,3863.2875,184.689302254454,Maize,SI,CT,OI,Yes
11.5333337783813,598.5,6.49999976158142,8.0,21.0,1,2853.59018789262,200.316027341805,Maize,SI,CT,OI,Yes
11.5833330154419,592.0,6.26699984073639,7.875999928,18.9699993133545,1,3902.41964338983,199.450159535398,Maize,SI,CT,OI,Yes
10.25,682.799987792969,7.58499979972839,7.504000187,20.3799991607666,1,4582.37708955224,142.852985074627,Maize,SI,CT,OI,Yes
11.5333337783813,598.5,5.87599992752075,8.078000069,17.1000003814697,1,4423.48058902121,189.688012616017,Maize,SI,CT,OI,Yes
12.9333333969116,1134.0,11.1479997634888,6.954999924,21.0900001525879,1,3360.36255,147.03920588167,Maize,SI,CT,OI,Yes
13.3000001907349,927.0,8.28400015830994,7.007999897,17.3099994659424,1,3423.95217857143,161.367191096141,Maize,SI,CT,OI,Yes
13.5,974.100036621094,9.08399999141693,6.78399992,21.8099994659424,1,3043.77963854749,149.411666286673,Maize,SI,CT,OI,Yes
14.0,843.100036621094,9.70400035381317,6.25399971,21.6000003814697,1,3419.3821875,158.424191183566,Maize,SI,CT,OI,Yes
12.9333333969116,1134.0,10.6410002708435,5.815999985,17.3400001525879,1,3345.84752608696,150.686398243789,Maize,SI,CT,OI,Yes
10.6999998092651,850.800048828125,5.2920001745224,6.561999798,11.1800003051758,1,3299.71161923077,172.663146140739,Maize,SI,CT,OI,Yes
8.29166698455811,972.900024414062,7.1560001373291,6.743999958,14.0699996948242,1,3115.89595609756,164.728666830687,Maize,SI,CT,OI,Yes
8.76666736602783,396.600006103516,10.4530000686646,6.902999878,21.0200004577637,1,3895.52336842105,187.70331284488,Maize,SI,CT,OI,Yes
9.41666698455811,366.300018310547,5.16200006008148,7.157999992,12.5200004577637,1,4240.58904375,172.123737473216,Maize,SI,CT,OI,Yes
9.39166736602783,274.600006103516,4.8309999704361,7.559000015,9.64999961853027,1,4171.684875,184.897100768664,Maize,SI,CT,OI,Yes
10.1833333969116,439.600006103516,6.49999976158142,8.0,21.0,1,2246.52681379395,197.563268197778,Maize,SI,CT,OI,Yes
10.1833333969116,439.600006103516,6.46999955177307,7.934000015,19.3799991607666,1,2149.5449782531,191.901613683914,Maize,SI,CT,OI,Yes
9.46666717529297,412.400024414062,9.94000017642975,7.918000221,18.8899993896484,1,3788.093175,183.930687319833,Maize,SI,CT,OI,Yes
10.6500005722046,498.5,9.96200025081635,7.636000156,24.3899993896484,1,2308.50136852818,202.444567506034,Maize,SI,CT,OI,Yes
10.8500003814697,480.600006103516,6.01999998092651,8.06000042,18.0,1,2320.1446693521,188.60581891815,Maize,SI,CT,OI,Yes
10.1833333969116,439.600006103516,6.68199956417084,7.765999794,19.7000007629395,1,3005.00676623377,205.725740434619,Maize,SI,CT,OI,Yes
15.6083335876465,967.900024414062,9.86200034618378,6.861999989,30.8700008392334,1,3483.7215,143.271778325519,Maize,SI,CT,OI,Yes
12.375,921.400024414062,8.8620001077652,6.248000145,22.6399993896484,1,3541.56175544554,151.231333426554,Maize,SI,CT,OI,Yes
12.375,921.400024414062,13.5060000419617,5.296000004,20.2800006866455,1,3452.46940906055,157.467416508604,Maize,SI,CT,OI,Yes
15.6083335876465,967.900024414062,7.55600035190582,6.470000267,24.5799999237061,1,3491.2392940315,149.70553366268,Maize,SI,CT,OI,Yes
13.0166664123535,1166.30004882812,7.40000009536743,6.5,22.0,1,3330.65544,146.404864286572,Maize,SI,CT,OI,Yes
12.9833335876465,1105.19995117188,6.95200026035309,6.980000019,20.7199993133545,1,4175.5668,161.087938512382,Maize,SI,CT,OI,Yes
12.7916669845581,1193.0,8.53900015354156,6.482999802,21.8299999237061,1,3236.21179406713,143.155943825474,Maize,SI,CT,OI,Yes
15.0,630.700012207031,5.71200013160706,3.978000164,21.0,1,2506.64071288344,149.351009097476,Maize,SI,CT,OI,Yes
15.0166664123535,851.100036621094,9.09000039100647,6.125,23.1599998474121,1,3022.28535202703,157.750816759738,Maize,SI,CT,OI,Yes
11.6750001907349,875.299987792969,3.94500017166138,8.090000153,10.4899997711182,1,3028.72538093661,168.39346470873,Maize,SI,CT,OI,Yes
11.3083333969116,882.900024414062,6.20599985122681,7.895999908,19.6800003051758,1,2937.57835629139,165.595673089235,Maize,SI,CT,OI,Yes
12.4166669845581,844.700012207031,9.28099989891052,6.849999905,20.9500007629395,1,3242.1795,160.426798679083,Maize,SI,CT,OI,Yes
12.6416673660278,830.799987792969,11.4920008182526,6.164000034,29.7299995422363,1,3317.262,160.10135933891,Maize,SI,CT,OI,Yes
11.6750001907349,875.299987792969,9.00600016117096,6.947000027,27.3700008392334,1,3551.9802,155.309057852737,Maize,SI,CT,OI,Yes
12.6500005722046,913.600036621094,10.8039999008179,6.5,40.5,1,3210.44200465116,151.650653072333,Maize,SI,CT,OI,Yes
10.6666669845581,908.700012207031,8.24999988079071,6.649000168,18.3600006103516,1,3148.91564150943,166.051803427451,Maize,SI,CT,OI,Yes
4.95833349227905,282.600006103516,8.09800028800964,7.941000462,21.0,1,3783.83289473684,203.383161218107,Maize,SI,CT,OI,Yes
8.5,275.100006103516,4.90900009870529,8.098999977,20.1800003051758,1,4735.26251747788,204.970466443513,Maize,SI,CT,OI,Yes
6.14166688919067,379.399993896484,9.33499991893768,6.703999996,19.3799991607666,1,3596.69103067669,126.674887218045,Maize,SI,CT,OI,Yes
2.82500004768372,218.699996948242,6.1760002374649,7.393000126,27.3799991607666,1,4767.25389473684,197.616479202515,Maize,SI,CT,OI,Yes
8.47500038146973,184.600006103516,8.75599980354309,7.330999851,16.5300006866455,1,5678.00072783505,213.51669072165,Maize,SI,CT,OI,Yes
7.17500019073486,398.900024414062,7.79500007629395,7.407999992,20.2600002288818,1,3648.82033116592,182.028838469705,Maize,SI,CT,OI,Yes
8.74166679382324,150.600006103516,10.6840002536774,8.163999557,19.6000003814697,1,5160.52039407796,230.217034292309,Maize,SI,CT,OI,Yes
10.625,546.700012207031,7.58899986743927,7.713999748,26.6100006103516,1,3430.60009631129,215.936347322274,Maize,SI,CT,OI,Yes
10.625,546.700012207031,5.87599992752075,8.027000427,18.6200008392334,1,3828.53565738647,197.552217053872,Maize,SI,CT,OI,Yes
9.30833339691162,624.799987792969,7.33000040054321,7.357999802,17.5799999237061,1,3613.49480792079,159.054950495049,Maize,SI,CT,OI,Yes
10.625,546.700012207031,6.59500002861023,7.945000172,21.7800006866455,1,3398.14889013158,232.776619020678,Maize,SI,CT,OI,Yes
9.38333320617676,520.200012207031,6.39499962329865,8.0,20.3700008392334,1,4454.91751714286,130.383714285713,Maize,SI,CT,OI,Yes
7.64166688919067,522.099975585938,5.43500006198883,7.804999828,21.3700008392334,1,4505.07224708171,209.754379361264,Maize,SI,CT,OI,Yes
9.30833339691162,624.799987792969,8.14400017261505,6.921999931,16.9699993133545,1,3904.25553272727,182.993764054223,Maize,SI,CT,OI,Yes
7.10000038146973,151.300003051758,10.7840001583099,7.815999985,20.7600002288818,1,5426.81901334737,243.314192876204,Maize,SI,CT,OI,Yes
9.75833320617676,79.4000015258789,9.61300015449524,7.486999989,20.5499992370605,1,5976.95605102041,228.15862244898,Maize,SI,CT,OI,Yes
1.05833327770233,370.600006103516,7.93600022792816,7.984000206,22.1499996185303,1,4783.04911762136,193.587494088063,Maize,SI,CT,OI,Yes
2.69166684150696,132.5,5.96700012683868,7.896999836,18.4400005340576,1,3484.51686919702,216.951730258996,Maize,SI,CT,OI,Yes
-1.45000004768372,226.699996948242,7.69600033760071,7.874000072,21.5599994659424,1,2974.34386060547,196.734878960679,Maize,SI,CT,OI,Yes
-1.16666674613953,237.900009155273,15.5070006847382,6.991000175,7.53000020980835,1,4507.30034482759,187.477401750081,Maize,SI,CT,OI,Yes
8.36666679382324,100.600006103516,12.3880004882812,6.506000042,19.3600006103516,1,4003.58720245399,223.847734719018,Maize,SI,CT,OI,Yes
5.10000038146973,143.600006103516,9.32000041007996,7.240000248,19.2688179016113,1,4914.15273683879,272.845666652164,Maize,SI,CT,OI,Yes
4.55833339691162,129.0,16.8860006332397,6.838000298,13.5600004196167,1,3940.926,154.5,Maize,SI,CT,OI,Yes
9.125,482.200012207031,6.98000013828278,7.661000252,18.2700004577637,1,3568.59186845947,209.119871809063,Maize,SI,CT,OI,Yes
10.9499998092651,583.600036621094,7.23499953746796,7.664000034,20.5799999237061,1,4967.4795,210.620629887609,Maize,SI,CT,OI,Yes
11.4250001907349,594.900024414062,7.54999995231628,7.519999981,20.3999996185303,1,3696.22050279938,161.293157076205,Maize,SI,CT,OI,Yes
10.9499998092651,583.600036621094,6.01999998092651,8.06000042,18.0,1,3560.87949588785,180.507055734912,Maize,SI,CT,OI,Yes
7.17500019073486,569.200012207031,7.41500020027161,7.519999981,19.5900001525879,1,4137.484396875,154.37890625,Maize,SI,CT,OI,Yes
7.80000019073486,438.400024414062,6.29499971866608,8.0,19.7700004577637,1,4406.8098401677,91.5145631067968,Maize,SI,CT,OI,Yes
9.10833358764648,81.6000061035156,13.9030003547668,7.550000191,25.3700008392334,1,5309.88747705637,210.089818350183,Maize,SI,CT,OI,Yes
9.10833358764648,81.6000061035156,5.98600029945374,7.566999912,20.3199996948242,1,4872.49038755304,255.852314343868,Maize,SI,CT,OI,Yes
9.05833339691162,31.8000011444092,8.70800018310547,7.785000324,18.1299991607666,1,3256.93080797974,215.210897351721,Maize,SI,CT,OI,Yes
8.85833358764648,57.0,14.1470003128052,6.663000107,18.0900001525879,1,4981.15866428572,251.373295061502,Maize,SI,CT,OI,Yes
10.7583332061768,27.1000003814697,10.0269997119904,7.612999916,21.5100002288818,1,4618.10625,234.500398809933,Maize,SI,CT,OI,Yes
10.6999998092651,526.700012207031,6.49999976158142,8.0,21.0,1,3638.31872506055,214.357004994351,Maize,SI,CT,OI,Yes
10.3166666030884,444.100006103516,7.75999963283539,7.424000263,20.2800006866455,1,4486.24024384615,116.192307692308,Maize,SI,CT,OI,Yes
9.26666641235352,362.0,7.82999992370605,7.392000198,20.2399997711182,1,3764.58397351779,185.333965194657,Maize,SI,CT,OI,Yes
10.3166666030884,444.100006103516,7.59899973869324,6.963999748,16.1399993896484,1,3471.62142153163,160.242508324085,Maize,SI,CT,OI,Yes
10.3833332061768,560.599975585938,6.30500018596649,8.0,19.8299999237061,1,3806.51085483096,192.133113110734,Maize,SI,CT,OI,Yes
10.9833335876465,614.5,7.12999999523163,7.711999893,20.6399993896484,1,4624.80675183674,220.978950563894,Maize,SI,CT,OI,Yes
10.6999998092651,526.700012207031,6.30500018596649,8.0,19.8299999237061,1,4945.29417176471,207.720592026762,Maize,SI,CT,OI,Yes
10.2250003814697,497.399993896484,6.88499987125397,7.823999882,20.7800006866455,1,5024.47020485175,226.955771611635,Maize,SI,CT,OI,Yes
7.16666650772095,370.100006103516,6.99000000953674,7.776000023,20.7199993133545,1,1841.25315611334,185.536539483386,Maize,SI,CT,OI,Yes
7.94166660308838,475.899993896484,7.96999990940094,7.328000069,20.1599998474121,1,4310.65398419118,143.719577205882,Maize,SI,CT,OI,Yes
6.61666679382324,456.0,7.29499995708466,7.552000046,19.3299999237061,1,3447.24708954546,205.939135619121,Maize,SI,CT,OI,Yes
6.30833339691162,468.100006103516,8.17900002002716,7.347000122,24.1499996185303,1,3275.82285,121.666666666667,Maize,SI,CT,OI,Yes
5.54166698455811,469.399993896484,8.61000001430511,7.007999897,19.3999996185303,1,4579.3781049505,199.82988469766,Maize,SI,CT,OI,Yes
3.71666669845581,560.0,8.12200009822845,8.0,15.460000038147,1,4465.95263793104,113.85,Maize,SI,CT,OI,Yes
9.84166717529297,663.100036621094,6.92399978637695,7.946000099,21.2000007629395,1,3898.36096195312,216.569032427866,Maize,SI,CT,OI,Yes
12.6500005722046,620.0,4.86399978399277,7.852999687,18.7299995422363,1,3729.64950361446,183.648623430609,Maize,SI,CT,OI,Yes
11.466667175293,736.299987792969,6.93599998950958,7.40899992,21.5799999237061,1,2575.592592,201.835424426475,Maize,SI,CT,OI,Yes
5.07500028610229,609.600036621094,6.90599977970123,7.809999943,21.3799991607666,1,2974.34386060547,201.360652688272,Maize,SI,CT,OI,Yes
13.1583337783813,708.0,7.20600008964539,6.770999908,21.5900001525879,1,3059.176929,173.587702522649,Maize,SI,CT,OI,Yes
9.71666717529297,573.400024414062,8.27600002288818,6.915999889,21.4699993133545,1,3560.35051595745,121.699468085107,Maize,SI,CT,OI,Yes
9.71666717529297,573.400024414062,7.23399996757507,7.571000099,20.0400009155273,1,3396.24103331067,221.617293464165,Maize,SI,CT,OI,Yes
12.3916673660278,713.299987792969,6.21999979019165,8.022000313,19.1399993896484,1,3693.2915622096,179.409255137802,Maize,SI,CT,OI,Yes
12.3916673660278,713.299987792969,6.38000011444092,8.0,20.2800006866455,1,3923.33135643564,186.538814083797,Maize,SI,CT,OI,Yes
7.45000028610229,404.300018310547,8.14000010490417,7.263999939,20.0799999237061,1,4349.42129953846,194.653305642021,Maize,SI,CT,OI,Yes
5.54166698455811,469.399993896484,8.6599999666214,7.406000137,20.6399993896484,1,4683.45086620451,197.602082285945,Maize,SI,CT,OI,Yes
7.45000028610229,404.300018310547,8.68299961090088,6.368000031,19.9347820281982,1,4924.65495677419,183.290170892607,Maize,SI,CT,OI,Yes
5.54166698455811,469.399993896484,7.96499967575073,7.374000072,20.2600002288818,1,4886.57976219512,187.096541896098,Maize,SI,CT,OI,Yes
2.70833325386047,496.700012207031,6.99000000953674,7.776000023,20.7199993133545,1,3595.866,162.867666980544,Maize,SI,CT,OI,Yes
7.45000028610229,404.300018310547,10.7280004024506,6.912000179,20.8400001525879,1,4569.45072788845,193.303332562374,Maize,SI,CT,OI,Yes
4.20000028610229,417.100006103516,10.4359996318817,6.420000076,19.1599998474121,1,4565.73316016949,117.382627118644,Maize,SI,CT,OI,Yes
6.00833320617676,681.600036621094,7.09800004959106,7.440999985,21.5799999237061,1,3213.76956,193.745654179268,Maize,SI,CT,OI,Yes
2.35000014305115,589.200012207031,10.2289998531342,6.957000256,21.25,1,3192.84286163672,196.545022700536,Maize,SI,CT,OI,Yes
5.91666698455811,345.600006103516,12.5979995727539,7.598999977,16.2700004577637,1,4930.86947560976,205.15890901904,Maize,SI,CT,OI,Yes
3.95000004768372,407.800018310547,11.159999370575,8.041999817,19.4799995422363,1,9208.12033367735,193.205660811377,Maize,SI,CT,OI,Yes
1.08333337306976,398.200012207031,13.0120003223419,7.622000217,23.2999992370605,1,10670.8232062751,229.025052434431,Maize,SI,CT,OI,Yes
-0.883333444595337,367.700012207031,15.5839991569519,7.332000256,21.6800003051758,1,6076.39888939453,233.029033300781,Maize,SI,CT,OI,Yes
2.53333330154419,374.600006103516,5.53200006484985,5.955999851,7.55999994277954,1,6076.39888939453,233.029033300781,Maize,SI,CT,OI,Yes
2.65000009536743,84.5,5.15999972820282,7.955999851,12.8400001525879,1,6076.39888939453,233.029033300781,Maize,SI,CT,OI,Yes
2.54999995231628,205.200012207031,9.82400000095367,7.654999733,22.0499992370605,1,6076.39888939453,233.029033300781,Maize,SI,CT,OI,Yes
10.5749998092651,161.800003051758,6.93000018596649,6.667000294,19.2588233947754,1,4651.7496,229.183649456302,Maize,SI,CT,OI,Yes
9.76666641235352,142.5,11.2000000476837,7.800000191,21.0,1,5271.79197352941,240.089218336046,Maize,SI,CT,OI,Yes
10.5749998092651,161.800003051758,5.72300016880035,6.572999954,10.6000003814697,1,5147.65772062252,239.196497426998,Maize,SI,CT,OI,Yes
9.98333358764648,148.800003051758,10.8850002288818,7.795000076,21.5499992370605,1,5360.37736363636,236.138491464915,Maize,SI,CT,OI,Yes
10.3083333969116,225.300003051758,11.2000000476837,7.800000191,21.0,1,5035.68636000001,227.631760352706,Maize,SI,CT,OI,Yes
9.15833377838135,244.199996948242,4.61800009012222,7.063000202,9.84000015258789,1,4293.22112903226,184.251811160744,Maize,SI,CT,OI,Yes
7.97500038146973,251.900009155273,7.38399982452393,7.335999966,19.1499996185303,1,5762.45227601351,233.805544311754,Maize,SI,CT,OI,Yes
10.5749998092651,161.800003051758,10.5280005931854,7.332000256,21.0,1,5197.93006466368,244.852562520741,Maize,SI,CT,OI,Yes
8.42500019073486,379.300018310547,7.37499952316284,7.599999905,20.5,1,3915.15896345398,193.658430090353,Maize,SI,CT,OI,Yes
7.80000019073486,438.400024414062,7.4099999666214,7.584000111,20.4799995422363,1,3933.66157894737,188.703303579042,Maize,SI,CT,OI,Yes
6.59999990463257,498.399993896484,9.76499974727631,7.68200016,22.2299995422363,1,3569.1558,138.027777777778,Maize,SI,CT,OI,Yes
6.59999990463257,498.399993896484,15.2929997444153,6.861999989,22.6800003051758,1,3549.2829,182.259450816147,Maize,SI,CT,OI,Yes
9.125,482.200012207031,7.89999961853027,7.360000134,20.2000007629395,1,4212.82826297254,204.321705922635,Maize,SI,CT,OI,Yes
10.375,157.0,10.164999961853,7.635000229,21.4500007629395,1,4302.39359878784,233.027656700567,Maize,SI,CT,OI,Yes
10.0666666030884,193.800003051758,10.4760003089905,7.519000053,12.960000038147,1,5523.35472857143,231.929470042211,Maize,SI,CT,OI,Yes
7.97500038146973,251.900009155273,7.66299962997437,7.578000069,20.5400009155273,1,4112.18025,200.605281348542,Maize,SI,CT,OI,Yes
0.591666579246521,195.800003051758,12.0780003070831,7.450000286,19.6200008392334,1,4370.4538125,137.245833333333,Maize,SI,CT,OI,Yes
13.7583332061768,26.6000003814697,7.40099966526031,7.421000004,18.2099990844727,1,2711.15287539404,223.406254186025,Maize,SI,CT,OI,Yes
15.0583333969116,45.2000007629395,10.7940006256104,7.541000366,20.8799991607666,1,3130.035,184.5,Maize,SI,CT,OI,Yes
4.08333349227905,119.5,25.9680008888245,6.641000271,42.189998626709,1,3407.77376030273,206.507510788657,Maize,SI,CT,OI,Yes
11.1333332061768,192.800003051758,10.1370000839233,7.736999989,18.1700000762939,1,5296.04600039146,210.658688494175,Maize,SI,CT,OI,Yes
10.5166664123535,202.400009155273,9.82299983501434,8.05300045,21.2999992370605,1,4800.41385709779,207.605978427124,Maize,SI,CT,OI,Yes
11.1666669845581,171.300003051758,12.9290008544922,7.157000065,14.6199998855591,1,5177.9661,227.354137398892,Maize,SI,CT,OI,Yes
10.5333337783813,154.100006103516,7.13200032711029,7.874000072,19.4899997711182,1,3997.51255718816,226.348672957426,Maize,SI,CT,OI,Yes
8.04166698455811,143.300003051758,7.88100004196167,7.288000107,23.3500003814697,1,5759.77108510503,217.521556651814,Maize,SI,CT,OI,Yes
9.01666736602783,174.600006103516,10.7959997653961,7.062000275,21.2000007629395,1,5238.48658679707,216.229523263474,Maize,SI,CT,OI,Yes
5.5,131.0,11.5109992027283,7.913000107,19.1700000762939,1,4600.05974370229,216.07290214081,Maize,SI,CT,OI,Yes
9.51666641235352,154.600006103516,8.7610000371933,7.847000122,22.4899997711182,1,6250.08139950838,241.535479776536,Maize,SI,CT,OI,Yes
10.3333330154419,101.699996948242,13.0980002880096,7.767000198,23.1200008392334,1,5142.99658656716,229.180688076001,Maize,SI,CT,OI,Yes
2.63333344459534,411.0,13.173999786377,7.592000008,21.0,1,6565.43256147541,256.980430327869,Maize,SI,CT,OI,Yes
11.8833332061768,66.4000015258789,5.04799962043762,7.900000095,22.0,1,3515.15263372581,215.409809194418,Maize,SI,CT,OI,Yes
12.1416664123535,80.9000015258789,6.92300021648407,7.835000038,15.789999961853,1,3031.87669726531,227.071244020475,Maize,SI,CT,OI,Yes
13.1166667938232,43.5999984741211,5.87100028991699,7.717000008,10.7600002288818,1,3768.40978885089,203.954839566933,Maize,SI,CT,OI,Yes
11.2583341598511,26.2999992370605,17.1920001506805,6.493999958,13.4899997711182,1,3764.77287,212.651453120158,Maize,SI,CT,OI,Yes
10.5583333969116,108.700004577637,5.83000004291534,7.899000168,17.7800006866455,1,4764.01822230216,229.209495103654,Maize,SI,CT,OI,Yes
11.2666664123535,98.2000045776367,7.70900011062622,7.778999805,23.5100002288818,1,4963.09989230769,223.497197510038,Maize,SI,CT,OI,Yes
10.5583333969116,108.700004577637,5.62999963760376,7.747000217,20.6399993896484,1,4177.37234651163,220.570225738873,Maize,SI,CT,OI,Yes
11.3000001907349,70.5999984741211,8.50800037384033,7.125999928,19.8999996185303,1,4108.00768421053,223.083792022813,Maize,SI,CT,OI,Yes
11.4083337783813,99.7000045776367,6.66899979114532,7.485000134,20.8999996185303,1,3252.64702134146,226.542474340009,Maize,SI,CT,OI,Yes
11.4083337783813,99.7000045776367,6.42799973487854,7.668000221,18.7800006866455,1,4979.3409375,232.638765694314,Maize,SI,CT,OI,Yes
13.4833335876465,62.8000030517578,9.65300023555756,7.751999855,25.3500003814697,1,4815.31827144928,212.918208266694,Maize,SI,CT,OI,Yes
11.6750001907349,111.200004577637,16.9130003452301,6.701000214,10.7700004577637,1,3923.6953690378,207.7598323737,Maize,SI,CT,OI,Yes
9.72500038146973,187.800003051758,11.603000164032,7.39800024,13.8900003433228,1,5329.21966162921,214.779990203645,Maize,SI,CT,OI,Yes
8.96666717529297,203.300003051758,16.8790006637573,6.782999992,16.4300003051758,1,5433.7844559593,209.77468522738,Maize,SI,CT,OI,Yes
12.4916667938232,49.6000022888184,6.89200043678284,7.423999786,19.0799999237061,1,3181.42429285714,197.571428571429,Maize,SI,CT,OI,Yes
8.31666660308838,157.400009155273,9.43000018596649,7.546999931,18.3099994659424,1,4713.8604,217.479144200002,Maize,SI,CT,OI,Yes
10.9000005722046,132.5,14.8280000686646,6.904000282,12.2200002670288,1,4208.78988461539,220.694251305964,Maize,SI,CT,OI,Yes
11.875,112.300003051758,6.01999998092651,7.690000057,26.6000003814697,1,4064.09174672754,207.75133516017,Maize,SI,CT,OI,Yes
13.1999998092651,98.0,24.1530013084412,5.904000282,4.42999982833862,1,3517.418765625,194.817262708008,Maize,SI,CT,OI,Yes
11.875,112.300003051758,21.1080002784729,5.975999832,8.72000026702881,1,3060.16035,197.174990750027,Maize,SI,CT,OI,Yes
13.1999998092651,98.0,14.782999753952,6.925000191,20.5900001525879,1,4266.07869230769,227.278579403296,Maize,SI,CT,OI,Yes
11.3916664123535,86.3000030517578,16.1770009994507,6.788000107,14.4899997711182,1,3549.2829,220.78020459974,Maize,SI,CT,OI,Yes
12.8000001907349,51.7000007629395,19.5390009880066,6.415999889,8.13000011444092,1,3810.60703295455,202.652981967681,Maize,SI,CT,OI,Yes
12.8000001907349,51.7000007629395,15.0139999389648,6.880000114,10.7200002670288,1,3455.21654347826,208.541675999908,Maize,SI,CT,OI,Yes
11.5166673660278,62.0,19.7760009765625,6.360000134,8.14000034332275,1,2866.13130276721,201.394239171727,Maize,SI,CT,OI,Yes
13.375,56.3000030517578,11.5289998054504,7.577000141,26.0100002288818,1,4935.39953463866,216.832740169233,Maize,SI,CT,OI,Yes
13.1833333969116,88.0,8.25399994850159,7.781000137,22.3600006103516,1,3349.39457142857,221.863422528032,Maize,SI,CT,OI,Yes
13.4333333969116,56.5,8.36099982261658,7.827000141,16.2700004577637,1,3485.08082727273,222.975751625926,Maize,SI,CT,OI,Yes
14.0583333969116,42.2000007629395,19.080001115799,6.122000217,11.1800003051758,1,3338.70191816193,209.358199717957,Maize,SI,CT,OI,Yes
14.0583333969116,42.2000007629395,19.080001115799,6.122000217,11.1800003051758,1,3375.64377857143,198.848966826304,Maize,SI,CT,OI,Yes
14.0583333969116,42.2000007629395,23.5220003128052,5.97300005,4.73999977111816,1,3272.75470566502,194.099634284268,Maize,SI,CT,OI,Yes
13.5083332061768,49.7000007629395,16.7599999904633,6.171000004,14.8100004196167,1,3614.7373314,218.325274230798,Maize,SI,CT,OI,Yes
9.84166717529297,314.800018310547,9.37099993228912,7.822000027,21.5200004577637,1,4962.09036067416,139.102808988764,Maize,SI,CT,OI,Yes
8.55833339691162,355.600006103516,10.7949995994568,8.140000343,19.75,1,5694.10631932823,187.155715969358,Maize,SI,CT,OI,Yes
6.24166679382324,286.700012207031,9.02499973773956,7.834000111,18.7000007629395,1,4748.79276668806,201.152127484554,Maize,SI,CT,OI,Yes
2.54999995231628,256.0,4.53999996185303,8.243000031,6.76000022888184,1,5732.91236050157,152.145141065831,Maize,SI,CT,OI,Yes
5.47499990463257,385.100006103516,5.82799971103668,8.228000641,8.88000011444092,1,5821.98361928571,165.362142857143,Maize,SI,CT,OI,Yes
5.85000038146973,241.5,8.85999977588654,7.760000229,14.8999996185303,1,5777.06787117212,164.045828933474,Maize,SI,CT,OI,Yes
7.77500009536743,279.0,5.75199961662292,8.094000816,25.7299995422363,1,5391.21985125463,199.471026737968,Maize,SI,CT,OI,Yes
7.06666660308838,189.700012207031,5.74100017547607,7.940999985,18.8999996185303,1,5658.20903712575,212.547353293413,Maize,SI,CT,OI,Yes
5.67500019073486,243.100006103516,6.95699989795685,7.835000038,18.3299999237061,1,4969.57606708861,140.541139240507,Maize,SI,CT,OI,Yes
16.9833335876465,1599.20007324219,9.82400000095367,4.30700016,22.5499992370605,1,5729.18197079857,188.225148986889,Maize,SI,CT,OI,Yes
3.17499995231628,232.199996948242,8.98599982261658,8.098999977,24.4599990844727,1,4642.15896176471,139.976470588235,Maize,SI,CT,OI,Yes
7.56666660308838,246.0,10.8729994297028,8.18900013,19.7700004577637,1,6457.46487038627,251.692497854077,Maize,SI,CT,OI,Yes
4.47500038146973,156.100006103516,7.07099974155426,8.006999969,22.8999996185303,1,2365.152,126.466666666667,Maize,SI,CT,OI,Yes
4.30833339691162,259.399993896484,7.10500001907349,8.069000244,18.5599994659424,1,4994.072124,164.428666666666,Maize,SI,CT,OI,Yes
6.52500009536743,205.800003051758,6.53899967670441,7.78000021,22.8999996185303,1,3812.3592,127.248148148148,Maize,SI,CT,OI,Yes
3.89166688919067,250.400009155273,8.18700015544891,8.06400013,24.3799991607666,1,3467.71785517241,147.128275862069,Maize,SI,CT,OI,Yes
7.73333358764648,157.199996948242,10.6350004673004,7.670000076,19.8600006103516,1,5322.62600165189,213.834500976649,Maize,SI,CT,OI,Yes
4.85000038146973,331.5,5.57399988174438,7.201000214,21.3500003814697,1,4161.22664415584,197.559260047059,Maize,SI,CT,OI,Yes
2.42500019073486,230.800003051758,13.2840001583099,7.677000046,21.8500003814697,1,3653.49836170213,184.439865341861,Maize,SI,CT,OI,Yes
