MAT,MAP,SOC,pH,Clay,Duration,C_input,N_input,Planting_system,Return,Tillage,Irrigation,Topdressing
13.4083337783813,496.899993896484,5.9039998054504395,7.706999779,16.4699993133545,1,3135.0010007031256,224.6738965372258,Maize,SI,CT,NI,No
13.9750003814697,517.0,6.1410003900528,7.295000076,13.7700004577637,1,3665.6957001290325,303.29559139784897,Maize,SI,CT,NI,No
13.0833330154419,460.0,6.37799978256226,6.992000103,13.4099998474121,1,3136.4562400000004,242.02666666666653,Maize,SI,CT,NI,No
13.4083337783813,496.899993896484,5.96200048923492,8.005999565,17.7600002288818,1,3232.6975081967216,245.6603044496482,Maize,SI,CT,NI,No
13.0833330154419,460.0,4.98299986124039,7.545000076,13.7741937637329,1,3040.265634945398,226.11154446177852,Maize,SI,CT,NI,No
11.6916666030884,517.599975585938,6.416000127792359,7.1300001139999996,17.0,1,3482.976,366.00000000000006,Maize,SI,CT,NI,No
13.9416666030884,542.0,6.50799989700317,7.159999847,20.9599990844727,1,3582.2049317647056,201.4959243697476,Maize,SI,CT,NI,No
13.9499998092651,506.200012207031,4.32500004768372,8.149999619,14.25,1,3138.4917203883497,197.3555825242718,Maize,SI,CT,NI,No
14.8000001907349,523.200012207031,6.122999787330629,7.454999924,15.7272729873657,1,2884.4698692864977,206.44439048659615,Maize,SI,CT,NI,No
14.8000001907349,523.200012207031,6.29999995231628,6.5,9.0,1,3461.8928167630056,215.3917630057804,Maize,SI,CT,NI,No
13.9499998092651,506.200012207031,5.2009999752044695,5.929999828,14.5243902206421,1,3242.143221917808,209.60605022830995,Maize,SI,CT,NI,No
15.1666669845581,544.400024414062,6.31999969482422,6.650000095,10.1999998092651,1,3391.6836041958045,149.23330419580668,Maize,SI,CT,NI,No
14.7333335876465,538.600036621094,6.28499984741211,6.574999809,9.44999980926514,1,3465.510902269289,199.99720121028736,Maize,SI,CT,NI,No
13.1000003814697,567.200012207031,4.99799996614456,7.876999855,14.3800001144409,1,3187.101547136564,184.57529152630238,Maize,SI,CT,NI,No
13.9499998092651,506.200012207031,3.3500000834465,3.994999886,13.9074077606201,1,3219.834388432303,190.1481591448927,Maize,SI,CT,NI,No
15.1666669845581,544.400024414062,6.53800010681152,7.373000145,16.9799995422363,1,3355.3324686486485,170.23407335907376,Maize,SI,CT,NI,No
14.7333335876465,538.600036621094,6.42000019550323,6.487999916,9.89999961853027,1,3377.2728854599404,176.60509016206294,Maize,SI,CT,NI,No
12.9250001907349,621.400024414062,5.4720002412796,7.874000072,17.4599990844727,1,3932.1856066115706,307.004132231405,Maize,SI,CT,NI,No
12.9250001907349,621.400024414062,5.51199972629547,7.431999683,23.0599994659424,1,3564.384298347759,215.1042191188106,Maize,SI,CT,NI,No
12.341667175293,640.200012207031,5.57200014591217,8.048000336,15.0600004196167,1,3550.8692953241475,305.85243957532833,Maize,SI,CT,NI,No
12.5666666030884,633.799987792969,5.43000042438507,8.090000153,14.3999996185303,1,3576.7226542728636,243.51471764118398,Maize,SI,CT,NI,No
11.7333335876465,607.200012207031,7.11300015449524,7.456999779,20.1499996185303,1,3447.4135787586206,263.86034482758623,Maize,SI,CT,NI,No
13.5749998092651,579.900024414062,7.00800001621246,7.78000021,19.1000003814697,1,3370.91559082083,236.42541924094692,Maize,SI,CT,NI,No
11.5666666030884,560.299987792969,5.037000179290771,7.357999802,18.2600002288818,1,3471.3247189592366,300.80365134431605,Maize,SI,CT,NI,No
11.1750001907349,659.100036621094,6.42099976539612,6.678999901,16.1700000762939,1,3254.718165137615,438.6337155963309,Maize,SI,CT,NI,No
11.1750001907349,659.100036621094,8.58399987220764,7.06799984,20.0400009155273,1,3006.9445867310014,251.8950542822666,Maize,SI,CT,NI,No
11.7250003814697,636.099975585938,6.27499997615814,7.677000046,18.5799999237061,1,3310.235685178876,284.79812606473547,Maize,SI,CT,NI,No
12.341667175293,640.200012207031,6.8290001153945905,7.517000198,21.7000007629395,1,3417.7340552207424,279.5829712683976,Maize,SI,CT,NI,No
15.3083333969116,598.400024414062,7.72700011730194,7.298999786,26.3400001525879,1,3548.4724773662538,331.1736233588268,Maize,SI,CT,NI,No
11.375,640.900024414062,8.97000014781952,7.862999916,14.5600004196167,1,2896.1020735273246,196.77480482611244,Maize,SI,CT,NI,No
15.0083332061768,603.799987792969,6.0379999876022294,7.933000088,16.7999992370605,1,3102.993212802768,204.1660899653976,Maize,SI,CT,NI,No
15.3083333969116,598.400024414062,6.73500001430511,6.599999905,13.25,1,3317.3336474324497,289.4352307549446,Maize,SI,CT,NI,No
15.2333335876465,568.799987792969,6.466000080108641,7.928999901,24.7199993133545,1,3490.0892936170217,144.0488909008601,Maize,SI,CT,NI,No
14.2416667938232,584.200012207031,4.15200024843216,8.154000282,13.3800001144409,1,2932.2804674253202,172.49724395447572,Maize,SI,CT,NI,No
14.8000001907349,523.200012207031,4.62999999523163,5.385000229,16.8333339691162,1,3177.520368,187.5,Maize,SI,CT,NI,No
15.0666666030884,552.100036621094,4.03899997472763,8.168000221,13.289999961853,1,3417.1851038297877,194.5705851063829,Maize,SI,CT,NI,No
15.0666666030884,552.100036621094,6.4819997549057,7.864999771,19.9200000762939,1,3094.2152198828126,206.44439048659615,Maize,SI,CT,NI,No
14.8000001907349,523.200012207031,4.62999999523163,5.385000229,16.8333339691162,1,3337.1995816513763,162.80891218872222,Maize,SI,CT,NI,No
15.3083333969116,559.5,5.7769995927810704,7.953999996,19.5300006866455,1,3498.312,137.99999999999966,Maize,SI,CT,NI,No
15.0749998092651,543.200012207031,5.662000179290771,8.038000107,16.2800006866455,1,3315.5341002726545,118.97884522854878,Maize,SI,CT,NI,No
15.3083333969116,559.5,5.8090001344680795,7.901000023,19.6200008392334,1,3147.7952372093027,156.99069767441816,Maize,SI,CT,NI,No
15.3083333969116,559.5,5.53600013256073,7.962999821,18.9099998474121,1,3328.381844108761,154.09380664652574,Maize,SI,CT,NI,No
15.1166667938232,552.300048828125,6.15799963474274,8.015999794,19.6200008392334,1,3080.3091598828137,206.44439048659615,Maize,SI,CT,NI,No
14.9416666030884,546.799987792969,5.60899972915649,8.086999893,15.4799995422363,1,2835.697963007813,206.44439048659615,Maize,SI,CT,NI,No
15.3083333969116,559.5,5.9039998054504395,8.038000107,19.0200004577637,1,3190.7400000000002,160.57142857142856,Maize,SI,CT,NI,No
15.2333335876465,568.799987792969,8.5809999704361,7.190000057,16.5,1,3413.660186046512,232.34186046511613,Maize,SI,CT,NI,No
13.9833335876465,510.300018310547,4.1809999942779505,8.140999794,13.5299997329712,1,3320.57393166287,200.283485193622,Maize,SI,CT,NI,No
12.3916664123535,467.600006103516,8.37700009346008,7.056000233,19.3999996185303,1,2941.6050915254236,275.9521791767612,Maize,SI,CT,NI,No
13.9833335876465,510.300018310547,6.3049995899200395,7.196000099,14.25,1,3441.8011636363635,113.71120129870127,Maize,SI,CT,NI,No
13.5,486.300018310547,5.62300026416779,7.785999775,15.8299999237061,1,3233.0183822514387,217.35373870172523,Maize,SI,CT,NI,No
14.4333333969116,562.0,5.314000248909,7.970000267,17.3999996185303,1,3492.836882588598,110.94325885978348,Maize,SI,CT,NI,No
13.9833335876465,510.300018310547,6.12600028514862,7.604000092,21.3099994659424,1,3635.0916885126962,127.6356711003631,Maize,SI,CT,NI,No
8.91666698455811,477.800018310547,5.10299980640411,8.095999718,16.6499996185303,1,3122.101284280937,252.16103678929724,Maize,SI,CT,NI,No
14.4333333969116,562.0,8.99399995803833,5.938000202,31.2682933807373,1,3233.712595203489,232.67741642441192,Maize,SI,CT,NI,No
13.9833335876465,510.300018310547,6.49999976158142,8.0,21.0,1,3206.226714801444,154.58447653429636,Maize,SI,CT,NI,No
13.5,486.300018310547,6.78900003433228,7.190999985,15.4700002670288,1,3139.3923777874948,265.10056843025797,Maize,SI,CT,NI,No
14.7166662216187,566.099975585938,4.86299991607666,8.131999969,11.6400003433228,1,3687.7567058823543,167.20588235294116,Maize,SI,CT,NI,No
14.2916669845581,517.5,4.5620000362396205,7.84499979,12.7799997329712,1,3432.960867760098,281.35116279069763,Maize,SI,CT,NI,No
14.7333335876465,538.600036621094,5.58099985122681,7.290999889,9.65999984741211,1,3480.18144,223.24,Maize,SI,CT,NI,No
14.091667175293,551.700012207031,5.06900012493134,8.147000313,12.1199998855591,1,3344.7307236333054,112.770857863752,Maize,SI,CT,NI,No
13.9833335876465,510.300018310547,6.02699995040894,7.875,16.4699993133545,1,3447.4903773522074,195.3513322231475,Maize,SI,CT,NI,No
13.5,486.300018310547,6.191999912261959,7.635000229,16.7199993133545,1,3488.649355707986,154.44546790788476,Maize,SI,CT,NI,No
14.7333335876465,538.600036621094,8.561999797821041,6.602000237,19.6200008392334,1,3656.893122409212,162.43141844870044,Maize,SI,CT,NI,No
13.9833335876465,510.300018310547,6.29999995231628,6.5,9.0,1,3496.20712129396,113.9925879210562,Maize,SI,CT,NI,No
4.11666679382324,378.100006103516,13.4899997711182,5.87100029,26.8255805969238,1,2106.305041618903,206.44439048659615,Maize,SI,CT,NI,No
5.50833320617676,329.600006103516,14.2620003223419,7.170000076,24.3799991607666,1,3074.4389352517983,132.53848920863283,Maize,SI,CT,NI,No
6.32500028610229,482.399993896484,6.78699970245361,7.960000038,19.9500007629395,1,2910.3224298254363,199.9823566084788,Maize,SI,CT,NI,No
7.59166669845581,379.600006103516,8.37799966335297,7.933000088,20.6599998474121,1,3663.0904384615387,239.07199239713813,Maize,SI,CT,NI,No
7.36666679382324,358.700012207031,15.4170000553131,6.625,13.0500001907349,1,3951.149599247412,295.8064440263408,Maize,SI,CT,NI,No
10.0666666030884,447.200012207031,7.72199988365173,7.856999874,18.0699996948242,1,3589.5739009100917,280.67828540225577,Maize,SI,CT,NI,No
8.85833358764648,421.700012207031,19.9390006065369,6.044000149,7.09375,1,3461.487749279791,215.87478175469207,Maize,SI,CT,NI,No
7.06666660308838,440.600006103516,5.90799987316132,8.029000282,19.2199993133545,1,3046.913708809892,191.3753256789637,Maize,SI,CT,NI,No
10.1000003814697,559.700012207031,8.314999938011171,7.162000179,20.1299991607666,1,3599.447797271773,241.72507869884458,Maize,SI,CT,NI,No
11.5666666030884,560.299987792969,5.860999822616581,7.523999691,21.8700008392334,1,3127.347200191617,199.44582035928548,Maize,SI,CT,NI,No
10.0083341598511,442.700012207031,4.66600000858307,7.324999809,16.5699996948242,1,3706.474613629716,234.00000000004522,Maize,SI,CT,NI,No
8.71666717529297,450.0,6.643999814987181,7.811999798,19.6800003051758,1,3475.0909679881074,187.230717294344,Maize,SI,CT,NI,No
7.34166669845581,428.399993896484,4.4420000910759,7.303999901,13.4099998474121,1,3024.757143464605,150.14768059917864,Maize,SI,CT,NI,No
10.1000003814697,559.700012207031,7.0039999485015905,7.141999722,21.4400005340576,1,3386.840948634891,266.36453031004163,Maize,SI,CT,NI,No
6.51666688919067,419.900024414062,6.20899975299835,6.478000164,13.9700002670288,1,3301.3502761506275,215.81085774058474,Maize,SI,CT,NI,No
14.7583332061768,651.099975585938,5.6580001115798995,7.980999947,17.8099994659424,1,3319.392,228.19940476190447,Maize,SI,CT,NI,No
14.5250005722046,628.299987792969,5.18100023269653,7.926000118,16.2700004577637,1,3343.6478441227,113.16773006134954,Maize,SI,CT,NI,No
14.7416667938232,646.299987792969,6.21600031852722,7.974999905,22.9699993133545,1,3287.861694727105,143.22853839037796,Maize,SI,CT,NI,No
13.9500007629395,629.0,4.75800007581711,7.931000233,17.3099994659424,1,3272.9166822742477,245.53260869565,Maize,SI,CT,NI,No
14.4833335876465,647.300048828125,5.31599998474121,7.961999893,17.6200008392334,1,3239.854257200812,172.01379310345644,Maize,SI,CT,NI,No
14.7166662216187,566.099975585938,5.64000010490417,7.980000019,17.7999992370605,1,3357.7604536282706,159.07155381710504,Maize,SI,CT,NI,No
14.7583332061768,651.099975585938,5.51400005817413,7.97300005,17.7299995422363,1,2969.197836351563,206.44439048659615,Maize,SI,CT,NI,No
14.6000003814697,569.200012207031,5.5680000782012895,7.975999832,17.7600002288818,1,3609.6689642384113,148.4562913907283,Maize,SI,CT,NI,No
14.4416666030884,609.5,6.2180000543594405,7.735000134,14.4799995422363,1,3168.115486665147,141.55536243446508,Maize,SI,CT,NI,No
14.4833335876465,647.300048828125,5.48799991607666,7.971000195,17.7700004577637,1,3178.5515773584907,239.04716981132083,Maize,SI,CT,NI,No
14.7583332061768,651.099975585938,5.26199996471405,7.959000111,17.5900001525879,1,3204.9867216972034,217.65347155255196,Maize,SI,CT,NI,No
14.4750003814697,597.300048828125,5.33399999141693,7.962999821,17.6299991607666,1,3408.6114247096098,217.20007039775058,Maize,SI,CT,NI,No
14.4833335876465,647.300048828125,6.18000030517578,7.93599987,27.7999992370605,1,3224.357466944848,209.77482311320574,Maize,SI,CT,NI,No
14.4416666030884,609.5,6.00000023841858,8.0,18.0,1,3370.6326098003633,114.16524500907435,Maize,SI,CT,NI,No
14.091667175293,551.700012207031,5.39200007915497,8.095999718,14.1599998474121,1,3799.2610834612997,296.6909109773812,Maize,SI,CT,NI,No
14.3916664123535,565.400024414062,4.69799995422363,7.986999989,12.9499998092651,1,2642.2719656143463,206.44439048659615,Maize,SI,CT,NI,No
13.9416666030884,542.0,5.4140001535415605,8.078000069,14.1899995803833,1,3173.961834146341,234.81010452961672,Maize,SI,CT,NI,No
14.5250005722046,628.299987792969,5.18999993801117,7.954999924,17.5499992370605,1,3187.447500321467,168.58314085009883,Maize,SI,CT,NI,No
14.4750003814697,597.300048828125,5.65500020980835,7.953999996,16.3700008392334,1,3330.8418054054055,162.7624374374389,Maize,SI,CT,NI,No
13.9750003814697,517.0,6.152999997138981,7.888999939,22.3400001525879,1,3332.256702917153,209.82322053675654,Maize,SI,CT,NI,No
14.091667175293,551.700012207031,6.70300006866455,8.0,23.5100002288818,1,3092.773910204082,162.41415743439546,Maize,SI,CT,NI,No
13.9416666030884,542.0,5.389000177383419,7.846000195,12.4399995803833,1,3409.665483419689,257.9373769430116,Maize,SI,CT,NI,No
14.9833335876465,555.099975585938,5.774999856948851,8.050000191,18.75,1,3723.6348848948373,157.80659655831693,Maize,SI,CT,NI,No
14.9833335876465,555.099975585938,5.53400039672852,7.97300005,17.8500003814697,1,3373.4944953488366,188.96511627907034,Maize,SI,CT,NI,No
14.7166662216187,566.099975585938,7.35700011253357,7.986999989,30.3400001525879,1,3152.900955615234,206.44439048659615,Maize,SI,CT,NI,No
14.7166662216187,566.099975585938,5.06900012493134,8.147000313,12.1199998855591,1,3671.0646818181826,168.65142045454647,Maize,SI,CT,NI,No
14.7166662216187,566.099975585938,5.39200007915497,8.095999718,14.1599998474121,1,3599.7426188846525,207.17361911516022,Maize,SI,CT,NI,No
14.9416666030884,546.799987792969,6.1210000514984095,7.997000217,19.0200004577637,1,3402.4826229828855,186.49511002444996,Maize,SI,CT,NI,No
14.6000003814697,569.200012207031,4.63899999856949,8.114999771,12.1000003814697,1,3366.413797281554,114.87223300970932,Maize,SI,CT,NI,No
14.6000003814697,569.200012207031,5.69800019264221,8.053999901,16.0799999237061,1,3575.810681564247,195.67458100558628,Maize,SI,CT,NI,No
14.7166662216187,566.099975585938,5.13300001621246,8.109999657,13.25,1,3593.3519679525225,233.39109792284816,Maize,SI,CT,NI,No
9.43333339691162,503.100006103516,5.56900024414062,8.055999756,17.1700000762939,1,3870.094592727273,137.9660606060603,Maize,SI,CT,NI,No
9.36666679382324,490.0,5.93400001525879,8.038000107,19.2000007629395,1,2542.409333232423,178.45574876529673,Maize,SI,CT,NI,No
7.50833368301392,511.899993896484,5.92000007629395,8.039999962,19.2000007629395,1,2952.575571428572,186.09350649350645,Maize,SI,CT,NI,No
9.43333339691162,503.100006103516,7.057999968528749,7.802000046,20.5799999237061,1,2955.404634782609,166.48695652173905,Maize,SI,CT,NI,No
7.13333368301392,371.399993896484,5.15699982643127,7.912000179,18.5100002288818,1,4098.307024390245,201.1697560975611,Maize,SI,CT,NI,No
7.59166669845581,379.600006103516,6.5459996461868295,7.927000046,20.0900001525879,1,4055.3402347027977,286.6035839160864,Maize,SI,CT,NI,No
6.27500009536743,443.100006103516,5.87099969387054,7.992000103,19.4099998474121,1,2471.913544343263,178.45574876529673,Maize,SI,CT,NI,No
7.68333339691162,474.5,4.84200000762939,8.104000092,15.9799995422363,1,3579.397227272727,306.84545454545463,Maize,SI,CT,NI,No
6.09166669845581,450.100006103516,6.34800016880035,7.949999809,19.0300006866455,1,4020.289800000001,195.97894736842082,Maize,SI,CT,NI,No
5.875,406.399993896484,4.14900004863739,8.18599987,12.3299999237061,1,2970.2290875,104.13214285714284,Maize,SI,CT,NI,No
10.6166667938232,588.799987792969,6.57999992370605,8.0,21.0,1,3407.1430360169493,120.45254237288135,Maize,SI,CT,NI,No
8.75,544.900024414062,6.68500006198883,7.861999989,20.3999996185303,1,3825.204658536586,166.53658536585377,Maize,SI,CT,NI,No
9.875,651.299987792969,5.5790001153945905,8.057999611,17.9099998474121,1,3887.9346428571434,189.77142857142877,Maize,SI,CT,NI,No
10.8333339691162,660.700012207031,6.376000046730041,7.952000141,21.3199996948242,1,3526.303372340425,169.2230496453898,Maize,SI,CT,NI,No
9.875,651.299987792969,6.32699966430664,8.013999939,20.3700008392334,1,3084.8183578183593,178.45574876529673,Maize,SI,CT,NI,No
10.8333339691162,660.700012207031,5.04499971866608,8.109999657,16.0499992370605,1,4123.604823529412,280.38970588235304,Maize,SI,CT,NI,No
10.841667175293,638.200012207031,4.46400016546249,8.128000259,14.1599998474121,1,4554.659103022671,192.44735516372808,Maize,SI,CT,NI,No
10.5333337783813,602.200012207031,5.8950001001358,7.360000134,20.4456520080566,1,3841.6562261306535,194.2801507537689,Maize,SI,CT,NI,No
10.5333337783813,602.200012207031,6.28399968147278,8.008000374,20.0400009155273,1,4216.623091525423,223.19796610169485,Maize,SI,CT,NI,No
8.30833339691162,629.200012207031,6.31399989128113,8.0,20.0799999237061,1,3531.16725,106.50000000000001,Maize,SI,CT,NI,No
11.5833330154419,684.5,6.3949996232986495,8.0,20.3700008392334,1,4063.3829363592226,70.32087378640783,Maize,SI,CT,NI,No
12.7333335876465,686.900024414062,6.2169998884201005,7.979000092,20.0300006866455,1,3973.9942500000016,169.45028735632178,Maize,SI,CT,NI,No
10.3249998092651,754.700012207031,6.559999585151671,8.0,21.0,1,4338.7035,217.31161616161654,Maize,SI,CT,NI,No
11.8166666030884,633.400024414062,4.58400011062622,8.128000259,14.8800001144409,1,4379.946582733813,100.21258992805751,Maize,SI,CT,NI,No
6.59166669845581,454.5,5.55999994277954,7.820000172,17.3199996948242,1,2871.890305384617,178.45574876529673,Maize,SI,CT,NI,No
5.88333368301392,441.700012207031,6.4190000295639,7.892000198,19.4099998474121,1,3769.1002040816325,177.37244897959187,Maize,SI,CT,NI,No
6.70833349227905,410.5,7.15999960899353,7.915999889,21.0,1,3839.1333000000004,113.75933333333334,Maize,SI,CT,NI,No
8.48333358764648,379.800018310547,5.49199998378754,7.21600008,16.2399997711182,1,4253.027434020619,116.31494845360822,Maize,SI,CT,NI,No
5.88333368301392,441.700012207031,6.09499990940094,7.449999809,16.0900001525879,1,3134.4306135678394,107.0201005025126,Maize,SI,CT,NI,No
10.2583332061768,502.400024414062,4.77700024843216,8.093999863,15.1700000762939,1,3323.287004323242,178.45574876529673,Maize,SI,CT,NI,No
9.54166698455811,588.900024414062,7.537000179290771,7.96600008,19.7900009155273,1,4246.560010759878,141.2917933130699,Maize,SI,CT,NI,No
8.19166660308838,678.400024414062,6.89000010490417,8.0,20.8799991607666,1,2833.82471498108,178.45574876529673,Maize,SI,CT,NI,No
8.89166641235352,683.0,7.58000016212463,7.872000217,19.4699993133545,1,2725.141591404919,178.45574876529673,Maize,SI,CT,NI,No
10.6166667938232,588.799987792969,7.43099987506866,7.965000153,20.2299995422363,1,3563.950706070287,238.26182108626222,Maize,SI,CT,NI,No
9.25,578.900024414062,5.807999968528749,8.045999527,18.7800006866455,1,3865.566553493449,139.3837336244541,Maize,SI,CT,NI,No
11.0666666030884,527.600036621094,5.36400020122528,8.048000336,16.4799995422363,1,4862.577843564356,188.97227722772246,Maize,SI,CT,NI,No
11.0666666030884,527.600036621094,3.94199997186661,8.213000298,10.7700004577637,1,4435.060941176471,282.2542483660129,Maize,SI,CT,NI,No
10.8666667938232,586.299987792969,13.970000743866,7.75,20.0,1,3355.5563571428575,246.22193877551018,Maize,SI,CT,NI,No
10.0583333969116,541.5,5.25799989700317,8.088999748,15.5699996948242,1,4041.8233548104963,160.3626822157435,Maize,SI,CT,NI,No
14.1833333969116,627.100036621094,5.23800015449524,8.076000214,16.6200008392334,1,4002.856172924188,131.83483754512633,Maize,SI,CT,NI,No
14.1833333969116,627.100036621094,6.29700005054474,8.013999939,20.3700008392334,1,4629.8696590909085,129.97159090909096,Maize,SI,CT,NI,No
13.7750005722046,640.700012207031,5.39699971675873,8.074000359,17.4899997711182,1,3268.18904552434,178.45574876529673,Maize,SI,CT,NI,No
12.5500001907349,614.799987792969,4.94000017642975,8.100000381,15.8400001525879,1,3442.601878081054,178.45574876529673,Maize,SI,CT,NI,No
13.6666669845581,594.5,6.8349999189376796,7.859000206,19.1700000762939,1,4163.726351082591,178.45574876529673,Maize,SI,CT,NI,No
12.7333335876465,693.600036621094,5.04999995231628,8.100000381,16.5,1,3671.128505800781,178.45574876529673,Maize,SI,CT,NI,No
12.7333335876465,693.600036621094,4.5100000500679,8.050000191,16.2199993133545,1,3304.00275,299.4062499999998,Maize,SI,CT,NI,No
13.7750005722046,640.700012207031,5.253999829292299,7.748000145,17.8125,1,3240.057377255861,178.45574876529673,Maize,SI,CT,NI,No
13.6666669845581,697.5,4.42800015211105,7.875,14.1300001144409,1,3746.771462837838,266.03716216216225,Maize,SI,CT,NI,No
14.2250003814697,680.0,4.52800005674362,8.13599968,14.8800001144409,1,3292.016931362314,178.45574876529673,Maize,SI,CT,NI,No
14.6916666030884,707.5,9.42499995231628,6.970000267,22.1000003814697,1,4051.7889213484277,242.1601624015738,Maize,SI,CT,NI,No
12.5500001907349,614.799987792969,4.3320000171661395,8.133999825,14.460000038147,1,3155.3900020605465,178.45574876529673,Maize,SI,CT,NI,No
9.36666679382324,490.0,5.6049996614456195,7.961999893,18.9500007629395,1,4650.040128440367,233.81766055045844,Maize,SI,CT,NI,No
7.94166707992554,430.800018310547,5.23000001907349,7.924999714,18.8700008392334,1,4162.2388574999995,269.37750000000017,Maize,SI,CT,NI,No
6.95833349227905,476.899993896484,5.21700024604797,8.078999519,16.4200000762939,1,3693.17292,212.5064999999999,Maize,SI,CT,NI,No
6.59166669845581,454.5,6.3730001449585005,7.960999966,20.8700008392334,1,2457.8926316162097,178.45574876529673,Maize,SI,CT,NI,No
7.50833368301392,511.899993896484,6.08599960803986,7.981999874,20.2800006866455,1,4028.967044117647,103.34117647058821,Maize,SI,CT,NI,No
6.59166669845581,454.5,6.54799997806549,7.977000237,20.8400001525879,1,3548.8555321100916,151.4366972477064,Maize,SI,CT,NI,No
5.69999980926514,520.100036621094,6.0379999876022294,7.517000198,17.6399993896484,1,4246.405588235294,138.0441176470588,Maize,SI,CT,NI,No
5.69999980926514,520.100036621094,6.40999972820282,7.925000191,21.5,1,3305.251942622951,184.89344262295091,Maize,SI,CT,NI,No
8.76666736602783,396.600006103516,5.75900018215179,8.097999573,13.6899995803833,1,3803.8724812500004,165.33562500000002,Maize,SI,CT,NI,No
8.76666736602783,396.600006103516,9.26499962806702,7.122000217,19.5900001525879,1,2809.6837607142857,112.04357142857151,Maize,SI,CT,NI,No
6.82500028610229,439.100006103516,6.123999953269959,7.470999718,17.3199996948242,1,3122.0946988636365,127.28863636363637,Maize,SI,CT,NI,No
9.44166660308838,434.5,5.457000136375429,8.020999908,18.0599994659424,1,4458.999084,217.84000000000023,Maize,SI,CT,NI,No
13.6666669845581,594.5,5.04199981689453,8.093999863,16.2000007629395,1,3366.406884697267,178.45574876529673,Maize,SI,CT,NI,No
12.4166669845581,641.799987792969,6.18099987506866,8.001999855,19.1700000762939,1,3404.8752900000004,210.35999999999987,Maize,SI,CT,NI,No
13.6666669845581,594.5,4.75899994373322,8.125,14.3599996566772,1,3681.364465432827,178.45574876529673,Maize,SI,CT,NI,No
12.6500005722046,570.200012207031,6.19799971580505,8.005999565,19.4400005340576,1,4063.219323529412,312.3088235294118,Maize,SI,CT,NI,No
12.6500005722046,570.200012207031,7.87199974060059,7.506999969,20.5900001525879,1,3607.2638766315786,241.2410526315789,Maize,SI,CT,NI,No
10.716667175293,638.5,7.774999737739559,7.467999935,26.8500003814697,1,4152.138321428571,212.05158730158797,Maize,SI,CT,NI,No
12.4166669845581,641.799987792969,4.64399993419647,8.128000259,15.2399997711182,1,3729.97932,197.84999999999977,Maize,SI,CT,NI,No
10.7416667938232,620.400024414062,6.09399974346161,8.027999878,19.7399997711182,1,3523.109731914893,192.84042553191478,Maize,SI,CT,NI,No
12.5500001907349,614.799987792969,5.91399967670441,8.038000107,19.0799999237061,1,3975.036288990826,192.93784403669727,Maize,SI,CT,NI,No
10.7416667938232,620.400024414062,6.14199995994568,8.013999939,19.4400005340576,1,3989.4151047381547,216.49488778054817,Maize,SI,CT,NI,No
10.2833337783813,571.799987792969,6.104999780654909,8.020000458,19.4699993133545,1,4103.502346153845,260.15384615384625,Maize,SI,CT,NI,No
10.2833337783813,571.799987792969,7.75999963283539,7.424000263,20.2800006866455,1,3634.3534615384624,136.70000000000005,Maize,SI,CT,NI,No
10.3333330154419,636.900024414062,5.51400005817413,8.06799984,17.9400005340576,1,3885.8430828671317,223.58391608391608,Maize,SI,CT,NI,No
10.8666667938232,586.299987792969,5.71699976921082,8.053999901,18.5699996948242,1,3438.342854716981,147.4528301886792,Maize,SI,CT,NI,No
13.6666669845581,594.5,4.2110002040863,8.029999733,17.7900009155273,1,2767.7910793945316,178.45574876529673,Maize,SI,CT,NI,No
8.03333377838135,527.400024414062,6.42499983310699,8.0,20.5499992370605,1,3374.411421428572,121.00714285714285,Maize,SI,CT,NI,No
11.0666666030884,527.600036621094,5.91100037097931,8.017000198,17.9599990844727,1,5016.812296874999,240.0,Maize,SI,CT,NI,No
9.43333339691162,503.100006103516,6.15899980068207,8.022999763,18.3799991607666,1,3873.704405660377,156.87075471698114,Maize,SI,CT,NI,No
7.50000047683716,501.399993896484,7.12499976158142,7.711999893,20.4300003051758,1,2950.8692307692304,144.4230769230769,Maize,SI,CT,NI,No
10.4333333969116,449.700012207031,7.58499979972839,7.504000187,20.3799991607666,1,3613.511113636364,180.95454545454547,Maize,SI,CT,NI,No
10.6500005722046,498.5,6.50999963283539,7.967999935,20.5400009155273,1,3139.2375747457627,111.54152542372877,Maize,SI,CT,NI,No
10.6500005722046,498.5,6.33499979972839,8.0,20.0100002288818,1,2562.471681287842,178.45574876529673,Maize,SI,CT,NI,No
7.50833368301392,511.899993896484,6.49499952793121,8.0,20.9699993133545,1,2497.7892299999994,178.45574876529673,Maize,SI,CT,NI,No
8.03333377838135,527.400024414062,6.28499984741211,7.946000099,20.3700008392334,1,6494.37,291.0,Maize,SI,CT,NI,No
8.11666679382324,586.799987792969,6.261999607086181,8.013999939,20.1599998474121,1,3741.149925742575,272.8960396039604,Maize,SI,CT,NI,No
9.02499961853027,617.400024414062,6.49999976158142,8.0,21.0,1,2952.303727941177,121.85294117647058,Maize,SI,CT,NI,No
10.0583333969116,541.5,5.22300004959106,7.910999775,17.1632652282715,1,2982.4376487559816,128.98349282296658,Maize,SI,CT,NI,No
10.0583333969116,541.5,4.34700012207031,8.144000053,14.1300001144409,1,3578.1999938223935,128.63455598455593,Maize,SI,CT,NI,No
6.52500009536743,294.899993896484,4.43399995565414,8.169000626,9.39000034332275,1,4369.4079130434775,243.17190016102697,Maize,SI,CT,NI,No
8.40833377838135,313.5,7.26700007915497,7.912000179,18.9300003051758,1,4046.1680925872097,202.67025799418545,Maize,SI,CT,NI,No
7.47500038146973,345.100006103516,4.09999996423721,6.271999836,5.6399998664856,1,3619.9486530949107,165.2427699449793,Maize,SI,CT,NI,No
6.47499990463257,409.300018310547,4.01800006628036,6.578000069,5.17999982833862,1,3021.846256917688,130.16046409807268,Maize,SI,CT,NI,No
7.41666698455811,176.0,11.7870008945465,7.426000118,20.9099998474121,1,4581.0617101757725,171.5310045624751,Maize,SI,CT,NI,No
5.95000028610229,273.800018310547,20.9019994735718,6.842999935,36.8400001525879,1,4369.4079130434775,243.17190016102697,Maize,SI,CT,NI,No
4.81666660308838,197.900009155273,12.0000004768372,7.300000191,21.0,1,3144.960484867395,141.85741029641267,Maize,SI,CT,NI,No
5.29166650772095,173.800003051758,14.1999995708466,8.0,26.0,1,2862.9701032258067,122.27225806451615,Maize,SI,CT,NI,No
8.05000019073486,337.100006103516,7.54500031471252,6.506000042,12.5200004577637,1,3993.0500732766714,171.5310045624751,Maize,SI,CT,NI,No
8.16666698455811,355.200012207031,11.940000057220498,7.30700016,20.9699993133545,1,3904.5742989473697,160.52483641536446,Maize,SI,CT,NI,No
6.26666688919067,340.0,7.61000037193298,7.342000008,16.7700004577637,1,3502.828480165289,140.60189393939422,Maize,SI,CT,NI,No
5.59166669845581,331.300018310547,4.35900002717972,6.843999863,19.25,1,3173.5052268656714,110.47417081260308,Maize,SI,CT,NI,No
5.60833358764648,331.600006103516,6.78000032901764,7.264999866,15.4499998092651,1,3641.8262505494495,163.57864992150482,Maize,SI,CT,NI,No
4.30833339691162,324.800018310547,16.9729995727539,7.426000118,25.1000003814697,1,3212.2270179566567,107.78040689960248,Maize,SI,CT,NI,No
8.05833339691162,322.5,4.54800009727478,8.163999557,10.039999961853,1,4388.178696651585,248.99786199094845,Maize,SI,CT,NI,No
6.90000009536743,436.700012207031,8.61599981784821,6.55700016,23.1200008392334,1,4201.276545454546,194.12222222222223,Maize,SI,CT,NI,No
9.15833377838135,417.900024414062,6.3730001449585005,7.982999802,20.1599998474121,1,4421.525549036953,255.9641817662998,Maize,SI,CT,NI,No
8.10000038146973,382.600006103516,6.54399991035461,7.271999836,16.5200004577637,1,4144.732992479796,235.97528711186672,Maize,SI,CT,NI,No
8.60833358764648,383.800018310547,4.09999996423721,8.300000191,6.0,1,3371.87379868421,148.08829299812604,Maize,SI,CT,NI,No
7.80833387374878,467.900024414062,13.320000171661398,7.387000084,23.2800006866455,1,3371.87379868421,148.08829299812604,Maize,SI,CT,NI,No
8.47500038146973,450.0,5.20900011062622,7.610999584,7.5858588218689,1,3371.87379868421,148.08829299812604,Maize,SI,CT,NI,No
8.72500038146973,359.0,5.77600002288818,8.076999664,16.5100002288818,1,4918.346420330579,246.30632231405025,Maize,SI,CT,NI,No
8.70833396911621,435.5,6.02499961853027,7.879000187,16.9099998474121,1,3347.770216293473,262.9731062410739,Maize,SI,CT,NI,No
8.60000038146973,374.400024414062,4.71400022506714,6.265999794,10.0631580352783,1,4498.33640775488,256.9779623101942,Maize,SI,CT,NI,No
6.96666669845581,386.300018310547,12.4669992923737,7.617000103,21.8899993896484,1,3825.411135338345,156.22524167561912,Maize,SI,CT,NI,No
7.51666688919067,294.600006103516,9.97500002384186,7.615000248,21.0,1,2675.6233210546866,171.5310045624751,Maize,SI,CT,NI,No
8.64999961853027,283.899993896484,4.77400004863739,7.944000244,17.4599990844727,1,4240.596851199578,338.5511270761929,Maize,SI,CT,NI,No
8.04166698455811,381.900024414062,5.9170001745224,8.034000397,18.9300003051758,1,3500.786141176471,250.23104575163177,Maize,SI,CT,NI,No
8.90000057220459,249.200012207031,4.53599989414215,7.672999859,14.0,1,4137.590811625678,256.4244011497932,Maize,SI,CT,NI,No
8.39999961853027,200.600006103516,4.35699999332428,6.458999634,6.67999982833862,1,4137.590811625678,256.4244011497932,Maize,SI,CT,NI,No
7.65833330154419,219.0,4.024000167846681,8.184000015,5.0,1,3717.5316000000003,289.0186685159492,Maize,SI,CT,NI,No
8.58333396911621,279.100006103516,4.79000002145767,6.527999878,5.90000009536743,1,4420.9768847438745,285.6798023385287,Maize,SI,CT,NI,No
-1.70000004768372,493.0,12.603000402450599,6.457000256,22.4300003051758,1,3373.2384000000006,118.59,Maize,SI,CT,NI,No
2.72499990463257,278.600006103516,5.7200002670288095,7.524000168,11.5600004196167,1,2125.2776839212856,171.5310045624751,Maize,SI,CT,NI,No
0.0999997928738594,507.700012207031,17.0719993114471,6.638999939,22.1299991607666,1,1980.640750118757,171.5310045624751,Maize,SI,CT,NI,No
9.48333358764648,97.7000045776367,5.719000101089479,7.712999821,30.5699996948242,1,3794.9262326546636,171.5310045624751,Maize,SI,CT,NI,No
7.81666660308838,118.600006103516,8.86900007724762,7.763000011,25.0699996948242,1,4149.538387665199,321.1110132158579,Maize,SI,CT,NI,No
8.66666698455811,170.199996948242,8.87600004673004,7.142000198,18.5463924407959,1,4171.143068217875,302.73331570597605,Maize,SI,CT,NI,No
8.40833377838135,148.400009155273,6.4190000295639,7.342999935,28.7578945159912,1,4503.094449557522,272.49292035398275,Maize,SI,CT,NI,No
5.29166698455811,134.300003051758,5.5299997329711905,8.147999763,20.1200008392334,1,4503.094449557522,272.49292035398275,Maize,SI,CT,NI,No
7.46666669845581,133.600006103516,6.2819999456405595,7.571000099,15.1700000762939,1,4503.094449557522,272.49292035398275,Maize,SI,CT,NI,No
9.48333358764648,97.7000045776367,10.003000497818,7.781000137,23.0900001525879,1,4967.066298481563,288.8191757049897,Maize,SI,CT,NI,No
4.97499990463257,334.900024414062,13.1319999694824,7.28000021,22.5,1,4535.270158945295,171.5310045624751,Maize,SI,CT,NI,No
5.19999980926514,342.899993896484,12.1200001239777,7.370000362,21.6000003814697,1,2883.034875,81.89166666666665,Maize,SI,CT,NI,No
4.90833330154419,338.799987792969,10.8880007266998,7.21600008,19.4699993133545,1,2594.9363999999996,102.15,Maize,SI,CT,NI,No
4.63333320617676,310.600006103516,12.0160007476807,7.300000191,21.0200004577637,1,2444.536248000001,91.2825,Maize,SI,CT,NI,No
5.40833330154419,367.100006103516,12.0000004768372,7.300000191,21.0,1,2520.6427962616817,95.62514018691567,Maize,SI,CT,NI,No
5.19999980926514,342.899993896484,13.2560002803802,5.703999996,27.2588233947754,1,3674.491427466151,173.61652390163158,Maize,SI,CT,NI,No
5.97499990463257,362.5,11.007999181747401,6.278000355,22.0,1,2480.65125,57.131249999999945,Maize,SI,CT,NI,No
3.53333330154419,380.799987792969,23.4060001373291,6.650000095,38.0200004577637,1,2480.65125,57.131249999999945,Maize,SI,CT,NI,No
4.97499990463257,334.900024414062,11.728000640869102,7.081000328,21.1134014129639,1,2480.65125,57.131249999999945,Maize,SI,CT,NI,No
4.94999980926514,261.100006103516,14.610000848770099,7.150000095,24.8999996185303,1,2323.4259829007624,118.7373091603053,Maize,SI,CT,NI,No
7.34166669845581,379.200012207031,21.9440007209778,6.740000248,35.810001373291,1,3012.6321131178706,148.68436311787022,Maize,SI,CT,NI,No
5.64166688919067,440.800018310547,14.0149998664856,7.820000172,22.0499992370605,1,3292.407862251656,159.2542573320718,Maize,SI,CT,NI,No
-0.774999976158142,482.899993896484,19.0279996395111,7.160000324,22.7399997711182,1,2066.367331445617,171.5310045624751,Maize,SI,CT,NI,No
5.01666688919067,455.600006103516,12.331999540328999,7.346000195,22.0300006866455,1,3371.87379868421,148.08829299812604,Maize,SI,CT,NI,No
6.65000009536743,442.100006103516,13.904000520706198,7.504000187,22.6599998474121,1,3371.87379868421,148.08829299812604,Maize,SI,CT,NI,No
5.77500009536743,434.100006103516,13.544000387191799,7.032000065,22.1700000762939,1,3693.077147428681,135.51062398626075,Maize,SI,CT,NI,No
7.20833349227905,442.0,18.5520005226135,7.032000065,30.5,1,3186.8577062410945,117.64195639783375,Maize,SI,CT,NI,No
2.25,274.800018310547,13.044000864028899,7.240000248,22.5599994659424,1,1876.0021094781268,171.5310045624751,Maize,SI,CT,NI,No
4.67500019073486,365.200012207031,4.17500019073486,6.764999866,10.5500001907349,1,1662.212676923077,74.3076923076923,Maize,SI,CT,NI,No
4.95000028610229,283.899993896484,12.0000004768372,7.300000191,21.0,1,2424.377939648438,171.5310045624751,Maize,SI,CT,NI,No
4.27500009536743,326.800018310547,12.746000289917001,7.449000359,19.7399997711182,1,3225.216839751838,171.5310045624751,Maize,SI,CT,NI,No
3.97500014305115,329.800018310547,20.934000015258796,6.81000042,34.25,1,2597.4789473684204,45.9078947368421,Maize,SI,CT,NI,No
3.70833325386047,338.0,8.33999991416931,7.015999794,15.4899997711182,1,1873.1765941747572,69.60889967637482,Maize,SI,CT,NI,No
7.85000038146973,157.300003051758,4.30000007152557,5.699999809,5.0,1,4396.715852307693,286.43538461538634,Maize,SI,CT,NI,No
8.875,89.8000030517578,4.98600006103516,7.044000149,26.7199993133545,1,4396.715852307693,286.43538461538634,Maize,SI,CT,NI,No
10.466667175293,27.0,4.62399989366531,7.927000046,20.3700008392334,1,5445.132,285.0,Maize,SI,CT,NI,No
8.875,523.200012207031,4.09999996423721,8.300000191,6.0,1,3737.915398442662,206.30772770174565,Maize,SI,CT,NI,No
8.875,523.200012207031,7.90399968624115,6.388000011,23.1200008392334,1,4432.090675405581,197.57949383517195,Maize,SI,CT,NI,No
10.2916669845581,579.100036621094,8.13899993896484,8.055999756,12.5100002288818,1,4217.800950835117,135.57815845824413,Maize,SI,CT,NI,No
11.6750001907349,762.0,1.33200004696846,7.422344414,22.0,1,3468.2807389453124,209.6893449934858,Maize,SI,CT,NI,No
11.0666666030884,633.100036621094,10.4970002174377,6.459000111,22.4099998474121,1,3429.4608852389174,209.6893449934858,Maize,SI,CT,NI,No
12.0250005722046,651.400024414062,13.0430006980896,6.100999832,22.638298034668,1,3357.7486965285552,143.30988241881397,Maize,SI,CT,NI,No
10.4083337783813,764.100036621094,16.5289998054504,6.413000107,22.8700008392334,1,3652.8529807559185,195.04942544651774,Maize,SI,CT,NI,No
10.6333332061768,599.700012207031,9.55099999904633,8.164999962,13.4099998474121,1,3992.0710668154998,525.2128847073832,Maize,SI,CT,NI,No
8.94999980926514,853.700012207031,13.5080003738403,6.394999981,20.8099994659424,1,3512.796,215.1,Maize,SI,CT,NI,No
9.89166641235352,688.900024414062,18.1380009651184,6.392000198,23.0799999237061,1,3939.844197128168,241.9686934940607,Maize,SI,CT,NI,No
6.90833330154419,904.700012207031,12.8090000152588,6.527999878,22.4200000762939,1,3408.79875,190.0125,Maize,SI,CT,NI,No
6.41666650772095,974.600036621094,11.4610004425049,6.289000034,22.826530456543,1,3910.2040485511925,239.04991951062215,Maize,SI,CT,NI,No
10.841667175293,1011.79998779297,10.738000869751001,6.236999989,25.9450550079346,1,3552.634141040463,183.066999474512,Maize,SI,CT,NI,No
9.69999980926514,1026.80004882812,15.608000755310101,6.445000172,22.8299999237061,1,3566.4719999999998,182.73731707317498,Maize,SI,CT,NI,No
10.4666662216187,557.299987792969,22.1979999542236,6.921999931,43.5400009155273,1,3839.7606128266034,276.49881235154396,Maize,SI,CT,NI,No
10.2083339691162,487.800018310547,6.94999992847443,7.315000057,20.3600006103516,1,4182.066387143724,204.2789872650044,Maize,SI,CT,NI,No
10.8250007629395,532.200012207031,6.48299992084503,7.643000126,19.2600002288818,1,3775.5750260869554,235.4230434782611,Maize,SI,CT,NI,No
10.091667175293,521.799987792969,12.6719999313354,6.384000301,23.0400009155273,1,4639.992,196.5,Maize,SI,CT,NI,No
9.85000038146973,683.799987792969,17.0940005779266,6.399000168,23.0599994659424,1,3960.49965207937,180.99989127481234,Maize,SI,CT,NI,No
9.89166641235352,688.900024414062,12.353000640869102,6.40899992,22.9099998474121,1,4096.80583372434,228.57184750733077,Maize,SI,CT,NI,No
9.35000038146973,478.299987792969,8.3789998292923,6.84499979,21.9500007629395,1,3708.0380066225166,189.7052980132446,Maize,SI,CT,NI,No
9.58333396911621,525.299987792969,6.71800017356873,7.914000034,13.0100002288818,1,3459.12,234.0000000000154,Maize,SI,CT,NI,No
9.31666660308838,719.100036621094,13.691999912262,6.447999954,22.5200004577637,1,3980.8679965919846,226.37503944461335,Maize,SI,CT,NI,No
9.31666660308838,719.100036621094,9.86299991607666,6.636000156,23.1599998474121,1,4237.021126005362,305.58607813098655,Maize,SI,CT,NI,No
10.6333332061768,599.700012207031,10.900000333786,7.631999969,28.8999996185303,1,3573.5539773206688,209.6893449934858,Maize,SI,CT,NI,No
9.04166698455811,624.900024414062,16.9340002536774,6.794000149,22.4200000762939,1,4260.329353612167,192.7103929024082,Maize,SI,CT,NI,No
7.42500019073486,655.200012207031,10.9189999103546,6.417000294,22.8299999237061,1,4144.636467150055,217.18016467985743,Maize,SI,CT,NI,No
8.19166660308838,624.400024414062,10.4120004177094,6.452000141,22.4799995422363,1,4334.930293115423,172.0797242083747,Maize,SI,CT,NI,No
9.04166698455811,624.900024414062,14.7460007667542,6.394999981,23.0499992370605,1,4222.527010516854,205.32359550561796,Maize,SI,CT,NI,No
8.19166660308838,624.400024414062,12.569999694824201,6.796999931,22.6299991607666,1,4310.897989101554,188.1240234374764,Maize,SI,CT,NI,No
8.93333339691162,454.0,7.161999940872191,6.945000172,22.8400001525879,1,3727.5,45.0,Maize,SI,CT,NI,No
9.14999961853027,512.200012207031,6.97899997234344,7.609000206,20.8799991607666,1,4603.253841131823,260.7949054550433,Maize,SI,CT,NI,No
9.14999961853027,512.200012207031,6.02400004863739,7.927999973,20.4599990844727,1,4201.276545454546,194.12222222222223,Maize,SI,CT,NI,No
10.125,453.800018310547,6.37699961662292,7.509999752,21.8999996185303,1,3545.806398983482,227.27361287589235,Maize,SI,CT,NI,No
8.85833358764648,566.700012207031,6.36099994182587,7.96600008,20.0100002288818,1,3683.8021580449154,210.97523117569017,Maize,SI,CT,NI,No
11.0333337783813,582.5,6.00000023841858,8.0,18.0,1,4053.0594702886247,144.22014714204957,Maize,SI,CT,NI,No
9.49166679382324,589.600036621094,7.800000309944149,6.763999939,21.3600006103516,1,3030.6960600000007,209.6893449934858,Maize,SI,CT,NI,No
10.1333332061768,559.799987792969,4.66200023889542,5.105000019,19.8857135772705,1,3844.0341725867743,240.07543704079112,Maize,SI,CT,NI,No
7.24166679382324,559.599975585938,20.6789994239807,7.287000179,32.3400001525879,1,4444.987140929808,262.9584776663623,Maize,SI,CT,NI,No
5.80833339691162,645.700012207031,19.5000004768372,6.400000095,23.0,1,4313.52066423095,190.5556081400845,Maize,SI,CT,NI,No
6.49166679382324,576.200012207031,20.626001358032198,6.410000324,26.2000007629395,1,4233.360032432432,211.60492845786996,Maize,SI,CT,NI,No
5.65833330154419,720.400024414062,7.73800015449524,6.399000168,20.8500003814697,1,4685.750724252817,226.71478441939908,Maize,SI,CT,NI,No
4.94166660308838,700.600036621094,9.9099999666214,7.026000023,19.7099990844727,1,3931.3174619878287,175.1379310344827,Maize,SI,CT,NI,No
5.48333358764648,796.0,14.1490006446838,6.96600008,22.0200004577637,1,4402.2073199999995,203.23272727272715,Maize,SI,CT,NI,No
5.85833358764648,678.799987792969,10.144000053405799,6.43200016,22.2399997711182,1,4472.344592226148,192.97632508833925,Maize,SI,CT,NI,No
6.23333311080933,753.100036621094,14.139000177383402,6.604000092,21.1700000762939,1,4367.0885945806485,228.34825806451508,Maize,SI,CT,NI,No
8.40833377838135,572.200012207031,10.430999994278,6.395999908,23.0400009155273,1,4432.683173040753,237.10164576802498,Maize,SI,CT,NI,No
7.00833320617676,633.900024414062,12.791999578476002,6.585999966,20.4500007629395,1,4216.420408709853,206.8509980039893,Maize,SI,CT,NI,No
7.53333330154419,550.400024414062,20.0399994850159,6.526000023,25.8799991607666,1,4216.204347408654,208.62929215716096,Maize,SI,CT,NI,No
8.11666679382324,519.200012207031,4.13100004196167,7.906000137,8.44999980926514,1,3715.6440495652178,184.3923913043477,Maize,SI,CT,NI,No
6.5,771.400024414062,11.143000125885,6.118999958,19.6000003814697,1,4296.8082340293895,237.96975595084322,Maize,SI,CT,NI,No
7.42500019073486,655.200012207031,12.092000246048,6.254000187,20.6800003051758,1,4456.961305797101,179.81145330111173,Maize,SI,CT,NI,No
5.78333330154419,907.200012207031,10.1410007476807,6.717000008,21.9899997711182,1,3668.1330506024096,197.10206540447496,Maize,SI,CT,NI,No
6.23333311080933,753.100036621094,9.07000005245209,6.521999836,18.8700008392334,1,4057.1013120000007,215.01228571428487,Maize,SI,CT,NI,No
6.15833330154419,827.700012207031,8.7880003452301,6.449999809,21.0599994659424,1,4649.442927607362,288.6530674846625,Maize,SI,CT,NI,No
6.5,771.400024414062,13.691999912262,6.772000313,21.6800003051758,1,4399.141419661017,243.58474576271237,Maize,SI,CT,NI,No
5.81666660308838,969.400024414062,13.8499999046326,6.979000092,22.7399997711182,1,3779.170170403588,194.25964125560566,Maize,SI,CT,NI,No
4.68333339691162,761.0,8.19800019264221,6.080999851,19.4400005340576,1,3888.117146666667,157.5059259259261,Maize,SI,CT,NI,No
4.55000019073486,842.299987792969,8.3349996805191,6.388000011,23.2399997711182,1,3817.281072069464,208.31461649782935,Maize,SI,CT,NI,No
3.40000009536743,774.600036621094,9.19000029563904,6.791999817,22.2299995422363,1,3663.6440689655174,190.6720689655168,Maize,SI,CT,NI,No
5.10833311080933,880.600036621094,15.4519999027252,6.826000214,22.8199996948242,1,3726.968674015749,179.88087739032602,Maize,SI,CT,NI,No
6.90833330154419,483.5,14.6800005435944,6.734000206,27.3595504760742,1,3642.2821697978607,282.15517241379365,Maize,SI,CT,NI,No
7.18333339691162,472.100006103516,16.1199998855591,7.792000294,25.0,1,3628.122367853042,181.1810562571763,Maize,SI,CT,NI,No
7.16666698455811,454.700012207031,12.4609994888306,7.763999939,27.3799991607666,1,3731.23308023258,155.67229382690945,Maize,SI,CT,NI,No
7.70000028610229,462.299987792969,12.1299993991852,7.708000183,25.0,1,3702.512436481836,110.83537284894855,Maize,SI,CT,NI,No
7.54166698455811,445.899993896484,13.540999889373799,7.654000282,22.2783508300781,1,3836.532468231351,177.7091680637054,Maize,SI,CT,NI,No
6.80833339691162,458.800018310547,14.1149997711182,5.915999889,22.9529418945312,1,3742.085242358993,371.4104558404557,Maize,SI,CT,NI,No
5.94166660308838,708.700012207031,9.96800005435944,6.784999847,21.9099998474121,1,3847.054239061584,198.0143841642226,Maize,SI,CT,NI,No
5.94166660308838,708.700012207031,12.698999643325799,6.020999908,23.9099998474121,1,3641.788869381109,153.85150651465634,Maize,SI,CT,NI,No
4.34166669845581,711.799987792969,10.460000038147,6.079999924,19.0,1,3747.7992872727273,139.49090909090916,Maize,SI,CT,NI,No
7.34999990463257,723.700012207031,14.387999773025498,6.777999878,21.2900009155273,1,3622.9811912109376,178.6723388671905,Maize,SI,CT,NI,No
5.53333330154419,689.400024414062,11.642999649047901,7.03000021,21.1100006103516,1,3619.0435130769233,183.95506730769318,Maize,SI,CT,NI,No
5.53333330154419,689.400024414062,9.34300005435944,6.395999908,19.4699993133545,1,2112.5525217391305,161.2173913043478,Maize,SI,CT,NI,No
5.80000019073486,715.400024414062,10.694000720977801,6.779000282,21.9699993133545,1,3257.7122304255317,142.1936170212767,Maize,SI,CT,NI,No
4.63333320617676,663.200012207031,10.430999994278,6.856999874,21.7346935272217,1,3544.0160734426236,142.29836065573755,Maize,SI,CT,NI,No
5.46666669845581,622.200012207031,18.6700010299683,6.539999962,22.7999992370605,1,4048.056189455174,188.265965099239,Maize,SI,CT,NI,No
5.46666669845581,622.200012207031,15.9310007095337,7.002000332,22.1399993896484,1,3952.533644313968,123.92359394314398,Maize,SI,CT,NI,No
4.79166698455811,607.799987792969,14.5389997959137,5.80700016,22.0107536315918,1,4050.4141195551438,157.83871640407764,Maize,SI,CT,NI,No
4.22499990463257,683.0,14.7210001945496,5.671000004,22.3146076202393,1,4146.793585514019,95.7441588785052,Maize,SI,CT,NI,No
4.70833349227905,668.5,19.000000953674302,6.28000021,24.0,1,3902.6982266924556,192.04043243990478,Maize,SI,CT,NI,No
4.71666669845581,649.0,19.5000004768372,6.400000095,23.0,1,3831.5449846153847,195.55260021668516,Maize,SI,CT,NI,No
3.83333325386047,699.200012207031,15.2369999885559,5.756000042,21.7912082672119,1,3512.5204312500005,119.12779017857159,Maize,SI,CT,NI,No
4.22499990463257,683.0,17.3550009727478,5.696000099,23.0,1,3455.6938723404255,80.15026595744663,Maize,SI,CT,NI,No
4.34999990463257,734.799987792969,16.800000667572,6.340000153,22.5200004577637,1,3194.0142447363273,147.44637314403005,Maize,SI,CT,NI,No
4.34999990463257,734.799987792969,13.5339999198914,6.31099987,20.6599998474121,1,3310.1444912621364,117.23244336569677,Maize,SI,CT,NI,No
5.22500038146973,677.100036621094,14.617999792098999,6.277999878,20.8899993896484,1,4549.896067199992,184.49999999999523,Maize,SI,CT,NI,No
5.625,551.799987792969,21.115999221801797,7.038000107,27.3600006103516,1,3469.6932120715346,170.97876304023745,Maize,SI,CT,NI,No
4.23333311080933,476.100006103516,14.1470003128052,6.566999912,22.6599998474121,1,3484.7302430307363,98.00891708363082,Maize,SI,CT,NI,No
6.79166650772095,393.300018310547,6.94700002670288,7.118999958,19.1770839691162,1,3907.927190360111,159.9906648199447,Maize,SI,CT,NI,No
4.93333339691162,598.400024414062,21.2260007858276,6.559999943,28.6200008392334,1,3168.014021052632,117.26750877192845,Maize,SI,CT,NI,No
4.90833330154419,596.5,19.0759992599487,6.990000248,23.6000003814697,1,3303.511340761142,127.91321357035261,Maize,SI,CT,NI,No
2.99166679382324,499.5,15.98100066185,6.042999744,23.0,1,3056.5499999999997,75.0,Maize,SI,CT,NI,No
2.77499985694885,602.799987792969,19.5000004768372,6.400000095,23.0,1,2913.374967144887,147.44637314403005,Maize,SI,CT,NI,No
3.42499995231628,492.399993896484,17.4699997901917,6.925000191,22.6499996185303,1,2957.5559504789976,115.83271923360374,Maize,SI,CT,NI,No
3.52500009536743,469.100006103516,17.043000459671,6.464000225,22.8500003814697,1,2836.2609988230856,147.44637314403005,Maize,SI,CT,NI,No
5.36666679382324,659.900024414062,14.063000679016099,6.90199995,21.2800006866455,1,3545.9433770330215,178.94467718087728,Maize,SI,CT,NI,No
5.07499980926514,641.5,8.84700000286102,6.207000256,21.8099994659424,1,3458.5248839612486,130.19709364908502,Maize,SI,CT,NI,No
5.14166688919067,632.099975585938,10.959000587463398,6.1300001139999996,20.3500003814697,1,3626.185959894459,146.26015831134637,Maize,SI,CT,NI,No
3.39999985694885,626.600036621094,16.1640000343323,6.251999855,25.0300006866455,1,3190.9028419354845,137.34331797235455,Maize,SI,CT,NI,No
4.60000038146973,565.400024414062,17.3010003566742,6.265999794,22.8500003814697,1,3446.9010731707317,116.47560975609778,Maize,SI,CT,NI,No
4.84999990463257,573.0,19.0340006351471,6.366000175,22.9899997711182,1,3145.5417075812275,165.20009025271133,Maize,SI,CT,NI,No
5.0,606.5,17.4120008945465,6.228000164,22.9699993133545,1,3637.1784763542573,120.39041272570967,Maize,SI,CT,NI,No
3.80833339691162,702.099975585938,12.0239996910095,5.796000004,29.8199996948242,1,3099.284419485827,147.44637314403005,Maize,SI,CT,NI,No
6.15833330154419,486.600006103516,22.2390007972717,6.858000278,26.5400009155273,1,3103.3111546875007,147.44637314403005,Maize,SI,CT,NI,No
6.26666688919067,497.500030517578,21.777000427246097,6.894000053,25.2199993133545,1,4198.158588371708,143.9155209541185,Maize,SI,CT,NI,No
6.26666688919067,497.500030517578,19.1219997406006,6.653999805,30.1800003051758,1,3668.0057153627213,158.11330267268295,Maize,SI,CT,NI,No
5.06666660308838,561.0,21.2320017814636,6.980999947,25.0,1,3215.9105073573364,51.73603956169203,Maize,SI,CT,NI,No
5.97499990463257,410.300018310547,7.5220000743866,6.465999603,23.7600002288818,1,3505.0345645829457,150.8623250606464,Maize,SI,CT,NI,No
2.00000023841858,628.900024414062,28.1550002098083,6.296000004,20.0400009155273,1,2811.0490979648457,147.44637314403005,Maize,SI,CT,NI,No
2.78333330154419,673.600036621094,15.7520008087158,6.644000053,22.4799995422363,1,3466.983063157895,92.94736842105264,Maize,SI,CT,NI,No
4.59166669845581,585.299987792969,14.5899999141693,5.872000217,25.6499996185303,1,3345.173257696693,113.83811288483632,Maize,SI,CT,NI,No
4.54166698455811,583.800048828125,15.2850008010864,6.644999981,22.3999996185303,1,3850.16038113949,91.2210216110045,Maize,SI,CT,NI,No
3.95833349227905,654.799987792969,17.6450002193451,6.616000175,22.5959587097168,1,3643.7817932085054,131.84086004443012,Maize,SI,CT,NI,No
3.75833344459534,631.700012207031,18.1090009212494,6.388000011,23.0799999237061,1,2580.785454545455,116.90909090909084,Maize,SI,CT,NI,No
4.55000019073486,574.200012207031,17.0350003242493,6.316999912,22.9200000762939,1,3727.72332912482,129.09253945480674,Maize,SI,CT,NI,No
4.76666688919067,626.300048828125,17.940000295639,5.888000011,23.0,1,3643.7583462555062,165.07665198237865,Maize,SI,CT,NI,No
4.44166660308838,625.799987792969,13.328000307083101,6.084000111,21.7299995422363,1,3508.986754626866,137.96857379767903,Maize,SI,CT,NI,No
5.28333330154419,739.200012207031,9.545000195503231,6.427999973,21.7299995422363,1,1374.952470527342,147.44637314403005,Maize,SI,CT,NI,No
3.75,666.400024414062,10.6270003318787,6.921000004,20.5499992370605,1,4532.64,182.70000000000388,Maize,SI,CT,NI,No
5.33333349227905,648.200012207031,15.731000900268599,6.293000221,21.5499992370605,1,3636.010575360924,158.56328200192615,Maize,SI,CT,NI,No
3.95000004768372,682.299987792969,8.72500002384186,6.604000092,18.5599994659424,1,3188.870313191489,137.93790273556203,Maize,SI,CT,NI,No
2.58333325386047,562.100036621094,11.6999995708466,6.699999809,48.0,1,1884.6929402829642,147.44637314403005,Maize,SI,CT,NI,No
1.75,578.100036621094,14.312000274658201,6.359000206,21.8799991607666,1,4133.510769230769,90.0,Maize,SI,CT,NI,No
0.691666424274445,578.5,15.299999713897702,6.467999935,22.5100002288818,1,2598.049613177083,147.44637314403005,Maize,SI,CT,NI,No
2.77499985694885,602.799987792969,18.9300000667572,6.438000202,22.8099994659424,1,2982.2138178559035,147.44637314403005,Maize,SI,CT,NI,No
1.96666693687439,606.0,12.703000307083101,6.100999832,22.8299999237061,1,2224.572,50.50000000000001,Maize,SI,CT,NI,No
4.57500028610229,613.100036621094,19.5000004768372,6.400000095,23.0,1,3916.8613099218746,147.44637314403005,Maize,SI,CT,NI,No
4.83333349227905,525.900024414062,15.7889997959137,6.837999821,22.6100006103516,1,3947.8355262446235,178.84296250768742,Maize,SI,CT,NI,No
5.40000009536743,573.299987792969,21.152999401092497,6.733000278,24.7000007629395,1,3738.8141468227413,144.25040969899612,Maize,SI,CT,NI,No
4.83333349227905,525.900024414062,21.6560006141663,6.889999866,24.9599990844727,1,3408.773296406661,155.34717040190228,Maize,SI,CT,NI,No
3.77499985694885,660.299987792969,15.336999893188501,6.038000107,23.0400009155273,1,3400.6354535463242,191.03833865814744,Maize,SI,CT,NI,No
4.35833311080933,581.600036621094,19.5499992370605,7.025000095,22.8299999237061,1,3605.9361224299064,154.22940031151708,Maize,SI,CT,NI,No
3.84166669845581,631.200012207031,19.5000004768372,6.400000095,23.0,1,2733.946242978968,147.44637314403005,Maize,SI,CT,NI,No
5.75833320617676,412.200012207031,22.0920014381409,6.144000053,35.2400016784668,1,3328.822397788041,149.47628261139883,Maize,SI,CT,NI,No
5.57500028610229,535.099975585938,17.2200000286102,7.460000038,23.3199996948242,1,4574.84854777871,182.12370075435774,Maize,SI,CT,NI,No
4.13333368301392,605.0,18.5720002651215,6.639999866,22.8400001525879,1,3072.2945210527837,147.44637314403005,Maize,SI,CT,NI,No
0.516666769981384,480.5,15.9630000591278,6.085000038,22.3999996185303,1,1629.5329458794085,147.44637314403005,Maize,SI,CT,NI,No
-1.69166660308838,479.5,9.21999990940094,6.21999979,22.3500003814697,1,3120.034380421875,147.44637314403005,Maize,SI,CT,NI,No
17.7583332061768,1362.59997558594,2.62199997901917,1.873000026,21.1666660308838,1,3379.9187722499996,293.19485339671684,Maize,SI,CT,NI,No
17.7583332061768,1362.59997558594,11.2000000476837,7.800000191,21.0,1,3511.0886053125014,293.19485339671684,Maize,SI,CT,NI,No
16.908332824707,1270.0,13.6890006065369,7.209000111,20.1900005340576,1,3683.3765084745755,326.63644067796463,Maize,SI,CT,NI,No
16.8999996185303,1413.60009765625,9.96399998664856,6.892000198,21.2666664123535,1,4030.7267999999995,595.5,Maize,SI,CT,NI,No
15.6666669845581,820.0,6.17200016975403,7.958000183,26.1200008392334,1,3177.7942886553874,306.85357079252327,Maize,SI,CT,NI,No
15.6666669845581,820.0,8.99800002574921,7.407999992,33.5531921386719,1,3240.7107085714288,272.2373541247462,Maize,SI,CT,NI,No
15.841667175293,940.5,6.96600019931793,7.611999989,20.3099994659424,1,3081.645208856255,292.4786924597585,Maize,SI,CT,NI,No
16.3666667938232,1021.10003662109,4.24199998378754,8.289999962,6.30000019073486,1,3182.1256304932735,324.6625560538117,Maize,SI,CT,NI,No
15.7250003814697,965.099975585938,8.88200044631958,7.346000195,28.75,1,3493.1923963386726,339.0701945080072,Maize,SI,CT,NI,No
15.7250003814697,965.099975585938,7.17900037765503,8.029999733,27.5300006866455,1,3150.344577472055,323.00887790197936,Maize,SI,CT,NI,No
16.9250011444092,1369.30004882812,11.2000000476837,7.800000191,21.0,1,2822.815103522728,293.19485339671684,Maize,SI,CT,NI,No
17.1499996185303,1424.40002441406,12.5529992580414,6.271999836,31.0200004577637,1,3005.898200625,293.19485339671684,Maize,SI,CT,NI,No
16.7333335876465,1277.90002441406,12.0609998703003,5.585000038,30.9393939971924,1,2743.540438897058,293.19485339671684,Maize,SI,CT,NI,No
16.7333335876465,1277.90002441406,7.80400037765503,7.952000141,25.0200004577637,1,3191.104658958332,293.19485339671684,Maize,SI,CT,NI,No
17.2083339691162,1384.80004882812,12.294000387191799,4.703999996,31.1000003814697,1,2736.2207199999993,293.19485339671684,Maize,SI,CT,NI,No
16.9750003814697,1371.40002441406,10.351999998092701,7.845000267,21.8999996185303,1,2932.727641875,293.19485339671684,Maize,SI,CT,NI,No
16.25,1261.0,5.96400022506714,7.998000145,17.9799995422363,1,3370.2563999999998,349.275,Maize,SI,CT,NI,No
16.8250007629395,1174.20007324219,5.04700005054474,8.06099987,12.3030300140381,1,3215.977827259614,293.19485339671684,Maize,SI,CT,NI,No
16.283332824707,1334.80004882812,5.81200003623962,6.872000217,8.60000038146973,1,3214.1550101249995,293.19485339671684,Maize,SI,CT,NI,No
16.25,1261.0,8.31000030040741,7.730000019,17.8500003814697,1,3903.033657290322,303.29559139784897,Maize,SI,CT,NI,No
16.908332824707,1270.0,4.624000191688539,2.828000069,38.0444450378418,1,3328.128012121211,272.23468013467965,Maize,SI,CT,NI,No
15.1166667938232,946.600036621094,8.125,6.448999882,20.0599994659424,1,3070.538108394698,279.03534609720293,Maize,SI,CT,NI,No
15.4416666030884,1018.20001220703,9.613000154495241,7.399000168,21.9300003051758,1,3339.4934548063125,227.81061692969894,Maize,SI,CT,NI,No
15.4416666030884,1018.20001220703,9.805000424385069,7.920000076,33.3600006103516,1,3341.8697647058825,266.98897058823525,Maize,SI,CT,NI,No
15.8249998092651,1076.40002441406,4.62099999189377,8.255000114,7.5,1,3001.780847232143,293.19485339671684,Maize,SI,CT,NI,No
15.8249998092651,1076.40002441406,6.75100028514862,8.105000496,12.0,1,3626.294571428571,281.92607142857105,Maize,SI,CT,NI,No
16.2416667938232,1048.30004882812,9.85000014305115,5.782999992,33.4827575683594,1,3117.508471498944,282.1446164672763,Maize,SI,CT,NI,No
15.9833335876465,1239.80004882812,7.80600011348724,7.644000053,23.3199996948242,1,2956.5865151562502,293.19485339671684,Maize,SI,CT,NI,No
15.2750005722046,1057.5,7.6280003786087,8.0,30.7600002288818,1,3290.5397090539163,321.80808748728344,Maize,SI,CT,NI,No
15.716667175293,1114.40002441406,8.55000019073486,7.895999908,25.3899993896484,1,3272.9541733157193,358.5885733157194,Maize,SI,CT,NI,No
15.716667175293,1114.40002441406,11.2000000476837,7.800000191,21.0,1,3229.6947081907883,293.19485339671684,Maize,SI,CT,NI,No
15.6166667938232,1137.5,6.31500005722046,7.961999893,25.4500007629395,1,3572.983714285714,199.67142857142846,Maize,SI,CT,NI,No
16.0166664123535,1118.30004882812,9.95199978351593,7.917000294,28.0200004577637,1,3302.778,247.5,Maize,SI,CT,NI,No
16.1499996185303,1364.59997558594,9.17200028896332,7.878000259,19.8299999237061,1,3295.885002824133,278.7471758664956,Maize,SI,CT,NI,No
16.125,1073.30004882812,11.978999376296999,6.528999805,30.4300003051758,1,2837.6489681249996,293.19485339671684,Maize,SI,CT,NI,No
16.4166679382324,1147.40002441406,10.485999584198,7.480000019,22.5416660308838,1,2655.519099086537,293.19485339671684,Maize,SI,CT,NI,No
16.658332824707,1300.30004882812,16.7809998989105,6.789000034,13.1938772201538,1,2940.8196302083334,293.19485339671684,Maize,SI,CT,NI,No
16.6749992370605,1346.20007324219,11.0199999809265,7.140000343,20.7000007629395,1,3097.2156138749997,293.19485339671684,Maize,SI,CT,NI,No
16.658332824707,1300.30004882812,11.0080003738403,7.096000195,20.6800003051758,1,2879.736148437499,293.19485339671684,Maize,SI,CT,NI,No
16.875,1332.5,13.655999898910501,6.31400013,16.7676773071289,1,3711.738,187.5,Maize,SI,CT,NI,No
16.283332824707,1228.5,11.6550004482269,4.770999908,46.0666656494141,1,2940.748963455883,293.19485339671684,Maize,SI,CT,NI,No
16.8166675567627,1319.20007324219,6.98000013828278,4.743999958,21.0483875274658,1,2865.2937943749994,293.19485339671684,Maize,SI,CT,NI,No
16.533332824707,1343.80004882812,6.083999872207641,7.248000145,11.9200000762939,1,3051.274859750001,293.19485339671684,Maize,SI,CT,NI,No
16.2333335876465,1010.5,5.61900019645691,8.065000534,12.8500003814697,1,3447.461772692308,293.19485339671684,Maize,SI,CT,NI,No
15.6750001907349,999.400024414062,6.44900023937225,6.508999825,24.1204814910889,1,3492.423176470588,294.68235294117665,Maize,SI,CT,NI,No
15.841667175293,1052.5,6.4450001716613805,8.085000038,13.3500003814697,1,3151.729162644231,293.19485339671684,Maize,SI,CT,NI,No
16.5583343505859,1017.70001220703,12.1379995346069,6.026000023,38.4099998474121,1,3210.7619999999997,259.91785714285714,Maize,SI,CT,NI,No
17.9833335876465,1542.90002441406,6.78999960422516,6.217999935,14.2386360168457,1,4327.2228,195.43125,Maize,SI,CT,NI,No
17.033332824707,1616.70007324219,13.7999999523163,6.289999962,33.1100006103516,1,2778.600338958332,216.2955961531589,Maize,SI,CT,NI,No
17.1833343505859,1660.90002441406,17.8349995613098,5.934000015,30.5957450866699,1,2658.4615421875,216.2955961531589,Maize,SI,CT,NI,No
17.0166664123535,1738.0,12.9259991645813,2.979000092,43.2641525268555,1,2713.1310933173086,216.2955961531589,Maize,SI,CT,NI,No
18.3833332061768,1660.80004882812,19.2750000953674,6.410000324,35.2099990844727,1,2667.9425493749995,216.2955961531589,Maize,SI,CT,NI,No
17.9416675567627,1492.5,12.9129993915558,4.682999611,40.5999984741211,1,2781.272194687501,216.2955961531589,Maize,SI,CT,NI,No
17.9916667938232,1497.09997558594,12.250000238418599,6.562000275,23.9500007629395,1,2638.67241109375,216.2955961531589,Maize,SI,CT,NI,No
18.0666675567627,1449.19995117188,11.895000934600798,6.000999928,23.5499992370605,1,2382.0999781001415,216.2955961531589,Maize,SI,CT,NI,No
18.0666675567627,1449.19995117188,6.255000233650209,8.05700016,12.1800003051758,1,4734.138,320.25,Maize,SI,CT,NI,No
19.5249996185303,1673.30004882812,10.1610004901886,6.517000198,42.3400001525879,1,2456.251243007812,216.2955961531589,Maize,SI,CT,NI,No
18.0500011444092,1793.80004882812,8.72300028800964,7.585000038,35.2599983215332,1,2519.5261177232123,216.2955961531589,Maize,SI,CT,NI,No
18.0500011444092,1793.80004882812,16.259000301361098,5.820000172,25.0,1,2290.187581875,216.2955961531589,Maize,SI,CT,NI,No
17.1666660308838,1905.30004882812,15.4639995098114,5.421999931,28.5100002288818,1,2297.2044231249993,216.2955961531589,Maize,SI,CT,NI,No
19.5249996185303,1673.30004882812,10.255999565124501,5.171999931,39.3103446960449,1,2364.9691084375004,216.2955961531589,Maize,SI,CT,NI,No
17.716667175293,1282.80004882812,10.6710004806519,5.986000061,34.0499992370605,1,2338.551599598213,216.2955961531589,Maize,SI,CT,NI,No
17.716667175293,1282.80004882812,6.54500007629395,5.565999985,21.7808227539062,1,2527.003178437501,216.2955961531589,Maize,SI,CT,NI,No
17.716667175293,1282.80004882812,11.7840003967285,5.463999748,23.1900005340576,1,2442.6915082499995,216.2955961531589,Maize,SI,CT,NI,No
17.7583332061768,1362.59997558594,21.5000009536743,5.736000061,11.8800001144409,1,2672.7114973437488,216.2955961531589,Maize,SI,CT,NI,No
17.716667175293,1282.80004882812,9.91200029850006,7.452000141,29.3700008392334,1,2633.216560312501,216.2955961531589,Maize,SI,CT,NI,No
17.0583343505859,1490.60009765625,16.2870001792908,6.922000408,29.0699996948242,1,2757.391415284091,216.2955961531589,Maize,SI,CT,NI,No
16.8999996185303,1413.60009765625,6.2040001153945905,5.013999939,27.452054977417,1,4734.138,86.39999999999999,Maize,SI,CT,NI,No
17.7749996185303,1481.30004882812,24.731998443603498,6.440000057,28.8099994659424,1,2622.350350520832,216.2955961531589,Maize,SI,CT,NI,No
17.9583339691162,1553.0,21.3800001144409,5.975000381,36.6300010681152,1,2652.4838968749987,216.2955961531589,Maize,SI,CT,NI,No
17.7749996185303,1481.30004882812,24.731998443603498,6.440000057,28.8099994659424,1,2660.2646497159085,216.2955961531589,Maize,SI,CT,NI,No
18.1083335876465,1655.30004882812,18.3490002155304,6.11400032,19.75,1,4439.6867999999995,116.22,Maize,SI,CT,NI,No
18.2749996185303,1570.80004882812,15.8039999008179,6.34100008,26.7399997711182,1,3207.354,231.0,Maize,SI,CT,NI,No
17.9833335876465,1575.30004882812,25.081000328064,5.138999939,40.7200012207031,1,3564.993529411764,172.41176470588238,Maize,SI,CT,NI,No
18.3833332061768,1660.80004882812,15.7510006427765,6.963000298,15.5600004196167,1,2074.4666399999996,204.75,Maize,SI,CT,NI,No
17.9833335876465,1575.30004882812,14.2620003223419,6.571000099,24.6599998474121,1,3139.194,179.70000000000002,Maize,SI,CT,NI,No
17.9833335876465,1575.30004882812,15.328000783920299,6.326000214,19.4799995422363,1,3466.362,212.5,Maize,SI,CT,NI,No
17.6166667938232,1696.0,21.8020009994507,5.477000237,19.1599998474121,1,2331.498,300.0,Maize,SI,CT,NI,No
18.2250003814697,1889.09997558594,19.242000579834,5.552999973,11.9899997711182,1,2565.2186333437508,216.2955961531589,Maize,SI,CT,NI,No
18.2250003814697,1889.09997558594,27.2829985618591,5.037000179,37.7200012207031,1,2518.2609484375002,216.2955961531589,Maize,SI,CT,NI,No
17.125,2049.80004882812,29.5219993591309,4.847000122,49.4000015258789,1,2893.8179999999998,67.5,Maize,SI,CT,NI,No
18.3833332061768,1660.80004882812,14.865000247955301,6.123000145,20.0200004577637,1,2777.034578705357,216.2955961531589,Maize,SI,CT,NI,No
18.2250003814697,1889.09997558594,16.1070001125336,5.853000164,19.6800003051758,1,3180.09,118.94999999999999,Maize,SI,CT,NI,No
17.75,1262.40002441406,6.04200005531311,4.170000076,20.3666667938232,1,3057.9199893749997,216.2955961531589,Maize,SI,CT,NI,No
16.8833332061768,1773.80004882812,20.618999004364,5.59800005,39.0699996948242,1,2689.3379999999997,160.5,Maize,SI,CT,NI,No
18.25,1442.0,12.4979996681213,6.168000221,40.1428565979004,1,3916.218,175.5,Maize,SI,CT,NI,No
17.6166667938232,1696.0,16.5900003910065,5.637000084,27.1599998474121,1,2932.308352941176,189.70588235294113,Maize,SI,CT,NI,No
17.5499992370605,1811.90002441406,14.402999877929702,5.510000229,32.0499992370605,1,4371.833053150685,234.05804794520552,Maize,SI,CT,NI,No
17.408332824707,1917.30004882812,13.615000247955301,6.990000248,23.4099998474121,1,5211.258,321.5,Maize,SI,CT,NI,No
18.3999996185303,1729.30004882812,21.6560006141663,5.598999977,35.8600006103516,1,2607.61687575,216.2955961531589,Maize,SI,CT,NI,No
16.3666667938232,2041.30004882812,18.4409999847412,5.670000076,40.8199996948242,1,2303.5433031249986,216.2955961531589,Maize,SI,CT,NI,No
17.1666660308838,1905.30004882812,33.2089996337891,5.967000008,30.1100006103516,1,2411.0738205803564,216.2955961531589,Maize,SI,CT,NI,No
17.408332824707,1917.30004882812,19.7949993610382,5.070000172,46.3899993896484,1,2528.950713984374,216.2955961531589,Maize,SI,CT,NI,No
17.0833339691162,990.100036621094,11.7299997806549,5.830999851,21.3199996948242,1,3389.288769230769,185.99999999999997,Maize,SI,CT,NI,No
17.3333339691162,1191.0,11.2000000476837,7.800000191,21.0,1,3105.2531020408164,193.79591836734704,Maize,SI,CT,NI,No
17.3333339691162,1191.0,10.592000484466599,7.592000008,21.1599998474121,1,3364.122,206.25,Maize,SI,CT,NI,No
17.375,1395.0,12.839000225067101,6.816999912,19.9599990844727,1,2990.946,210.1875,Maize,SI,CT,NI,No
17.0666675567627,1132.59997558594,11.9050002098083,6.697999954,20.7800006866455,1,2598.4670958553525,259.48268747348015,Maize,SI,CT,NI,No
17.3333339691162,1191.0,9.63200032711029,6.708000183,21.0,1,2487.1856739843734,259.48268747348015,Maize,SI,CT,NI,No
17.3333339691162,1191.0,9.63200032711029,6.708000183,21.0,1,2486.4120346875006,259.48268747348015,Maize,SI,CT,NI,No
17.0416660308838,1622.5,11.2000000476837,7.800000191,21.0,1,2454.695622980769,259.48268747348015,Maize,SI,CT,NI,No
16.9583339691162,943.799987792969,7.48400032520294,6.894999981,19.3125,1,3232.077490909091,248.67575757575764,Maize,SI,CT,NI,No
16.4916667938232,965.200012207031,6.31600022315979,7.047999859,25.3777770996094,1,2910.034629883301,259.48268747348015,Maize,SI,CT,NI,No
16.8833332061768,1031.59997558594,7.882000207901,7.452000141,20.3333339691162,1,3099.227454545454,171.2556818181818,Maize,SI,CT,NI,No
17.0500011444092,1372.5,11.5560007095337,6.952000141,21.4300003051758,1,2594.248615738637,259.48268747348015,Maize,SI,CT,NI,No
17.0,1320.40002441406,10.5200004577637,7.5,21.1599998474121,1,2724.9049448076908,259.48268747348015,Maize,SI,CT,NI,No
17.0,1320.40002441406,7.91999995708466,7.258000374,15.7252750396729,1,2616.6324894010404,259.48268747348015,Maize,SI,CT,NI,No
17.5249996185303,1565.59997558594,9.400999546051029,5.467999935,21.7999992370605,1,2487.9990920931846,259.48268747348015,Maize,SI,CT,NI,No
17.6916675567627,1540.5,13.5599994659424,5.263000011,24.7294120788574,1,3200.538,140.25,Maize,SI,CT,NI,No
17.9166660308838,1690.90002441406,12.836999893188501,5.848999977,22.9898986816406,1,2251.3622947082526,259.48268747348015,Maize,SI,CT,NI,No
17.9166660308838,1690.90002441406,9.692999720573429,4.887000084,26.5699996948242,1,3261.882,119.20588235294116,Maize,SI,CT,NI,No
18.2749996185303,1670.80004882812,6.2269997596740705,7.381000042,19.4639167785645,1,2689.3379999999997,60.0,Maize,SI,CT,NI,No
16.591667175293,1501.5,11.2360000610352,7.176000118,20.7900009155273,1,2893.8179999999998,186.75,Maize,SI,CT,NI,No
16.8166675567627,1233.80004882812,10.901999473571799,7.039999962,20.6868686676025,1,2814.5376860156257,259.48268747348015,Maize,SI,CT,NI,No
16.8166675567627,1233.80004882812,10.4089999198914,6.710999966,19.2900009155273,1,2742.810281770833,259.48268747348015,Maize,SI,CT,NI,No
16.8083343505859,1039.30004882812,11.2059998512268,6.820000172,25.1100006103516,1,3293.7244717241374,206.79103448275794,Maize,SI,CT,NI,No
16.8083343505859,1039.30004882812,10.5299997329712,5.737999916,20.9699993133545,1,3037.77192,215.64999999999998,Maize,SI,CT,NI,No
16.4166679382324,1147.40002441406,10.327000617981,7.525000095,19.7676773071289,1,2565.110731657106,259.48268747348015,Maize,SI,CT,NI,No
16.8083343505859,1039.30004882812,9.91100013256073,6.750999928,19.7399997711182,1,3057.975795918367,205.48214285714357,Maize,SI,CT,NI,No
16.966667175293,978.400024414062,8.37800025939941,6.997000217,33.3899993896484,1,3098.298,276.0,Maize,SI,CT,NI,No
16.8583335876465,1007.70001220703,8.66800010204315,7.89800024,28.4200000762939,1,2982.357049080883,259.48268747348015,Maize,SI,CT,NI,No
16.1499996185303,966.200012207031,9.76000010967255,7.421999931,22.6399993896484,1,3343.2793068886135,332.65951832831774,Maize,SI,CT,NI,No
15.966667175293,857.0,5.39600014686584,8.043999672,16.5799999237061,1,3189.5314707692305,197.34663461538517,Maize,SI,CT,NI,No
15.9000005722046,897.799987792969,7.61500000953674,7.900000095,32.5200004577637,1,3287.6317276310892,274.92785422089975,Maize,SI,CT,NI,No
16.3666667938232,1021.10003662109,10.155000686645499,7.302000046,23.0200004577637,1,2851.6846282993915,264.07855064797565,Maize,SI,CT,NI,No
16.4916667938232,965.200012207031,10.069999694824201,7.215000153,24.2199993133545,1,3315.0597009463722,225.76608832807545,Maize,SI,CT,NI,No
16.8833332061768,1031.59997558594,10.9630000591278,7.21600008,22.0300006866455,1,3202.2419999999997,261.0875,Maize,SI,CT,NI,No
17.1666660308838,1108.09997558594,10.7480001449585,5.691999912,26.5319156646729,1,3346.477354838709,190.88709677419365,Maize,SI,CT,NI,No
16.591667175293,1501.5,14.2239999771118,6.815999985,10.9799995422363,1,2555.0173577812484,259.48268747348015,Maize,SI,CT,NI,No
17.3083343505859,1595.59997558594,11.6209995746613,4.915999889,27.8850574493408,1,3098.298,261.75,Maize,SI,CT,NI,No
17.3083343505859,1595.59997558594,13.7529993057251,6.671999931,23.0400009155273,1,3069.0865714285706,86.03571428571429,Maize,SI,CT,NI,No
16.8083343505859,1626.10009765625,5.66699981689453,3.746000051,22.8545455932617,1,2419.866361698447,259.48268747348015,Maize,SI,CT,NI,No
17.1499996185303,1424.40002441406,10.9430003166199,7.440999985,24.0606060028076,1,2452.6096378484563,259.48268747348015,Maize,SI,CT,NI,No
20.6333332061768,1493.80004882812,11.7760002613068,6.360000134,33.9599990844727,1,2854.52376,219.41768810441067,Maize,SI,CT,NI,No
20.6333332061768,1493.80004882812,10.7220005989075,4.923000336,42.1333351135254,1,2704.0026173437504,219.41768810441067,Maize,SI,CT,NI,No
19.783332824707,1823.5,11.8920004367828,5.353000164,34.7000007629395,1,2632.04815546875,219.41768810441067,Maize,SI,CT,NI,No
19.2916679382324,1876.10009765625,12.075999975204502,5.610000134,40.7099990844727,1,2621.453127017044,219.41768810441067,Maize,SI,CT,NI,No
19.2916679382324,1876.10009765625,12.1119999885559,5.519999981,41.5200004577637,1,2864.6065714285705,105.2142857142857,Maize,SI,CT,NI,No
19.8583335876465,1735.40002441406,11.404000520706198,5.166000366,36.3899993896484,1,2579.3246059615376,219.41768810441067,Maize,SI,CT,NI,No
19.5416679382324,1866.40002441406,12.6670002937317,5.187000275,39.7099990844727,1,2664.2305850624984,219.41768810441067,Maize,SI,CT,NI,No
19.1499996185303,1914.90002441406,12.1720004081726,5.370000362,42.8699989318848,1,2528.589462656249,219.41768810441067,Maize,SI,CT,NI,No
19.1499996185303,1914.90002441406,12.220000028610201,5.25,43.9500007629395,1,2490.9760455937503,219.41768810441067,Maize,SI,CT,NI,No
20.7083339691162,1594.90002441406,12.3080003261566,5.740000248,38.3800010681152,1,2078.5658385590277,219.41768810441067,Maize,SI,CT,NI,No
22.1083335876465,1366.20007324219,8.055999875068661,6.428999901,24.216495513916,1,2191.437373875,219.41768810441067,Maize,SI,CT,NI,No
22.1083335876465,1366.20007324219,8.68399977684021,6.196000099,23.1521739959717,1,2227.716064895833,219.41768810441067,Maize,SI,CT,NI,No
22.1083335876465,1366.20007324219,5.7260000705719,4.690000057,14.3506488800049,1,2191.751806250001,219.41768810441067,Maize,SI,CT,NI,No
19.625,1641.40002441406,10.9239995479584,6.224999905,26.6599998474121,1,2174.555057109374,219.41768810441067,Maize,SI,CT,NI,No
19.2416667938232,1718.40002441406,11.7139995098114,5.110000134,36.6399993896484,1,2487.9427249553573,219.41768810441067,Maize,SI,CT,NI,No
20.0083332061768,1659.09997558594,9.914000034332279,5.585999966,33.4382019042969,1,2774.7379315624994,219.41768810441067,Maize,SI,CT,NI,No
19.6750011444092,1913.90002441406,12.003999948501601,5.613000393,39.9900016784668,1,2660.0155602343752,219.41768810441067,Maize,SI,CT,NI,No
18.125,2104.5,12.148000001907299,5.430000305,42.3300018310547,1,2575.123036458331,219.41768810441067,Maize,SI,CT,NI,No
18.5083332061768,2002.5,12.148000001907299,5.430000305,42.3300018310547,1,2571.1293195220587,219.41768810441067,Maize,SI,CT,NI,No
18.4500007629395,2047.80004882812,12.0640003681183,5.640000343,40.439998626709,1,2466.141265664063,219.41768810441067,Maize,SI,CT,NI,No
19.8083343505859,1814.30004882812,12.195999622345,5.31000042,43.4099998474121,1,2746.9945456640635,219.41768810441067,Maize,SI,CT,NI,No
20.0833339691162,1735.0,13.036000728607199,5.194000244,33.4099998474121,1,2578.5280115625005,219.41768810441067,Maize,SI,CT,NI,No
20.0833339691162,1735.0,11.8430006504059,5.883000374,36.7599983215332,1,2807.085379419643,219.41768810441067,Maize,SI,CT,NI,No
18.8333339691162,1857.30004882812,12.204999923706099,5.572999954,31.2399997711182,1,2658.047316923077,219.41768810441067,Maize,SI,CT,NI,No
19.2333335876465,1760.70007324219,10.5999994277954,5.760000229,25.5,1,2677.491781540177,219.41768810441067,Maize,SI,CT,NI,No
20.0249996185303,1447.5,5.64999997615814,4.223999977,27.6666660308838,1,2538.0308227389705,219.41768810441067,Maize,SI,CT,NI,No
18.1499996185303,1865.09997558594,12.2870004177094,4.96200037,38.8064498901367,1,2488.1620626562494,219.41768810441067,Maize,SI,CT,NI,No
18.1833343505859,1824.0,15.7239997386932,5.234000206,25.0499992370605,1,2449.79103121875,219.41768810441067,Maize,SI,CT,NI,No
18.1833343505859,1824.0,14.5959997177124,5.700000286,29.4599990844727,1,2479.525915848213,219.41768810441067,Maize,SI,CT,NI,No
18.716667175293,2021.20007324219,11.956000328064,5.910000324,38.0099983215332,1,2591.4344914062503,111.58082365340677,Maize,SI,CT,NI,No
19.0166664123535,2028.0,11.500999927520802,7.093999863,31.5699996948242,1,2107.6060397656242,111.58082365340677,Maize,SI,CT,NI,No
17.6833343505859,1593.80004882812,11.732000112533601,5.760000229,38.0400009155273,1,2551.089068671875,111.58082365340677,Maize,SI,CT,NI,No
18.3833332061768,1574.5,11.871999502182,6.120000362,36.1199989318848,1,2695.376949375,111.58082365340677,Maize,SI,CT,NI,No
18.091667175293,1899.59997558594,13.0690002441406,5.832000256,32.7000007629395,1,2633.0696790625,111.58082365340677,Maize,SI,CT,NI,No
17.5583343505859,1755.59997558594,5.594000220298771,2.243000031,45.533332824707,1,2791.578,119.14285714285714,Maize,SI,CT,NI,No
17.375,1743.70007324219,11.8840003013611,6.21600008,37.8300018310547,1,2762.0419999999995,145.66666666666666,Maize,SI,CT,NI,No
18.6083335876465,1725.20007324219,10.2250003814697,6.776000023,24.6458339691162,1,2284.7978017708324,111.58082365340677,Maize,SI,CT,NI,No
18.6083335876465,1725.20007324219,11.275999546051,6.894000053,27.8877544403076,1,2553.8468229375017,111.58082365340677,Maize,SI,CT,NI,No
18.9833335876465,1737.59997558594,9.36999976634979,5.430000305,23.0909099578857,1,2581.639755187498,111.58082365340677,Maize,SI,CT,NI,No
18.4416675567627,1777.59997558594,10.288000106811499,6.481999874,20.680850982666,1,3074.3499607031245,111.58082365340677,Maize,SI,CT,NI,No
18.25,1866.20007324219,7.87899971008301,5.361000061,23.130952835083,1,3111.136614937501,111.58082365340677,Maize,SI,CT,NI,No
18.2083339691162,1598.40002441406,9.64100003242493,5.914000034,27.3586959838867,1,2985.1061898305084,66.08516949152546,Maize,SI,CT,NI,No
19.0583343505859,1657.90002441406,8.907999992370609,4.578999996,32.8101272583008,1,2474.777579750001,111.58082365340677,Maize,SI,CT,NI,No
19.591667175293,2049.60009765625,14.4340002536774,5.39800024,18.9899997711182,1,2324.748220178571,111.58082365340677,Maize,SI,CT,NI,No
20.875,1524.09997558594,11.6470003128052,5.912000179,20.5799999237061,1,2671.1231597727287,111.58082365340677,Maize,SI,CT,NI,No
19.8833332061768,1578.40002441406,11.4880001544952,5.486999989,35.5800018310547,1,2702.0021479687503,111.58082365340677,Maize,SI,CT,NI,No
20.6000003814697,1473.59997558594,12.1119999885559,5.519999981,41.5200004577637,1,5552.058,154.5,Maize,SI,CT,NI,No
18.7083339691162,1589.80004882812,9.5770001411438,4.891000271,23.1900005340576,1,4775.034,238.79999999999998,Maize,SI,CT,NI,No
20.6166667938232,1627.80004882812,10.5499994754791,5.544000149,26.4400005340576,1,2441.805414937499,111.58082365340677,Maize,SI,CT,NI,No
19.125,1727.20007324219,5.4900002479553205,4.010000229,21.7068958282471,1,3952.156909090908,139.4318181818182,Maize,SI,CT,NI,No
20.8916664123535,1650.0,12.3600006103516,5.468000412,41.060001373291,1,2491.837597312501,111.58082365340677,Maize,SI,CT,NI,No
20.341667175293,1689.30004882812,13.8339996337891,5.375,32.8300018310547,1,2724.2929217045457,111.58082365340677,Maize,SI,CT,NI,No
19.7333335876465,1811.40002441406,11.316000223159799,5.925000191,31.5699996948242,1,3664.026,252.25,Maize,SI,CT,NI,No
20.25,1598.90002441406,11.2119996547699,6.0,30.2700004577637,1,2312.339585203124,111.58082365340677,Maize,SI,CT,NI,No
20.1000003814697,1642.40002441406,10.6180000305176,6.003000259,23.5,1,2274.1827823557683,111.58082365340677,Maize,SI,CT,NI,No
20.4583339691162,1695.60009765625,11.535999774932899,6.016000271,33.3600006103516,1,2374.3910968749983,111.58082365340677,Maize,SI,CT,NI,No
20.966667175293,1637.90002441406,12.0280003547668,5.730000019,39.6300010681152,1,5020.41,54.0,Maize,SI,CT,NI,No
19.7333335876465,1811.40002441406,10.2250003814697,5.09100008,26.0100002288818,1,2342.3927103750007,111.58082365340677,Maize,SI,CT,NI,No
19.8083343505859,1814.30004882812,11.0240006446838,7.044000149,26.1000003814697,1,2382.1749599999994,111.58082365340677,Maize,SI,CT,NI,No
19.5666675567627,1469.09997558594,11.657999753952,6.122000217,23.8172035217285,1,2219.071874062501,111.58082365340677,Maize,SI,CT,NI,No
19.75,1657.20007324219,8.69099974632263,4.753000259,28.5949363708496,1,2440.6848707499985,111.58082365340677,Maize,SI,CT,NI,No
19.6416664123535,1676.30004882812,9.96600031852722,4.93900013,34.2068977355957,1,2541.7155469791655,111.58082365340677,Maize,SI,CT,NI,No
19.6416664123535,1676.30004882812,9.51399981975555,5.365000248,26.5747127532959,1,3384.5699999999997,145.0,Maize,SI,CT,NI,No
19.75,1657.20007324219,11.3800001144409,6.347000122,30.1499996185303,1,2192.36980134375,111.58082365340677,Maize,SI,CT,NI,No
19.9500007629395,1530.10009765625,9.01899993419647,5.56099987,26.0357151031494,1,2405.2016652083325,111.58082365340677,Maize,SI,CT,NI,No
19.6416664123535,1545.70007324219,10.938999652862499,5.631000042,30.4200000762939,1,2754.0388633593743,111.58082365340677,Maize,SI,CT,NI,No
19.6416664123535,1545.70007324219,10.0,4.663000107,38.294116973877,1,2503.4684024062485,111.58082365340677,Maize,SI,CT,NI,No
19.5666675567627,1469.09997558594,10.7439994812012,6.941999912,22.5900001525879,1,2581.1817011079556,111.58082365340677,Maize,SI,CT,NI,No
18.1000003814697,1596.09997558594,10.771000385284399,5.875,29.9400005340576,1,2242.8997323883937,111.58082365340677,Maize,SI,CT,NI,No
18.1000003814697,1596.09997558594,11.956000328064,5.276000023,30.9300003051758,1,4882.914827586206,173.25,Maize,SI,CT,NI,No
18.091667175293,1899.59997558594,11.5680003166199,6.465000153,34.2799987792969,1,2610.1582369921875,111.58082365340677,Maize,SI,CT,NI,No
18.091667175293,1767.40002441406,11.5120005607605,6.48900032,30.7199993133545,1,3047.178,102.0,Maize,SI,CT,NI,No
17.4416675567627,1740.60009765625,11.931999921798699,5.970000267,37.4700012207031,1,2603.0372226562495,111.58082365340677,Maize,SI,CT,NI,No
18.8250007629395,1706.20007324219,11.7239999771118,6.184999943,35.1500015258789,1,2572.4496608854156,111.58082365340677,Maize,SI,CT,NI,No
18.8250007629395,1706.20007324219,11.055999994278,5.977000237,28.8600006103516,1,2516.3122629807685,111.58082365340677,Maize,SI,CT,NI,No
18.091667175293,1767.40002441406,11.5960001945496,5.512000084,36.5099983215332,1,2641.9895310937504,111.58082365340677,Maize,SI,CT,NI,No
17.3833332061768,1737.0,15.039999485015901,5.72300005,36.0800018310547,1,2745.8058409218747,111.58082365340677,Maize,SI,CT,NI,No
19.5583343505859,1708.80004882812,11.0210001468658,7.340000153,21.5,1,2628.1692875892845,111.58082365340677,Maize,SI,CT,NI,No
19.5583343505859,1708.80004882812,10.831999778747601,7.140000343,24.216495513916,1,2074.3279198345595,111.58082365340677,Maize,SI,CT,NI,No
19.3916664123535,1692.09997558594,10.5949997901917,6.334000111,22.5200004577637,1,2271.515494335936,111.58082365340677,Maize,SI,CT,NI,No
19.408332824707,1755.90002441406,11.427999734878501,7.230000019,26.1299991607666,1,2087.9097356249995,111.58082365340677,Maize,SI,CT,NI,No
19.2749996185303,1856.30004882812,11.0989999771118,5.835000038,23.382022857666,1,2414.118814062499,111.58082365340677,Maize,SI,CT,NI,No
19.6166667938232,1871.59997558594,12.0879995822906,5.580000401,40.9799995422363,1,2402.5207199999995,111.58082365340677,Maize,SI,CT,NI,No
19.6166667938232,1871.59997558594,10.3999996185303,5.622000217,25.1399993896484,1,2337.0416831696434,111.58082365340677,Maize,SI,CT,NI,No
19.408332824707,1755.90002441406,10.6840002536774,6.552999973,22.2900009155273,1,2254.1539297098225,111.58082365340677,Maize,SI,CT,NI,No
19.2000007629395,1771.20007324219,12.4240005016327,5.048000336,44.6100006103516,1,2146.933300312501,111.58082365340677,Maize,SI,CT,NI,No
19.408332824707,1755.90002441406,11.6439998149872,5.982000351,34.5900001525879,1,2521.1310596484373,111.58082365340677,Maize,SI,CT,NI,No
19.2749996185303,1856.30004882812,11.9620001316071,5.605999947,39.5400009155273,1,2233.418903798077,111.58082365340677,Maize,SI,CT,NI,No
19.4750003814697,1861.70007324219,10.6060004234314,6.312000275,29.1599998474121,1,2387.586865664063,111.58082365340677,Maize,SI,CT,NI,No
14.8833332061768,672.200012207031,6.04299962520599,6.198999882,19.4874992370605,1,3251.426259882812,209.7837521084527,Maize,SI,CT,NI,No
15.5666666030884,652.799987792969,6.45299971103668,8.026000023,19.7700004577637,1,3279.243531586058,231.65589029991946,Maize,SI,CT,NI,No
15.2916669845581,625.799987792969,6.23499989509583,7.423999786,18.53125,1,3146.480177777778,161.8549382716051,Maize,SI,CT,NI,No
14.6500005722046,595.600036621094,5.370000004768371,7.965000153,17.6499996185303,1,3413.4794950657897,216.68061266447575,Maize,SI,CT,NI,No
13.841667175293,611.5,6.42300009727478,7.169000149,15.6899995803833,1,3643.432185595464,247.34315926276042,Maize,SI,CT,NI,No
14.4416666030884,575.0,5.7459998130798295,7.923999786,17.4599990844727,1,3724.7216135593226,299.7966101694915,Maize,SI,CT,NI,No
12.7250003814697,699.5,7.314000129699711,6.763000011,21.5400009155273,1,3253.2439518072288,244.26958762886463,Maize,SI,CT,NI,No
15.0416669845581,830.900024414062,5.75299978256226,7.237999916,11.2200002670288,1,3672.1076630863367,241.30905846362995,Maize,SI,CT,NI,No
13.625,602.5,4.45600003004074,7.947999954,22.3600006103516,1,2427.9696238593747,209.7837521084527,Maize,SI,CT,NI,No
14.25,563.100036621094,4.8840001225471505,7.163000107,17.8021984100342,1,3384.5843595505626,167.67808988764074,Maize,SI,CT,NI,No
14.25,563.100036621094,6.02400004863739,7.907000065,16.9500007629395,1,3340.7738981889,199.32736124634718,Maize,SI,CT,NI,No
13.1500005722046,630.200012207031,7.74999976158142,6.552999973,22.6800003051758,1,3435.903848605578,209.09412350597657,Maize,SI,CT,NI,No
13.0083341598511,776.700012207031,6.904000043869019,6.934999943,17.5400009155273,1,3742.762038975341,205.06709360785217,Maize,SI,CT,NI,No
13.5333337783813,687.799987792969,6.38100028038025,6.800000191,15.1499996185303,1,3414.665956175945,188.942785262131,Maize,SI,CT,NI,No
14.8833332061768,672.200012207031,6.04299962520599,6.198999882,19.4874992370605,1,3164.785318577075,228.7381422924899,Maize,SI,CT,NI,No
12.6833333969116,677.700012207031,8.36000025272369,6.479000092,21.7099990844727,1,3316.8353454545454,233.85633802817006,Maize,SI,CT,NI,No
12.4250001907349,714.900024414062,8.18599998950958,6.833000183,16.5900001525879,1,2870.9535464322917,209.7837521084527,Maize,SI,CT,NI,No
13.3500003814697,795.700012207031,5.46899974346161,4.756000042,19.8732395172119,1,3285.4123049826185,202.200049261083,Maize,SI,CT,NI,No
14.1083335876465,623.5,6.14600002765656,7.386000156,19.4300003051758,1,3109.5273307279367,245.36627657290228,Maize,SI,CT,NI,No
14.1083335876465,623.5,6.2929999828338605,7.269999981,16.9200000762939,1,3158.576571972501,155.19635113696486,Maize,SI,CT,NI,No
13.841667175293,611.5,9.32699978351593,7.175999641,18.8400001525879,1,3369.5974853658536,179.85213414634137,Maize,SI,CT,NI,No
14.0166673660278,740.700012207031,6.32000029087067,7.522999763,19.6200008392334,1,3278.1760324390243,186.75319926873857,Maize,SI,CT,NI,No
14.1083335876465,623.5,6.16200029850006,7.256000042,13.5,1,3309.9797332155476,160.89374999999637,Maize,SI,CT,NI,No
14.0166673660278,740.700012207031,5.7779997587204,7.40500021,14.0799999237061,1,3165.760085106383,221.40091116173122,Maize,SI,CT,NI,No
14.0666666030884,739.900024414062,5.04899978637695,7.867000103,15.1599998474121,1,3344.5047104702603,240.64964771422638,Maize,SI,CT,NI,No
14.2666673660278,665.299987792969,5.86199998855591,8.008999825,17.2199993133545,1,3527.780576962025,154.26854430379674,Maize,SI,CT,NI,No
15.5583333969116,857.900024414062,6.09699964523315,4.875,15.8970584869385,1,3422.355048648649,229.34980694980646,Maize,SI,CT,NI,No
15.7916669845581,728.600036621094,5.42900025844574,8.020999908,16.2600002288818,1,3498.312,128.0,Maize,SI,CT,NI,No
15.7916669845581,728.600036621094,5.7709997892379805,7.479000092,15.3100004196167,1,3319.1396606661942,236.32935861091255,Maize,SI,CT,NI,No
15.216667175293,684.700012207031,10.7660007476807,7.675000191,40.4700012207031,1,3474.6664628150793,226.99299576175665,Maize,SI,CT,NI,No
14.7750005722046,713.799987792969,6.80000007152557,7.031000137,17.2299995422363,1,3432.9528794701987,222.29086092715121,Maize,SI,CT,NI,No
15.4833335876465,677.100036621094,6.1810004711151105,7.986999989,18.3099994659424,1,3367.2767760956176,217.11945076835545,Maize,SI,CT,NI,No
15.216667175293,684.700012207031,6.52099967002869,6.71600008,12.7299995422363,1,3254.321399100065,244.1451682022714,Maize,SI,CT,NI,No
15.0416669845581,830.900024414062,6.85900032520294,6.176000118,16.4347820281982,1,3357.379633870968,166.07704973118186,Maize,SI,CT,NI,No
15.216667175293,684.700012207031,8.3050000667572,6.575999737,13.8400001525879,1,3504.287203093923,210.7302762430938,Maize,SI,CT,NI,No
15.4833335876465,677.100036621094,6.4609998464584395,7.722000122,17.6100006103516,1,3576.4838287937746,249.68538076709268,Maize,SI,CT,NI,No
14.0083332061768,788.700012207031,7.25000023841858,6.830999851,20.75,1,3413.5713391304353,279.0804347826075,Maize,SI,CT,NI,No
15.0666666030884,675.400024414062,6.63399994373322,6.849999905,19.4300003051758,1,3313.1629923419414,271.73605332551887,Maize,SI,CT,NI,No
13.3083333969116,762.0,9.143000245094301,6.599999905,21.7399997711182,1,3191.791211594203,186.56183660340952,Maize,SI,CT,NI,No
13.4416666030884,770.700012207031,8.45600008964539,6.404000282,21.6800003051758,1,3210.47445,211.40937499999848,Maize,SI,CT,NI,No
13.375,870.700012207031,8.50800037384033,6.49600029,19.1299991607666,1,3434.983500238032,133.59164242263935,Maize,SI,CT,NI,No
13.4499998092651,808.599975585938,7.627000212669371,7.767000198,19.7600002288818,1,3036.8888278713634,139.6903713629403,Maize,SI,CT,NI,No
13.4499998092651,798.300048828125,10.5900001525879,7.180999756,22.1399993896484,1,2963.3058355778894,240.10597989949602,Maize,SI,CT,NI,No
13.4499998092651,808.599975585938,7.9070001840591395,7.346000195,21.9500007629395,1,3049.8332329411764,346.444365325078,Maize,SI,CT,NI,No
14.375,856.299987792969,6.05399966239929,7.462999821,22.4400005340576,1,3102.077420376252,223.43198143171256,Maize,SI,CT,NI,No
14.0083332061768,788.700012207031,5.9020000696182295,7.099999905,14.5200004577637,1,3096.5561644736845,146.51151315789463,Maize,SI,CT,NI,No
14.1583337783813,890.0,7.7999997138977095,6.508999825,16.1599998474121,1,3545.282488662421,262.1545222929933,Maize,SI,CT,NI,No
14.0083332061768,788.700012207031,7.03400015830994,7.440999985,16.7900009155273,1,3010.969763245033,265.2530215231792,Maize,SI,CT,NI,No
14.7416667938232,646.299987792969,5.702000260353089,7.979000092,18.2700004577637,1,3196.7588054961843,174.85098600508707,Maize,SI,CT,NI,No
14.4000005722046,599.600036621094,5.89700043201447,7.993999958,17.9699993133545,1,3256.8769843355226,201.46207680646677,Maize,SI,CT,NI,No
15.1416673660278,595.0,5.390999913215641,7.940000057,19.6100006103516,1,3304.9803320100755,243.40798488664703,Maize,SI,CT,NI,No
15.5666666030884,652.799987792969,4.15699988603592,8.291000366,6.3600001335144,1,3377.039822245003,246.2588288057406,Maize,SI,CT,NI,No
15.0250005722046,574.799987792969,4.95600014925003,7.941999912,17.4200000762939,1,3357.855379493515,188.53274397776295,Maize,SI,CT,NI,No
15.375,630.900024414062,5.64000010490417,7.929999828,16.1100006103516,1,3544.264976632935,184.44165137614658,Maize,SI,CT,NI,No
15.0250005722046,574.799987792969,5.62200009822845,7.979000092,17.7900009155273,1,3438.4646920614177,137.80839594903694,Maize,SI,CT,NI,No
14.4000005722046,599.600036621094,5.86000025272369,7.980999947,18.6700000762939,1,3368.219757446809,174.4097644376926,Maize,SI,CT,NI,No
15.5666666030884,652.799987792969,5.8599996566772505,7.980000019,19.1200008392334,1,3378.227258467412,196.50789473683633,Maize,SI,CT,NI,No
15.2916669845581,625.799987792969,5.53200006484985,7.973999977,17.7399997711182,1,3280.44777890625,209.7837521084527,Maize,SI,CT,NI,No
14.9250001907349,583.600036621094,6.40100002288818,7.997000217,20.7000007629395,1,3361.5709201633285,275.5036740927085,Maize,SI,CT,NI,No
14.9250001907349,583.600036621094,5.8370000123977706,7.97300005,19.1399993896484,1,3473.5613999999996,207.14081564986802,Maize,SI,CT,NI,No
15.2916669845581,625.799987792969,5.595999956130981,7.948999882,20.2299995422363,1,3378.6143869080092,260.2322030746265,Maize,SI,CT,NI,No
14.9499998092651,602.600036621094,6.33899986743927,7.993000031,20.7199993133545,1,3306.9438191400836,155.03580344759294,Maize,SI,CT,NI,No
15.091667175293,565.900024414062,5.3460001945495605,8.079999924,14.5900001525879,1,2963.104388833099,204.19747941353972,Maize,SI,CT,NI,No
14.4416666030884,575.0,5.5620002746582,7.962999821,17.1900005340576,1,3223.2207264076133,278.6735015772887,Maize,SI,CT,NI,No
14.0416669845581,582.299987792969,5.32800018787384,7.912000179,15.3599996566772,1,3281.7728576319546,275.4340228245378,Maize,SI,CT,NI,No
14.0416669845581,582.299987792969,5.80200016498566,7.988999844,17.8899993896484,1,3018.394228272252,253.49984293193694,Maize,SI,CT,NI,No
14.25,563.100036621094,6.39400005340576,7.032999992,18.1000003814697,1,3438.0945414592275,274.75957659847427,Maize,SI,CT,NI,No
15.9916667938232,710.200012207031,6.57999992370605,7.920000076,16.9099998474121,1,3292.0624615384613,148.33021978021978,Maize,SI,CT,NI,No
15.2833337783813,722.800048828125,5.074000358581539,7.737999916,16.25,1,2698.4779603515626,207.2479937543442,Maize,SI,CT,NI,No
15.2833337783813,722.800048828125,8.15599977970123,6.377000332,23.4300003051758,1,3366.1644221442734,227.46663870673504,Maize,SI,CT,NI,No
15.2833337783813,722.800048828125,3.83200019598007,8.184000015,12.7200002670288,1,2775.423172991622,242.28526367667433,Maize,SI,CT,NI,No
15.966667175293,781.799987792969,6.38999998569489,7.175000191,14.3999996185303,1,3097.5654536359425,198.63100972672524,Maize,SI,CT,NI,No
15.3083333969116,805.599975585938,3.92800003290176,8.175999641,12.960000038147,1,2634.7486601495916,221.1645503565699,Maize,SI,CT,NI,No
15.9916667938232,710.200012207031,5.76600015163422,8.06799984,15.0299997329712,1,2884.478915304606,156.46343663764844,Maize,SI,CT,NI,No
15.625,630.700012207031,5.57600021362305,7.979000092,19.1100006103516,1,2559.9471781986654,152.9720602261856,Maize,SI,CT,NI,No
12.3500003814697,900.0,5.47599971294403,7.563999653,22.75,1,2849.41881477707,219.02519563239284,Maize,SI,CT,NI,No
15.0083332061768,773.200012207031,5.48600018024445,6.18200016,20.3614463806152,1,2628.417682845188,174.4435146443589,Maize,SI,CT,NI,No
15.0083332061768,773.200012207031,6.20299994945526,8.005999565,19.4699993133545,1,2623.8920231841525,202.0206162876028,Maize,SI,CT,NI,No
15.625,630.700012207031,5.103000402450561,7.989999771,15.3299999237061,1,2676.4934889926612,176.93962641761703,Maize,SI,CT,NI,No
13.5416669845581,790.0,5.304999947547911,8.062999725,16.9799995422363,1,2846.000336182557,221.21049120093028,Maize,SI,CT,NI,No
15.0083332061768,773.200012207031,6.20899975299835,6.861999989,11.1300001144409,1,2650.941145214423,157.88286837809662,Maize,SI,CT,NI,No
15.9916667938232,710.200012207031,5.76600015163422,8.06799984,15.0299997329712,1,3050.654912555205,220.50911671924464,Maize,SI,CT,NI,No
15.5083332061768,840.200012207031,8.384000062942501,6.953000069,28.7000007629395,1,2866.839216646267,253.46590312991768,Maize,SI,CT,NI,No
16.2250003814697,947.700012207031,9.182000160217289,5.503000259,35.0219764709473,1,2779.0128750308513,186.85109008638642,Maize,SI,CT,NI,No
15.0583333969116,708.299987792969,5.35700023174286,7.888000011,16.3299999237061,1,3028.137812842259,238.48902350375505,Maize,SI,CT,NI,No
15.0083332061768,603.799987792969,4.46099996566772,8.166999817,8.76000022888184,1,3483.26931389049,269.6556268011512,Maize,SI,CT,NI,No
11.9333333969116,668.100036621094,7.32999980449677,7.235000134,22.3500003814697,1,2970.0358259277104,179.88289156625163,Maize,SI,CT,NI,No
15.1750001907349,614.799987792969,6.51099979877472,7.498000145,17.9400005340576,1,3674.6094316483513,196.4462323390915,Maize,SI,CT,NI,No
15.7416667938232,632.5,6.35299980640411,7.835000038,18.9300003051758,1,2916.9431034284867,207.2479937543442,Maize,SI,CT,NI,No
15.8916664123535,643.799987792969,7.416000366210939,6.81799984,15.5600004196167,1,3297.5032882690734,229.63892534864456,Maize,SI,CT,NI,No
14.75,664.799987792969,5.00699996948242,8.109000206,15.5200004577637,1,3255.339405866801,145.9981178396071,Maize,SI,CT,NI,No
14.75,664.799987792969,5.91600000858307,8.031999588,18.8400001525879,1,3319.392,271.42857142857144,Maize,SI,CT,NI,No
15.2833337783813,722.800048828125,5.7530003786087,8.038999557,16.4400005340576,1,3435.317303733603,218.5489620873595,Maize,SI,CT,NI,No
14.1583337783813,611.700012207031,6.73500001430511,7.909999847,18.7199993133545,1,3161.998040816326,233.39836005830776,Maize,SI,CT,NI,No
15.9333333969116,630.799987792969,4.22800004482269,8.270999908,7.53000020980835,1,3313.7750232126277,216.00690188796776,Maize,SI,CT,NI,No
15.9916667938232,683.0,6.0860002040863,8.003000259,18.5100002288818,1,2968.844122792608,116.11570841889252,Maize,SI,CT,NI,No
15.3083333969116,805.599975585938,5.87499976158142,7.054999828,11.4899997711182,1,3018.6440891393154,230.8198478658961,Maize,SI,CT,NI,No
15.966667175293,781.799987792969,6.48299992084503,7.909999847,20.25,1,3269.360359103567,196.4619082349799,Maize,SI,CT,NI,No
14.1750001907349,696.200012207031,4.26800012588501,8.145999908,14.1999998092651,1,2563.304038834952,150.0,Maize,SI,CT,NI,No
12.4416666030884,791.900024414062,5.817000269889831,7.903999805,20.2299995422363,1,2732.1456601671307,225.55936629526462,Maize,SI,CT,NI,No
14.1750001907349,696.200012207031,4.89100009202957,8.107000351,16.0699996948242,1,2716.1524061538466,259.2771428571429,Maize,SI,CT,NI,No
14.2250003814697,680.0,4.34500008821487,8.13999939,13.9499998092651,1,3135.3736530046226,255.62496147919896,Maize,SI,CT,NI,No
15.5583333969116,851.5,9.9700003862381,5.866000175,20.4888896942139,1,2865.374306245862,205.72610902670354,Maize,SI,CT,NI,No
16.0249996185303,904.5,10.2300000190735,5.938000202,30.6200008392334,1,3000.1037288135594,184.77464788732425,Maize,SI,CT,NI,No
15.5416669845581,788.400024414062,9.65099990367889,6.335999966,39.5800018310547,1,2657.4104579424984,260.6381222966649,Maize,SI,CT,NI,No
15.5583333969116,851.5,10.0059998035431,6.510000229,40.9199981689453,1,3094.545,212.82609340251952,Maize,SI,CT,NI,No
15.6750001907349,829.5,10.8000004291534,6.275000095,26.1399993896484,1,2817.374830620021,223.78654312434992,Maize,SI,CT,NI,No
15.5416669845581,788.400024414062,9.787000417709349,6.088000298,34.0,1,3030.850858580775,177.4687971816865,Maize,SI,CT,NI,No
16.1833324432373,996.5,10.0209999084473,6.745000362,37.3300018310547,1,2949.710464978166,162.31807860262222,Maize,SI,CT,NI,No
17.125,1084.30004882812,11.139999628067,7.579999924,20.8999996185303,1,3397.6695,134.7,Maize,SI,CT,NI,No
16.6000003814697,1255.19995117188,10.036000013351401,4.46999979,20.8552627563477,1,2724.044744448084,207.2479937543442,Maize,SI,CT,NI,No
17.0666675567627,1103.5,10.57000041008,7.558000088,19.5100002288818,1,2939.260327868852,173.15573770491787,Maize,SI,CT,NI,No
17.0416660308838,1094.19995117188,10.1259994506836,7.434000015,18.4500007629395,1,2950.6663984137226,207.2479937543442,Maize,SI,CT,NI,No
16.4416675567627,938.700012207031,9.9779999256134,7.0,29.9300003051758,1,3287.1333653492647,254.34288832718536,Maize,SI,CT,NI,No
16.6916675567627,1028.0,10.105999708175698,6.263000011,34.9799995422363,1,3032.821748327846,242.28677872119846,Maize,SI,CT,NI,No
16.375,942.599975585938,9.30399954319,6.451999664,19.6399993896484,1,3112.5242430379744,162.77031645569784,Maize,SI,CT,NI,No
16.4416675567627,938.700012207031,8.13400030136108,6.947000027,30.0200004577637,1,3037.932259766663,176.0308478687767,Maize,SI,CT,NI,No
14.1583337783813,611.700012207031,6.36600017547607,7.315999985,15.2200002670288,1,2929.3027143598356,234.9259117961207,Maize,SI,CT,NI,No
17.9416675567627,1278.80004882812,10.119999647140501,7.605000019,19.3500003814697,1,5279.418,141.5,Maize,SI,CT,NI,No
18.0166664123535,1401.20007324219,7.16000020503998,6.874000072,16.1299991607666,1,2505.5254058482137,208.89672036343714,Maize,SI,CT,NI,No
17.9083347320557,1689.10009765625,8.88300001621246,5.377999783,24.5217399597168,1,2294.011008298611,208.89672036343714,Maize,SI,CT,NI,No
18.2000007629395,1532.60009765625,8.19100022315979,5.131999969,25.2000007629395,1,3129.099417721519,127.36139240506319,Maize,SI,CT,NI,No
15.0166664123535,851.100036621094,5.8429998159408605,6.559999943,15.6400003433228,1,3057.525647131958,153.70388527833097,Maize,SI,CT,NI,No
15.4750003814697,912.5,8.85500013828278,6.536000252,13.9799995422363,1,3345.5203264367815,170.35991379310536,Maize,SI,CT,NI,No
14.9833335876465,985.300048828125,8.89600038528442,6.756999969,14.5500001907349,1,5091.043447897623,161.57567413162283,Maize,SI,CT,NI,No
14.5083332061768,929.0,11.0450005531311,7.187000275,28.6700000762939,1,3176.955624259928,152.72837545126336,Maize,SI,CT,NI,No
16.9750003814697,843.600036621094,9.860000014305111,5.901000023,44.4130439758301,1,2938.5515181328547,153.18940754039485,Maize,SI,CT,NI,No
17.2999992370605,1112.80004882812,10.585000514984099,6.570000172,39.5979385375977,1,3384.8526261230127,243.7919834139626,Maize,SI,CT,NI,No
16.4750003814697,1011.60003662109,7.83500015735626,7.099999905,17.6499996185303,1,3181.004778947368,195.4032236842108,Maize,SI,CT,NI,No
14.0583333969116,1158.90002441406,12.5999999046326,6.164000034,40.5200004577637,1,3244.6118683870964,109.86559139784946,Maize,SI,CT,NI,No
14.8166666030884,1229.59997558594,11.66100025177,6.3800001139999996,31.4899997711182,1,3353.1489965691217,200.58314833501564,Maize,SI,CT,NI,No
16.7749996185303,1216.90002441406,12.3199999332428,6.276000023,42.310001373291,1,3201.9704733212343,245.10435571687833,Maize,SI,CT,NI,No
16.7749996185303,1216.90002441406,10.8930003643036,5.225999832,22.9599990844727,1,3298.075257641921,272.40196506550063,Maize,SI,CT,NI,No
16.7749996185303,1216.90002441406,8.648999929428099,6.90199995,18.0322589874268,1,3330.0653178947364,172.262171052632,Maize,SI,CT,NI,No
17.6666660308838,1049.5,8.226000070571901,7.453999996,17.7000007629395,1,3191.3683499999993,159.41718749999993,Maize,SI,CT,NI,No
18.0750007629395,1117.40002441406,8.3160001039505,6.59400034,20.25,1,3507.170987234042,167.77978723404252,Maize,SI,CT,NI,No
17.2833347320557,858.299987792969,9.77400004863739,6.906000137,32.0400009155273,1,2706.3811189285707,208.89672036343714,Maize,SI,CT,NI,No
15.6916666030884,959.299987792969,13.0330002307892,6.842000008,23.0799999237061,1,3075.526403994789,174.5018454190154,Maize,SI,CT,NI,No
16.8500003814697,872.100036621094,6.65800034999847,6.909999847,17.9680843353271,1,2823.4452695652167,138.49915458936982,Maize,SI,CT,NI,No
13.9333333969116,1041.59997558594,11.5020000934601,6.484000206,45.0099983215332,1,3087.209868321358,306.9347811887645,Maize,SI,CT,NI,No
16.8500003814697,872.100036621094,10.0619995594025,7.204999924,28.4699993133545,1,3011.3817908889864,223.86023883237533,Maize,SI,CT,NI,No
17.0249996185303,884.700012207031,6.99200034141541,6.458000183,17.6105270385742,1,3121.7770088495568,210.65873893805318,Maize,SI,CT,NI,No
17.466667175293,885.100036621094,8.023999929428099,6.272000313,18.5238094329834,1,3402.7660176211452,216.36872246696038,Maize,SI,CT,NI,No
17.7083339691162,1060.0,5.947999954223629,6.338000298,12.1477270126343,1,2581.210854439655,208.89672036343714,Maize,SI,CT,NI,No
17.1499996185303,993.900024414062,9.775999784469601,7.315999985,21.0,1,3274.1507999999994,221.58750000000006,Maize,SI,CT,NI,No
17.3166675567627,1223.70007324219,12.5150001049042,6.238999844,20.4799995422363,1,2658.708837723213,208.89672036343714,Maize,SI,CT,NI,No
16.7749996185303,1181.5,8.78899991512299,6.553999901,21.6200008392334,1,2672.9973866576074,208.89672036343714,Maize,SI,CT,NI,No
17.5,1098.30004882812,10.637999773025498,7.485000134,24.1299991607666,1,4204.943759999999,171.73200000000006,Maize,SI,CT,NI,No
17.8250007629395,1158.70007324219,8.79200041294098,7.667000294,26.0,1,3456.138,231.0,Maize,SI,CT,NI,No
17.5,1098.30004882812,10.5739998817444,7.610000134,21.6900005340576,1,2694.482877959559,208.89672036343714,Maize,SI,CT,NI,No
17.8250007629395,1158.70007324219,8.02200019359589,7.886000156,18.8700008392334,1,3507.258,237.00000000000006,Maize,SI,CT,NI,No
17.9250011444092,1100.20007324219,10.0040006637573,7.256000042,21.0833339691162,1,3429.5555999999992,202.5,Maize,SI,CT,NI,No
17.9250011444092,1100.20007324219,7.9720002412796,7.236000061,19.7234039306641,1,2363.0618043749996,208.89672036343714,Maize,SI,CT,NI,No
17.9416675567627,1278.80004882812,5.160000324249269,3.452000141,40.4814796447754,1,2607.546,143.99999999999997,Maize,SI,CT,NI,No
17.9250011444092,1100.20007324219,8.11800003051758,7.800000191,18.9696960449219,1,3220.986,144.0,Maize,SI,CT,NI,No
18.2000007629395,1170.09997558594,8.188000321388241,6.352000237,20.3703708648682,1,2520.0679465104163,208.89672036343714,Maize,SI,CT,NI,No
18.4250011444092,1296.70007324219,5.45000016689301,5.157999992,19.7014923095703,1,3618.261428571427,139.00714285714287,Maize,SI,CT,NI,No
18.0750007629395,1117.40002441406,7.156000137329101,7.544000149,18.8842105865479,1,2876.571454545454,134.81060606060672,Maize,SI,CT,NI,No
18.2000007629395,1532.60009765625,5.32700002193451,6.18200016,18.5769233703613,1,2579.1587444999996,208.89672036343714,Maize,SI,CT,NI,No
18.0166664123535,1401.20007324219,4.81800019741058,6.058000088,18.0657901763916,1,2507.562102656249,208.89672036343714,Maize,SI,CT,NI,No
17.5083332061768,1279.0,8.47200036048889,6.708000183,21.625,1,3261.882,117.6,Maize,SI,CT,NI,No
17.3333339691162,1605.30004882812,8.578000068664549,6.902999878,21.6900005340576,1,2567.6893121999997,208.89672036343714,Maize,SI,CT,NI,No
16.3333339691162,1683.80004882812,8.46400022506714,6.863999844,21.7199993133545,1,2776.6585333333333,109.61666666666667,Maize,SI,CT,NI,No
18.1333332061768,1665.5,9.49400007724762,6.553999901,23.0200004577637,1,2367.8267696875,208.89672036343714,Maize,SI,CT,NI,No
18.1333332061768,1665.5,9.72100019454956,6.168000221,24.0599994659424,1,2419.7541633035726,208.89672036343714,Maize,SI,CT,NI,No
17.25,1706.5,10.271999835968,6.776000023,22.9200000762939,1,3098.298,120.0,Maize,SI,CT,NI,No
16.3250007629395,1450.70007324219,9.42499995231628,7.056000233,21.0300006866455,1,2563.862420945122,208.89672036343714,Maize,SI,CT,NI,No
18.2083339691162,1598.40002441406,7.782000303268431,5.815999985,25.4117641448975,1,2280.378,150.0,Maize,SI,CT,NI,No
18.2666664123535,1412.80004882812,7.0630002021789595,4.259999752,25.6666660308838,1,3451.9435384615376,186.34395604395783,Maize,SI,CT,NI,No
17.6000003814697,1566.90002441406,11.5600001811981,6.900000095,29.1000003814697,1,2218.6420841601566,208.89672036343714,Maize,SI,CT,NI,No
18.0833339691162,1542.90002441406,11.6639995574951,6.460000038,29.3700008392334,1,3010.0870485436894,158.02427184466018,Maize,SI,CT,NI,No
18.0833339691162,1542.90002441406,11.0199999809265,6.46900034,25.5900001525879,1,2807.766,146.0156249999999,Maize,SI,CT,NI,No
18.2666664123535,1412.80004882812,9.35000002384186,5.650000095,26.8021984100342,1,2252.1917678804357,208.89672036343714,Maize,SI,CT,NI,No
16.8000011444092,1120.70007324219,8.49700033664703,7.279000282,16.8099994659424,1,2382.618,89.25,Maize,SI,CT,NI,No
17.1000003814697,1021.0,12.0640003681183,6.855000019,22.7700004577637,1,2716.8151633806815,208.89672036343714,Maize,SI,CT,NI,No
14.8500003814697,1450.40002441406,13.5159993171692,6.1300001139999996,22.1800003051758,1,3399.8986957327666,324.82524618651905,Maize,SI,CT,NI,No
13.0333337783813,1460.40002441406,9.67599987983704,6.665999889,21.3799991607666,1,3157.989087666034,201.50891840607215,Maize,SI,CT,NI,No
15.0166664123535,1358.80004882812,10.8899998664856,5.720000267,22.4500007629395,1,3349.985328901294,286.0571174828773,Maize,SI,CT,NI,No
13.3666667938232,1251.90002441406,11.0790002346039,6.28000021,36.3899993896484,1,3368.2849471643235,323.08825739214865,Maize,SI,CT,NI,No
14.9166669845581,1447.60009765625,11.786999702453599,5.764999866,23.8199996948242,1,2984.025650814332,184.47899022801374,Maize,SI,CT,NI,No
14.9166669845581,1447.60009765625,11.3540005683899,6.868999958,33.9500007629395,1,3118.4358491275166,206.53963087248277,Maize,SI,CT,NI,No
16.1083335876465,1397.0,13.7569999694824,5.782000065,22.3199996948242,1,2923.5037156069357,180.99556840077068,Maize,SI,CT,NI,No
15.1333332061768,1409.90002441406,10.3680002689362,6.623000145,24.6900005340576,1,3185.7971283582083,199.51119402985117,Maize,SI,CT,NI,No
18.0500011444092,1178.90002441406,6.1040002107620195,7.995999813,18.0599994659424,1,3406.876909090909,238.9772727272729,Maize,SI,CT,NI,No
17.9249992370605,1148.80004882812,8.26800048351288,7.964000225,28.9799995422363,1,3711.738,180.0,Maize,SI,CT,NI,No
17.7333335876465,1088.40002441406,9.15600001811981,7.714000225,19.9285717010498,1,3390.4122857142856,205.7142857142857,Maize,SI,CT,NI,No
12.5166673660278,1124.70007324219,12.3540008068085,6.276000023,42.4300003051758,1,2795.9898291605296,265.00471281296274,Maize,SI,CT,NI,No
18.6333332061768,1336.80004882812,10.8019995689392,6.576000214,28.180850982666,1,2660.773515187499,177.82523835639503,Maize,SI,CT,NI,No
18.5166664123535,1455.30004882812,12.1420001983643,6.888000011,22.6299991607666,1,3332.8624137931033,124.99310344827566,Maize,SI,CT,NI,No
17.8916664123535,1611.30004882812,12.553999423980699,5.78000021,36.6100006103516,1,3024.370615384615,137.48076923076925,Maize,SI,CT,NI,No
18.7000007629395,1465.59997558594,11.818000078201301,7.032000065,24.3700008392334,1,2447.974346822916,177.82523835639503,Maize,SI,CT,NI,No
18.3333339691162,1521.80004882812,11.8359994888306,6.43200016,32.2999992370605,1,2516.8318564160163,177.82523835639503,Maize,SI,CT,NI,No
16.3583335876465,1698.59997558594,13.7559998035431,5.670000076,33.2099990844727,1,3019.651846153846,190.9153846153846,Maize,SI,CT,NI,No
18.3833332061768,1574.5,12.955000400543199,6.243000031,22.1100006103516,1,3481.9024799999997,235.74,Maize,SI,CT,NI,No
18.6750011444092,1381.59997558594,10.8000004291534,5.220000267,39.0,1,5511.162,154.8,Maize,SI,CT,NI,No
18.6750011444092,1381.59997558594,11.8480002880096,6.180000305,35.5800018310547,1,3071.034,114.00000000000001,Maize,SI,CT,NI,No
18.6750011444092,1381.59997558594,11.9679999351501,5.8800001139999996,38.2799987792969,1,2605.1740453125003,177.82523835639503,Maize,SI,CT,NI,No
18.75,1257.09997558594,10.3190004825592,7.378000259,25.3199996948242,1,2750.2616105745974,177.82523835639503,Maize,SI,CT,NI,No
19.1000003814697,1305.30004882812,9.20199990272522,6.854000092,24.8152179718018,1,2743.640316145833,177.82523835639503,Maize,SI,CT,NI,No
18.5666675567627,1415.40002441406,10.8500003814697,5.646000385,35.152172088623,1,2323.714134656249,177.82523835639503,Maize,SI,CT,NI,No
18.5666675567627,1415.40002441406,11.8140006065369,6.210000038,35.060001373291,1,2245.7736923076923,77.53846153846155,Maize,SI,CT,NI,No
18.75,1257.09997558594,12.432999610900898,6.0,30.1700000762939,1,3548.154,139.5,Maize,SI,CT,NI,No
19.0583343505859,1398.09997558594,11.532000303268399,6.777999878,31.0599994659424,1,2800.906682842741,177.82523835639503,Maize,SI,CT,NI,No
18.25,1396.40002441406,12.226999998092701,6.019000053,27.9200000762939,1,2941.5299999999997,187.625,Maize,SI,CT,NI,No
17.8166675567627,1263.19995117188,11.196999549865701,5.978000164,22.2399997711182,1,3287.30864347826,115.3597826086959,Maize,SI,CT,NI,No
17.5750007629395,1311.0,10.478999614715601,6.038000107,22.8400001525879,1,3257.436782608695,202.4184782608696,Maize,SI,CT,NI,No
17.8166675567627,1263.19995117188,10.5659997463226,5.743999958,24.8600006103516,1,3318.7658657718116,189.98305369127507,Maize,SI,CT,NI,No
16.466667175293,1319.90002441406,11.7239999771118,5.647000313,26.4500007629395,1,3317.2822857142855,159.50119047619043,Maize,SI,CT,NI,No
16.4583339691162,1444.30004882812,14.119999408721899,5.044000149,38.3800010681152,1,3000.1475999999993,105.19999999999999,Maize,SI,CT,NI,No
15.5583333969116,1490.59997558594,12.694000005722,5.638999939,27.5900001525879,1,3199.72008,186.4182222222227,Maize,SI,CT,NI,No
14.9250001907349,1679.59997558594,15.7120001316071,5.347000122,26.7600002288818,1,2836.271485714286,102.54642857142858,Maize,SI,CT,NI,No
17.3833332061768,1450.30004882812,12.165000438690202,6.09800005,30.7999992370605,1,3607.6948581818183,188.74090909090899,Maize,SI,CT,NI,No
18.533332824707,1346.20007324219,9.22800004482269,5.624000072,25.0799999237061,1,3292.5986462882092,126.57641921397374,Maize,SI,CT,NI,No
18.2250003814697,1225.40002441406,10.6659996509552,7.424000263,21.2040824890137,1,3141.09893482337,177.82523835639503,Maize,SI,CT,NI,No
18.6666660308838,1314.59997558594,9.55200016498566,5.118000031,34.3333320617676,1,3049.354385380436,177.82523835639503,Maize,SI,CT,NI,No
17.7749996185303,1576.59997558594,12.9040002822876,6.203999996,23.2199993133545,1,3071.460414262561,206.65964343598037,Maize,SI,CT,NI,No
18.4500007629395,1422.80004882812,11.2960004806519,7.56000042,23.1599998474121,1,3176.338073394495,171.75688073394497,Maize,SI,CT,NI,No
18.533332824707,1346.20007324219,11.9260001182556,6.318000317,32.8199996948242,1,2893.8179999999998,165.0,Maize,SI,CT,NI,No
18.158332824707,1227.30004882812,10.0800001621246,7.019999981,21.0,1,2854.0595623060344,177.82523835639503,Maize,SI,CT,NI,No
18.2000007629395,1236.20007324219,11.1249995231628,7.559999943,21.2999992370605,1,3020.8799264732133,177.82523835639503,Maize,SI,CT,NI,No
17.8833332061768,1269.0,10.4879999160767,7.074000359,22.7419357299805,1,3425.466,367.5,Maize,SI,CT,NI,No
18.2333335876465,1163.5,9.07299995422363,7.131999969,21.4200000762939,1,3412.7667157894734,152.62500000000003,Maize,SI,CT,NI,No
18.158332824707,1227.30004882812,11.1989998817444,6.946000099,27.0499992370605,1,3009.2759230078113,177.82523835639503,Maize,SI,CT,NI,No
17.3333339691162,1295.0,10.9399998188019,6.065999985,21.8988761901855,1,3115.9827567567568,149.7243243243243,Maize,SI,CT,NI,No
17.3500003814697,1249.90002441406,11.168999671936,6.108000278,34.6599998474121,1,2771.13,358.63995215311127,Maize,SI,CT,NI,No
18.2333335876465,1163.5,9.896000027656559,7.245999813,21.6000003814697,1,2770.911903214285,177.82523835639503,Maize,SI,CT,NI,No
17.8000011444092,1256.69995117188,13.0200004577637,5.334000111,44.7799987792969,1,3459.080008163265,191.8056122448979,Maize,SI,CT,NI,No
16.6666679382324,1376.09997558594,11.239999532699601,5.090000153,23.1299991607666,1,3108.4899327327325,164.94694694694994,Maize,SI,CT,NI,No
18.2000007629395,1236.20007324219,11.088000535965,7.722000122,21.0,1,3352.640834062501,177.82523835639503,Maize,SI,CT,NI,No
18.341667175293,1268.0,10.8440005779266,5.826000214,34.2065200805664,1,2673.4731724137932,141.80172413793105,Maize,SI,CT,NI,No
16.7250003814697,1264.59997558594,12.4880003929138,4.666000366,42.0638313293457,1,3188.9280024573377,152.54406143344684,Maize,SI,CT,NI,No
18.341667175293,1268.0,3.4060001373291,2.819999933,21.0,1,2893.8179999999998,169.5,Maize,SI,CT,NI,No
18.9833335876465,1507.30004882812,11.5439999103546,6.164999962,34.1699981689453,1,3249.8055389999977,199.5185156250001,Maize,SI,CT,NI,No
19.3083343505859,1613.40002441406,13.0900001525879,5.448999882,21.3299999237061,1,3343.726049454545,183.13840909090925,Maize,SI,CT,NI,No
19.0666675567627,1445.40002441406,12.9460000991821,5.987999916,25.6700000762939,1,2894.9976923076915,113.8125,Maize,SI,CT,NI,No
19.1916675567627,1478.80004882812,10.4139995574951,5.743000031,23.6299991607666,1,3022.4406206896547,167.3469827586205,Maize,SI,CT,NI,No
19.3083343505859,1613.40002441406,12.2380006313324,6.334000111,30.5900001525879,1,3256.4149788375553,193.51274217585706,Maize,SI,CT,NI,No
17.1833343505859,1688.0,12.9879999160767,6.143000126,22.1800003051758,1,3132.8907633027516,176.88027522935786,Maize,SI,CT,NI,No
16.3583335876465,1698.59997558594,10.964000225067101,6.188000202,22.0599994659424,1,3352.348909090909,160.33636363636361,Maize,SI,CT,NI,No
18.908332824707,1418.40002441406,12.5170004367828,6.117000103,28.8099994659424,1,2673.268032828948,177.82523835639503,Maize,SI,CT,NI,No
18.4416675567627,1572.90002441406,12.418999671936,5.425000191,40.1399993896484,1,3643.577999999999,122.25,Maize,SI,CT,NI,No
18.6333332061768,1336.80004882812,10.0,6.036000252,28.1839084625244,1,3098.298,157.96874999999997,Maize,SI,CT,NI,No
18.5416679382324,1344.5,10.056999921798699,6.290999889,23.0699996948242,1,3294.4544611764704,155.44164705882338,Maize,SI,CT,NI,No
18.6166667938232,1506.59997558594,12.527999877929702,4.372000217,39.6666679382324,1,3173.1537176470583,128.66397058823512,Maize,SI,CT,NI,No
18.6166667938232,1506.59997558594,10.0380003452301,5.352000237,23.4444446563721,1,2651.998173913043,85.5,Maize,SI,CT,NI,No
18.7083339691162,1655.59997558594,11.984000205993699,5.986000061,32.5699996948242,1,3113.5841268292684,175.71082317073154,Maize,SI,CT,NI,No
18.6166667938232,1506.59997558594,10.5640006065369,6.263000011,22.5900001525879,1,3364.122,110.70833333333334,Maize,SI,CT,NI,No
18.0583343505859,1674.40002441406,12.7639997005463,5.912000179,28.1499996185303,1,3340.575818181818,84.03030303030309,Maize,SI,CT,NI,No
19.1916675567627,1478.80004882812,11.7379999160767,6.262000084,22.1800003051758,1,2988.7462909090905,146.97272727272727,Maize,SI,CT,NI,No
18.5750007629395,1640.30004882812,11.4320003986359,6.274000168,25.9799995422363,1,3270.8777758422343,240.22148726376312,Maize,SI,CT,NI,No
17.5750007629395,1250.5,13.539999723434399,5.301000118,37.2000007629395,1,2893.8179999999998,105.50000000000001,Maize,SI,CT,NI,No
17.4249992370605,1304.40002441406,13.0099999904633,4.961999893,20.1086959838867,1,2877.9139999999998,113.017361111111,Maize,SI,CT,NI,No
17.4249992370605,1304.40002441406,11.4310002326965,5.774000168,36.3469390869141,1,3013.156422857143,141.9171428571426,Maize,SI,CT,NI,No
15.9750003814697,1353.40002441406,12.1930003166199,6.366000175,30.4599990844727,1,3173.578747305389,181.3072854291395,Maize,SI,CT,NI,No
17.533332824707,1458.30004882812,13.516000509262101,5.418000221,36.8699989318848,1,2916.7553217391296,79.40354691075498,Maize,SI,CT,NI,No
17.658332824707,1233.5,11.489000320434599,6.573999882,20.5200004577637,1,2694.611431578947,111.73026315789474,Maize,SI,CT,NI,No
16.6499996185303,1234.70007324219,15.5350005626678,5.488999844,36.1300010681152,1,3358.4926409638547,193.6201807228914,Maize,SI,CT,NI,No
17.5750007629395,1250.5,13.600000143051101,5.796000004,20.8199996948242,1,2689.8315724137933,196.10818965517245,Maize,SI,CT,NI,No
17.533332824707,1458.30004882812,14.075999259948698,5.447000027,32.3699989318848,1,2689.3379999999997,330.0,Maize,SI,CT,NI,No
17.1083335876465,1423.80004882812,16.7399990558624,5.177000046,24.3600006103516,1,2965.0938857142855,115.32000000000002,Maize,SI,CT,NI,No
17.5750007629395,1250.5,14.371999502182,4.963000298,37.939998626709,1,2941.0881259913795,177.82523835639503,Maize,SI,CT,NI,No
18.3833332061768,1300.09997558594,11.6499996185303,6.59800005,31.3500003814697,1,3269.406864,230.41349999999986,Maize,SI,CT,NI,No
17.1916675567627,1307.5,10.731999874115,5.724999905,26.9699993133545,1,2987.895629629629,199.13518518518518,Maize,SI,CT,NI,No
17.1916675567627,1307.5,11.5069997310638,5.823999882,22.7900009155273,1,3594.5596764468364,153.57335127860028,Maize,SI,CT,NI,No
17.6166667938232,1309.90002441406,11.139999628067,6.23900032,28.3500003814697,1,3404.4165882352936,187.58823529411765,Maize,SI,CT,NI,No
17.2000007629395,1288.5,15.9809994697571,5.657000065,22.1499996185303,1,2706.378,146.48749999999998,Maize,SI,CT,NI,No
17.4249992370605,1304.40002441406,13.4080004692078,4.944000244,34.560001373291,1,2861.047211881188,96.42574257425737,Maize,SI,CT,NI,No
17.658332824707,1233.5,14.864000082016,5.207999706,22.5200004577637,1,2968.530244399185,153.28258655804498,Maize,SI,CT,NI,No
16.7666664123535,1334.40002441406,14.308999776840201,6.735000134,43.1599998474121,1,3053.1780753161606,149.77693208430932,Maize,SI,CT,NI,No
16.9833335876465,1384.80004882812,12.4440002441406,5.545000076,38.6931800842285,1,3117.8392477692646,212.43555655700774,Maize,SI,CT,NI,No
16.9833335876465,1384.80004882812,15.898000001907299,4.9949998860000004,22.4599990844727,1,2948.067574535809,161.267904509284,Maize,SI,CT,NI,No
16.9833335876465,1384.80004882812,14.4640004634857,5.833000183,37.1699981689453,1,3136.082347826087,173.34083850931654,Maize,SI,CT,NI,No
16.1083335876465,1397.0,15.475000143051101,5.490000248,26.6299991607666,1,3212.0774242990647,161.47196261682402,Maize,SI,CT,NI,No
21.3083343505859,1636.30004882812,11.0679996013641,6.511000156,29.7299995422363,1,2822.582910592104,219.41768810441067,Maize,SI,CT,NI,No
20.1833343505859,1705.80004882812,10.335999727249101,5.711999893,23.1599998474121,1,2775.2440536853446,219.41768810441067,Maize,SI,CT,NI,No
19.6166667938232,1598.60009765625,10.623999834060701,5.52300024,26.9400005340576,1,2780.5399786607145,219.41768810441067,Maize,SI,CT,NI,No
20.7916679382324,1834.69995117188,11.2999999523163,5.747000217,32.939998626709,1,2663.2299935999995,219.41768810441067,Maize,SI,CT,NI,No
19.841667175293,1746.59997558594,11.4919996261597,5.707000256,24.9699993133545,1,2851.461956153017,219.41768810441067,Maize,SI,CT,NI,No
20.7916679382324,1834.69995117188,11.8579995632172,5.296999931,37.7200012207031,1,2423.482693437499,219.41768810441067,Maize,SI,CT,NI,No
19.1000003814697,1639.70007324219,10.3120005130768,5.654000282,23.2199993133545,1,2927.758158629033,219.41768810441067,Maize,SI,CT,NI,No
19.8833332061768,1578.40002441406,9.83699977397919,7.340000153,21.5400009155273,1,2956.141684625001,219.41768810441067,Maize,SI,CT,NI,No
23.9333343505859,2123.40014648438,8.93700003623962,5.797999859,23.0681819915771,1,2513.3284369921876,219.41768810441067,Maize,SI,CT,NI,No
22.9916667938232,1556.0,8.63700032234192,5.0050001139999996,27.6428565979004,1,2500.902863999999,219.41768810441067,Maize,SI,CT,NI,No
22.9916667938232,1556.0,8.94900023937225,6.0,23.1219520568848,1,2934.8980619531244,219.41768810441067,Maize,SI,CT,NI,No
23.5,1903.80004882812,11.2000000476837,7.800000191,21.0,1,2705.3019728125,219.41768810441067,Maize,SI,CT,NI,No
23.9166660308838,1712.20007324219,8.77300024032593,6.640000343,24.3707866668701,1,2958.909553465908,219.41768810441067,Maize,SI,CT,NI,No
23.3583335876465,1804.69995117188,9.7460001707077,6.084000111,26.294116973877,1,2638.44702159375,219.41768810441067,Maize,SI,CT,NI,No
23.5666675567627,1737.5,10.1919996738434,5.826000214,30.1954021453857,1,2456.3299418181828,219.41768810441067,Maize,SI,CT,NI,No
23.9333343505859,2123.40014648438,5.67600011825562,5.174000263,22.5757579803467,1,2439.4464,219.41768810441067,Maize,SI,CT,NI,No
23.6416664123535,1961.80004882812,11.172000169754,6.06799984,29.7800006866455,1,2294.726557259616,219.41768810441067,Maize,SI,CT,NI,No
23.6416664123535,1961.80004882812,10.4439997673035,6.876000404,23.7173919677734,1,2333.5090433035707,219.41768810441067,Maize,SI,CT,NI,No
23.5666675567627,1737.5,8.73600006103516,6.742000103,22.3033714294434,1,2360.443274453124,219.41768810441067,Maize,SI,CT,NI,No
23.158332824707,2031.10009765625,11.6999995708466,6.440000057,31.4899997711182,1,2181.316200892857,219.41768810441067,Maize,SI,CT,NI,No
24.4833335876465,1630.70007324219,11.7339992523193,5.500999928,24.9699993133545,1,2823.8656395138896,219.41768810441067,Maize,SI,CT,NI,No
25.3000011444092,1636.10009765625,12.706999778747601,4.96600008,21.7926826477051,1,2668.0800231249987,219.41768810441067,Maize,SI,CT,NI,No
23.9750003814697,1691.59997558594,11.0350000858307,6.247000217,22.9400005340576,1,2610.444595435855,219.41768810441067,Maize,SI,CT,NI,No
24.8000011444092,1634.70007324219,9.50299978256226,5.964000225,22.1739139556885,1,2898.8190887215897,219.41768810441067,Maize,SI,CT,NI,No
24.6916675567627,1812.40002441406,8.12900006771088,4.967000008,21.987340927124,1,2852.134388124999,219.41768810441067,Maize,SI,CT,NI,No
24.2416667938232,1846.69995117188,11.254999637603799,6.815000057,22.6399993896484,1,2819.2963778125,219.41768810441067,Maize,SI,CT,NI,No
24.2416667938232,1846.69995117188,10.5140006542206,5.573999882,27.8899993896484,1,2524.4758351785713,219.41768810441067,Maize,SI,CT,NI,No
24.2416667938232,1846.69995117188,11.2590003013611,6.595000267,26.4300003051758,1,2597.5040864732123,219.41768810441067,Maize,SI,CT,NI,No
23.4583339691162,1820.10009765625,10.3880000114441,6.291999817,23.3199996948242,1,2668.564941177883,219.41768810441067,Maize,SI,CT,NI,No
22.408332824707,1606.90002441406,10.1380002498627,5.147999763,27.9899997711182,1,2569.8073449495982,219.41768810441067,Maize,SI,CT,NI,No
22.408332824707,1606.90002441406,12.3759996891022,5.28000021,42.0,1,2799.1640586041663,219.41768810441067,Maize,SI,CT,NI,No
22.8250007629395,1610.80004882812,12.5720000267029,4.860000134,45.5,1,2784.99491930357,219.41768810441067,Maize,SI,CT,NI,No
22.8250007629395,1610.80004882812,10.7519996166229,5.226000309,35.8131866455078,1,2754.7317572235575,219.41768810441067,Maize,SI,CT,NI,No
23.3583335876465,1804.69995117188,11.7040002346039,6.720000267,30.0,1,2598.1593847767867,219.41768810441067,Maize,SI,CT,NI,No
23.4500007629395,2469.30004882812,10.921000242233301,7.058000088,24.4141407012939,1,3012.12922275,219.41768810441067,Maize,SI,CT,NI,No
22.9333343505859,2271.5,10.249999761581401,6.374000072,23.625,1,2701.460352991072,219.41768810441067,Maize,SI,CT,NI,No
23.3500003814697,2418.30004882812,10.864000320434599,6.447999954,25.7299995422363,1,2726.955203600542,219.41768810441067,Maize,SI,CT,NI,No
21.8500003814697,2020.10009765625,12.165999412536602,5.730000019,38.25,1,2370.0835984475807,219.41768810441067,Maize,SI,CT,NI,No
21.341667175293,1529.60009765625,10.090000629424999,5.657999992,24.1200008392334,1,2911.8458673749997,219.41768810441067,Maize,SI,CT,NI,No
22.216667175293,1638.0,10.608000755310101,6.501999855,23.3799991607666,1,2899.142749886364,219.41768810441067,Maize,SI,CT,NI,No
22.0666675567627,1768.80004882812,11.394000053405799,6.262000084,32.3600006103516,1,2727.599694395832,219.41768810441067,Maize,SI,CT,NI,No
20.966667175293,1637.90002441406,10.820000171661398,5.220000267,29.2900009155273,1,3074.7538369921876,219.41768810441067,Maize,SI,CT,NI,No
21.2416667938232,1614.90002441406,10.8619999885559,5.137000084,26.1200008392334,1,2934.9866495089273,219.41768810441067,Maize,SI,CT,NI,No
22.3916664123535,1602.70007324219,11.0740005970001,7.565999985,21.3600006103516,1,2900.0887078977285,219.41768810441067,Maize,SI,CT,NI,No
23.216667175293,2191.69995117188,11.0599994659424,6.192000389,31.1063823699951,1,2580.4100228396733,219.41768810441067,Maize,SI,CT,NI,No
22.5249996185303,1866.0,10.6500005722046,6.308000088,25.3099994659424,1,2713.0998201136367,219.41768810441067,Maize,SI,CT,NI,No
23.6333332061768,1880.30004882812,10.232000350952099,6.839000225,26.5799999237061,1,2852.5247296428574,219.41768810441067,Maize,SI,CT,NI,No
21.875,1940.0,10.2480006217957,6.032000065,23.7199993133545,1,2490.437040122283,219.41768810441067,Maize,SI,CT,NI,No
22.1750011444092,1717.70007324219,11.801999807357799,5.277999878,38.1300010681152,1,2867.747160838816,219.41768810441067,Maize,SI,CT,NI,No
20.7916679382324,1834.69995117188,11.796000003814699,5.585999966,23.1200008392334,1,2671.7474422379037,219.41768810441067,Maize,SI,CT,NI,No
21.375,1834.20007324219,12.031999826431301,5.113000393,41.5400009155273,1,2876.9706607187495,219.41768810441067,Maize,SI,CT,NI,No
22.3000011444092,1995.40002441406,10.415999889373799,6.06400013,24.6900005340576,1,2534.9291433639705,219.41768810441067,Maize,SI,CT,NI,No
24.1083335876465,2342.0,10.789999961853,6.145999908,25.6000003814697,1,2353.3637183854157,219.41768810441067,Maize,SI,CT,NI,No
23.3833332061768,2174.10009765625,11.090999841690099,7.051000118,25.6499996185303,1,2393.0433298016824,219.41768810441067,Maize,SI,CT,NI,No
21.8000011444092,2079.80004882812,10.485999584198,6.473999977,23.0400009155273,1,2242.958155839843,219.41768810441067,Maize,SI,CT,NI,No
21.1833343505859,1723.09997558594,11.6000008583069,6.455999851,37.0800018310547,1,2792.807474352677,219.41768810441067,Maize,SI,CT,NI,No
19.6750011444092,1679.09997558594,13.5679996013641,4.890000343,32.5800018310547,1,2808.0960881919636,219.41768810441067,Maize,SI,CT,NI,No
19.6750011444092,1679.09997558594,11.139999628067,5.629000187,24.3600006103516,1,2810.361094374999,219.41768810441067,Maize,SI,CT,NI,No
21.7583332061768,1804.40002441406,11.668000221252399,5.867000103,35.4799995422363,1,2549.0754032812497,219.41768810441067,Maize,SI,CT,NI,No
19.6750011444092,1679.09997558594,10.42799949646,5.611000061,25.7299995422363,1,2920.2845313281246,219.41768810441067,Maize,SI,CT,NI,No
22.1083335876465,1366.20007324219,10.530999898910501,6.446000099,23.3400001525879,1,2808.0764535511357,219.41768810441067,Maize,SI,CT,NI,No
22.216667175293,1638.0,10.304000377655,7.046000004,21.3440856933594,1,2865.2698629375013,219.41768810441067,Maize,SI,CT,NI,No
22.5249996185303,1866.0,11.3460004329681,5.90199995,31.9500007629395,1,2795.2359200000005,219.41768810441067,Maize,SI,CT,NI,No
22.9750003814697,1703.60009765625,10.5340003967285,6.677000046,24.7700004577637,1,2885.6660573437507,219.41768810441067,Maize,SI,CT,NI,No
22.9750003814697,1703.60009765625,11.146999597549401,7.388000011,22.6299991607666,1,2686.7842504464274,219.41768810441067,Maize,SI,CT,NI,No
23.2250003814697,1846.5,10.9340000152588,5.68200016,30.1700000762939,1,2424.608458660714,219.41768810441067,Maize,SI,CT,NI,No
22.8250007629395,1610.80004882812,10.9899997711182,4.510000229,42.2777786254883,1,2823.1455165144243,219.41768810441067,Maize,SI,CT,NI,No
23.2916679382324,1892.0,13.368999958038298,5.413000107,28.2600002288818,1,2801.9242672443174,219.41768810441067,Maize,SI,CT,NI,No
22.6750011444092,1203.40002441406,9.898000359535219,5.381999969,24.7199993133545,1,2900.4022709765622,170.47841993218393,Maize,SI,CT,NI,No
21.4416675567627,1337.0,9.93600010871887,5.434000015,46.0602416992188,1,2678.19231402985,186.41413432835836,Maize,SI,CT,NI,No
22.1333332061768,1315.5,11.1199998855591,6.534999847,29.7399997711182,1,2918.93016,150.05598591549267,Maize,SI,CT,NI,No
22.1333332061768,1315.5,10.8920001983643,7.171999931,22.1700000762939,1,3020.7980554455444,135.1967821782178,Maize,SI,CT,NI,No
22.966667175293,1274.0,11.584999561309798,5.169000149,37.3333320617676,1,3454.081614730878,167.9405099150145,Maize,SI,CT,NI,No
21.0166664123535,1388.80004882812,12.2319996356964,5.220000267,44.2200012207031,1,4607.360399999999,242.55,Maize,SI,CT,NI,No
21.7250003814697,1473.90002441406,12.208000421523998,5.28000021,43.6800003051758,1,4550.31048,196.57500000000002,Maize,SI,CT,NI,No
19.5249996185303,1414.70007324219,12.5619995594025,5.31000042,43.4500007629395,1,2566.1318606334835,114.9570135746607,Maize,SI,CT,NI,No
19.5249996185303,1414.70007324219,12.3759996891022,4.860000134,47.4599990844727,1,2685.7027999999996,122.70555555555553,Maize,SI,CT,NI,No
18.0,1472.40002441406,12.3759996891022,4.860000134,47.4599990844727,1,2600.316953062501,170.47841993218393,Maize,SI,CT,NI,No
20.1333332061768,1705.30004882812,12.2630000114441,6.427000046,37.1199989318848,1,2466.036752,170.47841993218393,Maize,SI,CT,NI,No
20.2416667938232,1625.30004882812,12.1319997310638,5.624000072,43.7299995422363,1,2307.0367372031246,170.47841993218393,Maize,SI,CT,NI,No
20.2416667938232,1625.30004882812,12.0080006122589,6.238000393,33.3199996948242,1,3143.4191668508283,134.81767955801104,Maize,SI,CT,NI,No
18.1833343505859,1528.0,11.7720007896423,6.413000107,43.1300010681152,1,2859.0564,136.35,Maize,SI,CT,NI,No
18.091667175293,1536.20007324219,15.8229994773865,6.225000381,31.7800006866455,1,2699.3984164930557,170.47841993218393,Maize,SI,CT,NI,No
20.1416664123535,1528.30004882812,15.0250005722046,4.809000015,47.439998626709,1,3016.924814457831,172.17469879518055,Maize,SI,CT,NI,No
18.7083339691162,1655.59997558594,13.1340003013611,5.258999825,22.4500007629395,1,2796.5140269034096,170.47841993218393,Maize,SI,CT,NI,No
16.8583335876465,1563.20007324219,19.6319997310638,4.802000046,48.0999984741211,1,2976.130968152866,125.38853503184698,Maize,SI,CT,NI,No
15.5583333969116,1490.59997558594,14.4749999046326,6.349999905,21.7600002288818,1,3458.1827999999996,277.8,Maize,SI,CT,NI,No
20.1333332061768,1705.30004882812,12.5960004329681,5.584000111,37.0,1,3000.7811999999994,159.33802816901405,Maize,SI,CT,NI,No
20.1333332061768,1705.30004882812,12.2800004482269,6.267000198,39.8400001525879,1,3098.298,189.37500000000003,Maize,SI,CT,NI,No
22.466667175293,1532.80004882812,12.8760004043579,5.791999817,21.1000003814697,1,2532.7537790625015,170.47841993218393,Maize,SI,CT,NI,No
22.6416664123535,1635.5,10.7490003108978,5.088999748,22.6413040161133,1,3257.7924,215.4,Maize,SI,CT,NI,No
20.4166679382324,1705.30004882812,12.157000303268399,5.907000065,35.7599983215332,1,2635.092861503907,170.47841993218393,Maize,SI,CT,NI,No
22.2416667938232,1835.09997558594,10.220000743866,5.247999668,28.0599994659424,1,2628.0425573437506,170.47841993218393,Maize,SI,CT,NI,No
23.7583332061768,1722.30004882812,8.88000011444092,6.78000021,32.5999984741211,1,2553.0207224062483,170.47841993218393,Maize,SI,CT,NI,No
22.75,1419.5,11.1539995670319,6.306000233,27.6800003051758,1,2216.1569270230275,170.47841993218393,Maize,SI,CT,NI,No
22.3250007629395,1635.30004882812,12.7250003814697,5.065999985,34.09375,1,2004.3708901757827,170.47841993218393,Maize,SI,CT,NI,No
22.9750003814697,1693.70007324219,10.3460001945496,6.213999748,23.4400005340576,1,3291.0934285714284,183.91071428571428,Maize,SI,CT,NI,No
22.5833339691162,1645.69995117188,10.010000467300399,5.589999676,24.3999996185303,1,3123.2899999999995,227.0,Maize,SI,CT,NI,No
21.1666679382324,1658.80004882812,9.52100038528442,5.847000122,22.7191009521484,1,2547.798460885417,170.47841993218393,Maize,SI,CT,NI,No
22.5249996185303,1638.0,12.044000625610401,6.477000237,20.9489803314209,1,2592.218515839844,170.47841993218393,Maize,SI,CT,NI,No
22.25,1755.09997558594,7.99700021743774,7.18900013,16.3899993896484,1,2908.6892727272725,188.0454545454545,Maize,SI,CT,NI,No
22.7833347320557,1699.69995117188,10.637999773025498,5.605999947,29.2999992370605,1,2403.215956992188,170.47841993218393,Maize,SI,CT,NI,No
22.5833339691162,1645.69995117188,10.628000497818,6.78000021,22.5599994659424,1,3301.3174285714285,218.25,Maize,SI,CT,NI,No
22.375,1590.0,10.546000003814699,6.473999977,24.0,1,2589.6222108593747,170.47841993218393,Maize,SI,CT,NI,No
22.1666679382324,1665.80004882812,10.177999734878501,5.90199995,23.9200000762939,1,2412.19337171875,170.47841993218393,Maize,SI,CT,NI,No
22.7749996185303,1128.90002441406,10.184999704361,5.919000149,24.2299995422363,1,2959.7338369921877,170.47841993218393,Maize,SI,CT,NI,No
22.2000007629395,1193.70007324219,12.1060001850128,5.834000111,36.560001373291,1,2751.466575539568,158.01582733812927,Maize,SI,CT,NI,No
20.841667175293,1226.59997558594,26.8079996109009,5.387000084,44.4599990844727,1,2646.420123766816,129.43890134529147,Maize,SI,CT,NI,No
20.2250003814697,1266.5,13.9690005779266,6.309999943,45.8699989318848,1,2729.3023233103454,185.58965517241356,Maize,SI,CT,NI,No
20.783332824707,1219.90002441406,27.516000270843502,4.800000191,48.8800010681152,1,2839.0881042654028,175.50355450236944,Maize,SI,CT,NI,No
19.1416664123535,1298.60009765625,12.0480000972748,5.562000275,43.6199989318848,1,2979.2055907964595,161.30973451327412,Maize,SI,CT,NI,No
20.7999992370605,1134.40002441406,21.559998989105196,5.079999924,38.8400001525879,1,2943.6171697297295,106.58310810810865,Maize,SI,CT,NI,No
19.6333332061768,1007.70001220703,30.699999332428,4.800000191,50.0,1,3061.18488,142.38000000000008,Maize,SI,CT,NI,No
19.1499996185303,1091.20007324219,23.947999477386503,4.885000229,48.7799987792969,1,2886.8911177033488,139.99401913875528,Maize,SI,CT,NI,No
20.6666660308838,1668.59997558594,11.940000057220498,6.167000294,40.1300010681152,1,2747.706016225962,170.47841993218393,Maize,SI,CT,NI,No
20.4166679382324,1705.30004882812,16.098999977111802,5.160000324,45.1800003051758,1,2641.117343283582,111.33582089552236,Maize,SI,CT,NI,No
19.3916664123535,1694.0,11.887999773025498,6.177999973,37.5999984741211,1,2964.86851990172,194.43243243243253,Maize,SI,CT,NI,No
19.3916664123535,1694.0,8.96000027656555,4.824000359,30.0,1,2752.7927612903222,184.95903225806504,Maize,SI,CT,NI,No
20.8166675567627,1392.0,12.0120000839233,5.624000072,45.9799995422363,1,2771.7611111111096,170.47841993218393,Maize,SI,CT,NI,No
19.8999996185303,1296.40002441406,21.4359998703003,5.208000183,47.5999984741211,1,2696.301147861507,164.3126272912424,Maize,SI,CT,NI,No
18.4500007629395,1206.90002441406,21.0330009460449,5.365000248,46.3499984741211,1,2893.8819713966477,137.8575418994409,Maize,SI,CT,NI,No
19.4916667938232,1235.5,20.3349995613098,5.865000248,45.75,1,2474.2501784707642,197.91454272863564,Maize,SI,CT,NI,No
19.4916667938232,1235.5,16.5600001811981,5.21600008,45.3600006103516,1,2892.479013958334,170.47841993218393,Maize,SI,CT,NI,No
20.2333335876465,1387.70007324219,11.928000450134299,6.532999992,43.7000007629395,1,2657.0196039966695,183.8151956702746,Maize,SI,CT,NI,No
20.8166675567627,1392.0,9.26400005817413,4.30700016,47.1578941345215,1,2612.6684969199177,142.4306981519501,Maize,SI,CT,NI,No
20.8916664123535,1273.09997558594,9.926000237464901,5.434000015,24.6399993896484,1,2719.1078823529406,229.41176470588238,Maize,SI,CT,NI,No
21.4416675567627,1337.0,11.456000804901102,6.40899992,39.2200012207031,1,2846.0732532601232,245.45003431708187,Maize,SI,CT,NI,No
21.4416675567627,1337.0,13.688999414444002,5.290999889,22.0400009155273,1,2655.0968200400803,165.74375417501386,Maize,SI,CT,NI,No
22.2083339691162,1378.20007324219,10.9790003299713,5.197000027,29.4400005340576,1,2470.017294083808,170.47841993218393,Maize,SI,CT,NI,No
20.3333339691162,1342.59997558594,12.301000356674201,6.138999939,40.4343452453613,1,2724.269880755773,221.72708187543734,Maize,SI,CT,NI,No
21.6166667938232,1532.09997558594,12.304999828338602,5.029000282,47.1399993896484,1,3141.3693191489356,139.2127659574468,Maize,SI,CT,NI,No
21.6166667938232,1532.09997558594,12.2479999065399,5.193000317,42.8300018310547,1,2996.0929538461533,137.57692307692312,Maize,SI,CT,NI,No
19.625,1687.19995117188,12.204999923706099,4.805000305,43.2900009155273,1,2575.5289937499983,170.47841993218393,Maize,SI,CT,NI,No
21.8166675567627,1320.80004882812,13.372000455856302,5.552999973,24.8999996185303,1,3016.506,227.87999999999988,Maize,SI,CT,NI,No
23.25,1321.40002441406,12.0620000362396,5.427999973,42.1599998474121,1,2848.6279158398434,170.47841993218393,Maize,SI,CT,NI,No
22.875,1256.09997558594,12.202000617981,5.743999958,41.4700012207031,1,3162.8202034285705,218.43428571428572,Maize,SI,CT,NI,No
23.25,1321.40002441406,10.6400001049042,6.311999798,24.9200000762939,1,2697.5414287499993,170.47841993218393,Maize,SI,CT,NI,No
22.8916664123535,1249.80004882812,12.3080003261566,5.578999996,45.1199989318848,1,2958.907388671875,170.47841993218393,Maize,SI,CT,NI,No
22.375,1230.30004882812,12.0240008831024,6.315999985,43.6800003051758,1,2943.986253658536,161.18795731707277,Maize,SI,CT,NI,No
21.8333339691162,1221.09997558594,11.352000236511198,6.513000011,41.3125,1,3024.490457142857,152.4047619047621,Maize,SI,CT,NI,No
22.8916664123535,1249.80004882812,9.85599994659424,5.303999901,24.8400001525879,1,3092.4486327272725,220.8454545454546,Maize,SI,CT,NI,No
17.1333332061768,1342.5,10.938000679016099,6.006999969,20.5108699798584,1,3402.1071345060886,207.75629228687384,Maize,SI,CT,NI,No
17.9166660308838,1125.59997558594,10.353000164032,3.996000051,21.7088603973389,1,3256.281827027027,282.67567567567573,Maize,SI,CT,NI,No
17.9500007629395,1130.59997558594,11.6490006446838,6.640999794,20.5499992370605,1,3186.2243999999996,188.8125,Maize,SI,CT,NI,No
18.125,1194.70007324219,8.75800013542175,7.93200016,21.0,1,2908.667727773852,226.4204946996466,Maize,SI,CT,NI,No
18.5,1113.0,12.454000711441001,6.774000168,20.6200008392334,1,3009.900529791667,232.3826427616371,Maize,SI,CT,NI,No
17.9500007629395,1130.59997558594,10.292999744415301,5.582000256,27.8539333343506,1,3408.3859058823523,214.03235294117638,Maize,SI,CT,NI,No
15.0083332061768,1427.0,13.473000526428201,5.117000103,20.9899997711182,1,3041.4134042553187,241.93404255319157,Maize,SI,CT,NI,No
17.9166660308838,1125.59997558594,12.8170001506805,6.477000237,20.5100002288818,1,3069.105789473684,243.64736842105276,Maize,SI,CT,NI,No
19.216667175293,1125.80004882812,7.97100007534027,6.201000214,20.9135799407959,1,3075.7412999999997,214.1784374999998,Maize,SI,CT,NI,No
18.5750007629395,1196.40002441406,12.519000768661499,6.203999996,20.4799995422363,1,3054.186387096774,212.77620967741922,Maize,SI,CT,NI,No
19.2333335876465,1130.70007324219,12.2300004959106,6.700000286,20.8999996185303,1,3570.5996847926267,170.3046082949309,Maize,SI,CT,NI,No
15.4083337783813,1193.59997558594,12.6209998130798,5.391000271,28.0699996948242,1,3179.5524,226.57253521126768,Maize,SI,CT,NI,No
11.5583333969116,1312.20007324219,9.38199996948242,6.342000008,21.7199993133545,1,3279.0252727272727,264.3181818181818,Maize,SI,CT,NI,No
15.5166664123535,1248.09997558594,10.430999994278,4.471000195,20.2597408294678,1,3444.9597599999993,253.52777777777783,Maize,SI,CT,NI,No
17.8083343505859,1154.40002441406,10.557000637054399,7.28000021,20.7800006866455,1,3025.055113567839,233.43768844221105,Maize,SI,CT,NI,No
15.4416666030884,1387.19995117188,7.54400014877319,6.40899992,20.8470592498779,1,2972.0388,227.71795774647873,Maize,SI,CT,NI,No
17.1666660308838,1351.5,12.118999958038298,5.3800001139999996,20.296703338623,1,3105.387494670846,171.21677115987455,Maize,SI,CT,NI,No
15.716667175293,1267.40002441406,11.7789995670319,5.544000149,34.9897956848145,1,3067.876895705521,338.8803680981594,Maize,SI,CT,NI,No
15.625,1228.90002441406,11.7750000953674,6.385000229,44.75,1,3146.9689049429658,247.93460076045628,Maize,SI,CT,NI,No
15.625,1228.90002441406,11.5110003948212,5.460999966,29.5699996948242,1,3273.274457142856,291.95142857142855,Maize,SI,CT,NI,No
15.4416666030884,1387.19995117188,12.1329998970032,5.493000031,21.9899997711182,1,2876.267489878542,339.7408906882587,Maize,SI,CT,NI,No
15.875,1402.30004882812,13.6319994926453,5.642000198,23.2299995422363,1,2829.489697297297,176.3594594594595,Maize,SI,CT,NI,No
15.8500003814697,1342.5,12.2920000553131,5.019999981,22.4699993133545,1,2930.1131999999993,126.66964285714285,Maize,SI,CT,NI,No
15.6500005722046,1337.59997558594,7.61500000953674,6.715000153,16.4099998474121,1,3089.510429752066,224.36776859504104,Maize,SI,CT,NI,No
17.2999992370605,1044.70007324219,8.24000000953674,7.960000038,21.0,1,2862.098268214285,221.79944080032365,Maize,SI,CT,NI,No
17.2999992370605,1044.70007324219,9.56000030040741,7.592999935,24.9699993133545,1,3041.2298043844858,221.04258010118167,Maize,SI,CT,NI,No
17.5583324432373,1447.20007324219,11.7949998378754,6.592999935,23.7399997711182,1,2505.54456,221.79944080032365,Maize,SI,CT,NI,No
17.3666667938232,1143.40002441406,10.681999921798699,7.532000065,21.2000007629395,1,3140.48165743073,180.18287153652415,Maize,SI,CT,NI,No
16.908332824707,1547.20007324219,24.293999671936,6.346000195,29.1399993896484,1,3120.8509411764703,141.27573529411768,Maize,SI,CT,NI,No
18.4583339691162,1477.70007324219,13.4020006656647,5.843999863,20.4599990844727,1,3061.8724129554657,165.11234817813767,Maize,SI,CT,NI,No
15.1916666030884,1040.80004882812,10.142999887466399,6.769000053,24.0200004577637,1,3033.2430666666664,195.34166666666658,Maize,SI,CT,NI,No
18.283332824707,871.100036621094,11.1779999732971,5.8800001139999996,34.7099990844727,1,3233.8161176470585,346.9705882352944,Maize,SI,CT,NI,No
18.8250007629395,1161.30004882812,10.7959997653961,5.896999836,20.6206893920898,1,2989.2419999999997,164.75,Maize,SI,CT,NI,No
17.033332824707,1144.09997558594,12.8639996051788,5.020999908,21.7099990844727,1,2976.687912394881,203.15388482632378,Maize,SI,CT,NI,No
15.7750005722046,1153.5,9.62599992752075,6.894999981,21.1100006103516,1,3143.248824489796,278.5839285714285,Maize,SI,CT,NI,No
13.4916667938232,869.700012207031,14.5000004768372,5.099999905,20.0,1,3275.7940798721575,221.79944080032365,Maize,SI,CT,NI,No
14.1666669845581,844.700012207031,12.365000247955301,5.506000042,21.9400005340576,1,2596.749854014598,274.8653284671535,Maize,SI,CT,NI,No
14.3583335876465,1063.69995117188,11.7930006980896,6.607999802,20.5400009155273,1,3213.621395121951,290.0560975609757,Maize,SI,CT,NI,No
13.1000003814697,779.100036621094,10.7200002670288,5.604000092,16.3999996185303,1,2642.4162299999994,201.45476310483923,Maize,SI,CT,NI,No
18.0833339691162,1134.80004882812,8.38800013065338,7.952000141,21.0,1,3080.434010958904,191.64580479452022,Maize,SI,CT,NI,No
17.8000011444092,1112.59997558594,7.64800012111664,7.992000103,21.0,1,3289.9118426966293,286.5000000000002,Maize,SI,CT,NI,No
18.1083335876465,1302.30004882812,13.147000074386598,6.207000256,20.4099998474121,1,3058.9231989218324,178.7005390835581,Maize,SI,CT,NI,No
18.1083335876465,1302.30004882812,13.806999921798699,5.666999817,20.2099990844727,1,3373.6065283018866,253.2490566037735,Maize,SI,CT,NI,No
16.9833335876465,1599.20007324219,11.7139995098114,5.710000038,21.9099998474121,1,2923.244098604651,197.72895348837199,Maize,SI,CT,NI,No
17.1000003814697,1469.5,12.9449999332428,6.343999863,20.4599990844727,1,2764.74,149.2153846153845,Maize,SI,CT,NI,No
17.4583339691162,1686.0,11.2310004234314,6.701000214,19.4400005340576,1,3038.2599226890757,174.21428571428575,Maize,SI,CT,NI,No
15.3583335876465,1274.90002441406,12.628999948501601,5.710000038,21.0499992370605,1,3018.9707142857137,164.5473214285713,Maize,SI,CT,NI,No
12.5250005722046,1282.30004882812,10.233000516891499,5.458000183,21.8125,1,2929.622865306122,198.96918367346944,Maize,SI,CT,NI,No
15.3583335876465,1274.90002441406,10.949000120163,6.445000172,20.7399997711182,1,2448.6650400000003,138.43049999999994,Maize,SI,CT,NI,No
15.3916673660278,1611.30004882812,12.8090000152588,6.254000187,20.7399997711182,1,2877.4596,82.01999999999998,Maize,SI,CT,NI,No
17.9500007629395,1164.20007324219,8.98400008678436,7.471000195,20.6700000762939,1,3189.135640677966,249.93813559322015,Maize,SI,CT,NI,No
17.9500007629395,1164.20007324219,8.12900006771088,7.96600008,21.0,1,2709.8273090909092,201.9212121212121,Maize,SI,CT,NI,No
17.9500007629395,1164.20007324219,7.8329998254776,7.940000057,20.6399993896484,1,3372.9146399999995,192.49466292134827,Maize,SI,CT,NI,No
17.6750011444092,1102.70007324219,8.46199989318848,7.947999954,21.0,1,2675.04687032967,237.31912087912167,Maize,SI,CT,NI,No
16.6000003814697,1165.30004882812,8.03099989891052,7.964000225,20.7299995422363,1,2827.29384,224.95600000000056,Maize,SI,CT,NI,No
17.091667175293,1283.90002441406,6.46899998188019,5.677000046,20.8533325195312,1,3323.0189316455694,209.7784810126583,Maize,SI,CT,NI,No
15.3916673660278,1611.30004882812,11.1699998378754,7.173999786,18.3500003814697,1,3126.9251999999997,189.32999999999998,Maize,SI,CT,NI,No
17.4583339691162,1686.0,10.568000078201301,6.62100029,24.8099994659424,1,3093.7540000000004,114.12777777777774,Maize,SI,CT,NI,No
18.7666664123535,1273.59997558594,13.279000520706198,6.098999977,20.3700008392334,1,2997.606724260355,191.3662721893491,Maize,SI,CT,NI,No
17.9750003814697,1139.80004882812,12.9100000858307,5.165999889,21.5,1,2973.991508535954,161.56614071391584,Maize,SI,CT,NI,No
17.9750003814697,1139.80004882812,13.684999942779502,5.460999966,22.6000003814697,1,3175.1979124528298,194.41811320754732,Maize,SI,CT,NI,No
17.033332824707,1144.09997558594,13.236000537872298,5.612999916,24.7399997711182,1,3209.153223529411,151.28492647058818,Maize,SI,CT,NI,No
17.2666664123535,1292.80004882812,11.969000101089499,6.775000095,20.6100006103516,1,2773.4303999999997,209.22375000000005,Maize,SI,CT,NI,No
17.783332824707,1227.0,13.806999921798699,5.666999817,20.2099990844727,1,3020.2738812500006,221.79944080032365,Maize,SI,CT,NI,No
18.1750011444092,1097.5,12.210000753402701,6.803999901,20.6565647125244,1,3409.38024,203.83545454545464,Maize,SI,CT,NI,No
18.6166667938232,1088.09997558594,13.6090004444122,5.828999996,20.2700004577637,1,3181.650106666666,193.3111111111111,Maize,SI,CT,NI,No
17.783332824707,1227.0,13.0659997463226,5.732999802,20.8799991607666,1,3441.479110419162,199.2170658682636,Maize,SI,CT,NI,No
17.783332824707,1227.0,13.452000617981,5.540999889,28.2700004577637,1,2994.9451836734693,177.05408163265324,Maize,SI,CT,NI,No
16.9750003814697,1326.40002441406,14.335000514984099,5.235000134,20.0499992370605,1,3855.8265975903623,217.0150602409638,Maize,SI,CT,NI,No
16.9750003814697,1326.40002441406,10.9080004692078,6.907999992,20.6399993896484,1,3225.704769230769,339.00115384615384,Maize,SI,CT,NI,No
17.6499996185303,1296.0,14.0710008144379,5.450999737,20.1299991607666,1,3307.206452571428,256.53642857142887,Maize,SI,CT,NI,No
18.125,1230.90002441406,13.3120000362396,6.072000027,20.3600006103516,1,3305.2317599999997,289.18125000000003,Maize,SI,CT,NI,No
13.1666669845581,1171.09997558594,13.1090009212494,6.31400013,40.7200012207031,1,3326.2694232558133,302.093023255814,Maize,SI,CT,NI,No
16.908332824707,1547.20007324219,10.915000438690202,7.184999943,20.75,1,2370.3083084374994,221.79944080032365,Maize,SI,CT,NI,No
13.1916666030884,1239.59997558594,10.468000173568699,6.519999981,22.9300003051758,1,3494.2456363636356,209.69999999999996,Maize,SI,CT,NI,No
12.1083335876465,1125.30004882812,11.9200003147125,6.833000183,33.7400016784668,1,3006.621046312178,184.64678387650414,Maize,SI,CT,NI,No
10.1416664123535,917.700012207031,12.851999998092701,5.834000111,22.7000007629395,1,3475.45,365.3541666666667,Maize,SI,CT,NI,No
11.8250007629395,1085.0,8.30399990081787,7.705999851,20.9799995422363,1,3089.3925049180325,252.2827868852459,Maize,SI,CT,NI,No
11.8250007629395,1085.0,13.429000377655,5.43599987,20.7700004577637,1,3162.9400645161286,361.31370967741935,Maize,SI,CT,NI,No
11.8250007629395,1085.0,16.1570012569427,7.1300001139999996,20.1100006103516,1,2919.378,136.5,Maize,SI,CT,NI,No
16.3916664123535,1299.0,12.7369999885559,5.97699976,20.3099994659424,1,2992.831343119266,146.06146788990824,Maize,SI,CT,NI,No
14.2833337783813,1154.30004882812,14.115999937057499,5.336999893,20.1800003051758,1,3170.7826344827586,213.24375000000023,Maize,SI,CT,NI,No
16.3916664123535,1299.0,8.610000014305111,7.940000057,21.0,1,3306.5887636363636,198.9484090909091,Maize,SI,CT,NI,No
17.9166679382324,1217.0,13.510000705719001,5.596000195,21.7399997711182,1,3227.936034687499,221.79944080032365,Maize,SI,CT,NI,No
18.0666675567627,1044.70007324219,8.53600025177002,7.944000244,21.0,1,2833.8999789473683,172.63322368421052,Maize,SI,CT,NI,No
18.0666675567627,1044.70007324219,8.57299983501434,7.941999912,21.0,1,2949.0748786127165,268.5958092485549,Maize,SI,CT,NI,No
17.9166679382324,1217.0,8.424999713897709,7.949999809,21.0,1,2918.6210307692304,243.68022836538384,Maize,SI,CT,NI,No
11.6833333969116,889.0,9.563000202178959,7.263000011,20.9899997711182,1,2574.912979798296,221.79944080032365,Maize,SI,CT,NI,No
6.36666679382324,774.700012207031,8.765000104904171,7.34499979,21.3299999237061,1,3181.9489090909087,256.90909090909093,Maize,SI,CT,NI,No
7.52500009536743,782.799987792969,6.74299955368042,7.59499979,21.2700004577637,1,3402.291599999999,209.60000000000002,Maize,SI,CT,NI,No
1.77500009536743,745.200012207031,12.1280002593994,7.400000095,20.9200000762939,1,3630.5139999999988,262.58333333333326,Maize,SI,CT,NI,No
6.75833368301392,685.900024414062,6.643999814987181,7.760000229,21.1599998474121,1,3317.0915999999993,310.49999999999994,Maize,SI,CT,NI,No
3.90833330154419,704.0,6.94999992847443,7.25,21.5,1,3743.7731999999987,299.76666666666665,Maize,SI,CT,NI,No
3.90833330154419,704.0,6.91100001335144,7.704999924,20.8899993896484,1,4037.246452173912,222.28260869565221,Maize,SI,CT,NI,No
1.00833332538605,690.799987792969,8.69400024414062,6.626999855,19.0300006866455,1,3739.6835999999994,160.425,Maize,SI,CT,NI,No
3.09166669845581,667.700012207031,7.89900004863739,6.763999939,20.9599990844727,1,1919.2272214386794,221.79944080032365,Maize,SI,CT,NI,No
-0.133333370089531,669.900024414062,16.401000022888198,6.809000015,20.9899997711182,1,2686.119084737903,221.79944080032365,Maize,SI,CT,NI,No
8.41666698455811,903.5,6.8180000782012895,7.270999908,21.6100006103516,1,3235.591714285714,165.10714285714283,Maize,SI,CT,NI,No
3.55833339691162,715.600036621094,6.40599966049194,7.946000099,21.1800003051758,1,3215.1437142857135,95.6142857142857,Maize,SI,CT,NI,No
1.45000004768372,903.400024414062,9.00799989700317,6.308000088,18.1599998474121,1,3226.098,133.6875,Maize,SI,CT,NI,No
3.74166679382324,745.800048828125,6.67199969291687,7.291999817,21.7600002288818,1,3752.634,43.125,Maize,SI,CT,NI,No
3.24166679382324,610.700012207031,9.966999888420101,7.191999912,20.8999996185303,1,3030.138,93.37500000000001,Maize,SI,CT,NI,No
4.84166669845581,737.600036621094,8.36499989032745,7.073999882,25.2099990844727,1,2740.9692000000005,125.49375,Maize,SI,CT,NI,No
2.04999995231628,753.100036621094,29.632999897003202,7.464000225,20.0,1,2655.112501610053,221.79944080032365,Maize,SI,CT,NI,No
6.61666679382324,606.0,8.42400014400482,7.138999939,29.9500007629395,1,2045.4000677644228,221.79944080032365,Maize,SI,CT,NI,No
11.125,949.100036621094,6.94100022315979,7.264999866,21.4899997711182,1,3095.265457627118,163.49745762711862,Maize,SI,CT,NI,No
14.1583337783813,1039.90002441406,11.705000400543199,6.859000206,22.0300006866455,1,3620.6148000000007,330.8154929577467,Maize,SI,CT,NI,No
14.2916669845581,889.700012207031,10.3939998149872,6.230999947,23.6100006103516,1,3057.1256756756757,148.37027027027023,Maize,SI,CT,NI,No
17.2999992370605,1044.70007324219,11.2000000476837,7.800000191,21.0,1,3103.6132293577984,296.88027522935806,Maize,SI,CT,NI,No
14.8000001907349,941.400024414062,12.483999729156501,6.546000004,45.0400009155273,1,3500.064590043668,258.918930131005,Maize,SI,CT,NI,No
14.3833332061768,831.100036621094,13.7960004806519,6.041999817,32.7999992370605,1,3352.6640689655164,224.6443965517239,Maize,SI,CT,NI,No
10.3916664123535,1021.30004882812,9.45900022983551,6.093999863,21.4200000762939,1,2652.217015384615,207.0000000000001,Maize,SI,CT,NI,No
13.0333337783813,863.200012207031,11.2800002098083,6.580999851,37.5499992370605,1,2902.712165034965,200.38951048951023,Maize,SI,CT,NI,No
10.4000005722046,1046.70007324219,12.476999759674099,5.656000137,20.75,1,2883.867713385827,208.24960629921242,Maize,SI,CT,NI,No
12.8916664123535,1016.60003662109,14.926000833511399,5.165999889,20.4799995422363,1,3397.2948892193303,246.13438661709984,Maize,SI,CT,NI,No
8.21666717529297,910.900024414062,14.775999784469601,5.639999866,22.5599994659424,1,3007.7664784800877,222.2729265619254,Maize,SI,CT,NI,No
9.49166679382324,983.600036621094,10.571000576019301,6.421000004,20.9699993133545,1,3319.239283018868,201.54669811320755,Maize,SI,CT,NI,No
9.49166679382324,983.600036621094,10.1400005817413,6.613999844,34.1599998474121,1,2974.9516741463412,247.39024390243944,Maize,SI,CT,NI,No
11.0,928.599975585938,11.136000156402599,5.840000153,20.9400005340576,1,2864.004503816793,253.77251908396968,Maize,SI,CT,NI,No
12.4916667938232,953.100036621094,9.15399968624115,5.763999939,22.4242420196533,1,3084.3152444087823,221.79944080032365,Maize,SI,CT,NI,No
15.2666673660278,1213.0,8.50099980831146,4.624000072,25.8356170654297,1,3577.931698365759,165.56264591439674,Maize,SI,CT,NI,No
15.9750003814697,1185.90002441406,10.3900003433228,5.131999969,28.3095245361328,1,2934.797121951219,219.9835365853659,Maize,SI,CT,NI,No
15.4083337783813,1199.30004882812,13.7999999523163,5.646999836,27.78125,1,2800.6303668749997,227.49659456460094,Maize,SI,CT,NI,No
14.8833332061768,1203.70007324219,11.3470005989075,6.565999985,31.6299991607666,1,2966.5430220640565,231.61921708185014,Maize,SI,CT,NI,No
14.9000005722046,1174.20007324219,13.2950007915497,6.099999905,28.5,1,2536.075901335227,227.49659456460094,Maize,SI,CT,NI,No
14.466667175293,1254.30004882812,15.2830004692078,6.177999973,23.9699993133545,1,3319.958233492823,165.4090909090907,Maize,SI,CT,NI,No
14.7583332061768,1277.5,12.134000062942501,5.743000031,31.4300003051758,1,3095.859188929504,182.775979112272,Maize,SI,CT,NI,No
14.7583332061768,1277.5,14.9610006809235,5.754000187,26.8600006103516,1,3414.3080769230764,210.49759615384627,Maize,SI,CT,NI,No
15.25,1178.30004882812,12.836000919342002,6.669000149,36.7700004577637,1,3405.739694117647,185.85220588235296,Maize,SI,CT,NI,No
14.9000005722046,1174.20007324219,12.923001050949098,5.977000237,38.9199981689453,1,3442.4378399999996,170.58502066115688,Maize,SI,CT,NI,No
15.2833337783813,1159.0,11.7330002784729,5.881000042,29.8999996185303,1,3326.073147019867,201.0196192052978,Maize,SI,CT,NI,No
15.4250001907349,1172.30004882812,14.5000004768372,5.099999905,20.0,1,3319.288429739777,230.15910780669137,Maize,SI,CT,NI,No
18.8250007629395,1161.30004882812,9.3230003118515,7.498000145,20.8400001525879,1,2967.9176571428566,123.71428571428575,Maize,SI,CT,NI,No
15.9166669845581,1151.80004882812,15.146000385284399,6.65199995,35.9000015258789,1,3166.458,138.4928571428571,Maize,SI,CT,NI,No
15.6666669845581,1272.0,10.8480000495911,5.605999947,33.3870964050293,1,3266.994,300.80142857142874,Maize,SI,CT,NI,No
15.6666669845581,1272.0,9.5959997177124,4.825000286,27.5476188659668,1,2820.538270515464,155.3350515463916,Maize,SI,CT,NI,No
17.9500007629395,1158.80004882812,11.396000385284399,5.977000237,30.1399993896484,1,3473.706587755102,164.82244897959188,Maize,SI,CT,NI,No
17.0166664123535,1141.09997558594,10.9839999675751,5.531000137,35.5200004577637,1,3085.561817142857,240.28714285714233,Maize,SI,CT,NI,No
16.7416667938232,1242.0,13.827999830246,6.151000023,31.0499992370605,1,2532.5427396306814,227.49659456460094,Maize,SI,CT,NI,No
15.4583339691162,1364.80004882812,18.9059996604919,5.608000278,31.0300006866455,1,3019.8444489795916,192.92142857142855,Maize,SI,CT,NI,No
16.3083343505859,1304.80004882812,15.7879996299744,5.274000168,27.6800003051758,1,3262.570774736842,174.13894736842104,Maize,SI,CT,NI,No
16.3166675567627,1185.80004882812,11.232000589370701,5.667000294,34.4000015258789,1,3325.1792417910447,210.93134328358212,Maize,SI,CT,NI,No
16.3166675567627,1185.80004882812,13.8059997558594,5.886000156,22.1700000762939,1,3272.1811764705876,162.08272058823533,Maize,SI,CT,NI,No
16.3166675567627,1185.80004882812,11.440999507904099,5.715000153,27.5599994659424,1,3396.029183756345,169.34695431472085,Maize,SI,CT,NI,No
16.3000011444092,1237.70007324219,11.3779997825623,5.585000038,38.189998626709,1,2757.5866634146337,142.31260162601612,Maize,SI,CT,NI,No
15.8500003814697,1342.5,15.105000734329199,6.859000206,27.2199993133545,1,3108.9083655248605,178.3500000000001,Maize,SI,CT,NI,No
15.875,1402.30004882812,17.6639997959137,5.160000324,37.4000015258789,1,3263.589308737864,165.6495145631066,Maize,SI,CT,NI,No
16.7416667938232,1242.0,15.519000291824302,5.993000031,33.2000007629395,1,2505.374168320313,227.49659456460094,Maize,SI,CT,NI,No
16.8333339691162,1173.80004882812,10.875999927520802,5.370000362,38.8199996948242,1,3287.83392,319.3506250000004,Maize,SI,CT,NI,No
14.6750001907349,1268.59997558594,11.6040003299713,5.56400013,31.2800006866455,1,2964.5036133990143,322.67586206896567,Maize,SI,CT,NI,No
16.75,1231.5,12.28600025177,6.281000137,45.0200004577637,1,3066.7496571428564,283.65,Maize,SI,CT,NI,No
18.8000011444092,1127.0,11.3970005512238,5.967000008,39.1599998474121,1,2754.268279975961,227.49659456460094,Maize,SI,CT,NI,No
18.6833343505859,1128.40002441406,18.659999370575,5.623000145,37.3600006103516,1,2797.6660458750002,227.49659456460094,Maize,SI,CT,NI,No
19.2333335876465,1140.30004882812,19.6879994869232,5.190000057,43.4700012207031,1,3346.1441183999996,269.6805,Maize,SI,CT,NI,No
16.5750007629395,1200.69995117188,11.4320003986359,6.593000412,32.9300003051758,1,3658.4492727272714,334.8318181818182,Maize,SI,CT,NI,No
13.5416669845581,999.100036621094,10.9469997882843,5.631999969,34.810001373291,1,2831.4224758806813,227.49659456460094,Maize,SI,CT,NI,No
13.4750003814697,1088.30004882812,10.110000371933,4.870999813,22.4777774810791,1,3166.849318588235,225.03529411764706,Maize,SI,CT,NI,No
15.4083337783813,1199.30004882812,13.7999999523163,5.646999836,27.78125,1,3349.15419041731,230.74103554868614,Maize,SI,CT,NI,No
14.9833335876465,1102.30004882812,12.7230000495911,5.789000034,27.5799999237061,1,3445.2703908196722,177.49229508196717,Maize,SI,CT,NI,No
14.3250007629395,1166.20007324219,10.820000171661398,4.484000206,23.411111831665,1,3185.634289932885,298.5654362416108,Maize,SI,CT,NI,No
14.0000009536743,1118.0,11.068000793457,5.700000286,33.9300003051758,1,3048.920883221476,219.06140939597336,Maize,SI,CT,NI,No
12.4750003814697,983.900024414062,5.77600002288818,4.224999905,30.0769233703613,1,3077.1532533333334,261.3833333333334,Maize,SI,CT,NI,No
13.5583333969116,974.799987792969,12.4599993228912,5.104000092,21.8500003814697,1,2883.5729917808217,329.47679794520485,Maize,SI,CT,NI,No
15.8000001907349,1021.70001220703,11.8889999389648,5.855000019,38.1300010681152,1,3358.1254516853933,197.69662921348316,Maize,SI,CT,NI,No
15.8000001907349,1021.70001220703,11.6439998149872,6.705000401,37.2900009155273,1,3213.871270047847,189.61184210526307,Maize,SI,CT,NI,No
15.4750003814697,1183.90002441406,11.7720007896423,6.615000248,39.9099998474121,1,3188.4550909090904,250.19318181818176,Maize,SI,CT,NI,No
15.7583332061768,1204.90002441406,10.9399998188019,5.850000381,35.2999992370605,1,3202.516838709677,166.20967741935485,Maize,SI,CT,NI,No
15.4750003814697,1183.90002441406,12.487000226974502,5.740000248,36.6300010681152,1,3058.7119499999994,161.708203125,Maize,SI,CT,NI,No
16.3083343505859,1304.80004882812,14.6560001373291,6.096000195,27.9599990844727,1,2986.935046153846,151.9823076923077,Maize,SI,CT,NI,No
16.7749996185303,1428.20007324219,11.276000738143901,5.142000198,39.3800010681152,1,2502.314402897729,227.49659456460094,Maize,SI,CT,NI,No
16.7749996185303,1428.20007324219,13.464000225067101,4.874000072,35.5999984741211,1,2730.234,193.5,Maize,SI,CT,NI,No
15.4416666030884,1190.5,11.0199999809265,5.175000191,42.6300010681152,1,2592.6905146875006,227.49659456460094,Maize,SI,CT,NI,No
15.4416666030884,1190.5,10.9560000896454,5.793000221,35.1399993896484,1,2581.9287562499994,227.49659456460094,Maize,SI,CT,NI,No
17.0750007629395,1510.09997558594,10.8360004425049,5.070000172,41.0200004577637,1,2389.424383676469,227.49659456460094,Maize,SI,CT,NI,No
17.7749996185303,1295.20007324219,13.2620000839233,5.723999977,37.3800010681152,1,2614.183735384615,95.11384615384618,Maize,SI,CT,NI,No
17.7749996185303,1295.20007324219,21.5019989013672,4.800000191,48.8499984741211,1,3320.499599999999,153.14000000000001,Maize,SI,CT,NI,No
15.6333341598511,1182.5,11.1280000209808,5.873000145,38.2599983215332,1,3739.002,166.29999999999998,Maize,SI,CT,NI,No
16.4500007629395,1157.0,10.8480000495911,4.93500042,42.4300003051758,1,3432.651043093922,217.02016574585633,Maize,SI,CT,NI,No
16.4500007629395,1157.0,11.5279996395111,6.105999947,31.7900009155273,1,3279.774,143.8875,Maize,SI,CT,NI,No
16.4500007629395,1157.0,11.1419999599457,6.376000404,34.5299987792969,1,2751.4609714285716,113.33035714285715,Maize,SI,CT,NI,No
15.8000001907349,1021.70001220703,10.2300000190735,4.926000118,39.3448257446289,1,3187.3377412398922,219.83894878706246,Maize,SI,CT,NI,No
17.8250007629395,1280.40002441406,10.802000761032101,5.374000072,45.9555549621582,1,3034.0328571428568,175.16785714285717,Maize,SI,CT,NI,No
14.8333339691162,1195.90002441406,12.211999893188501,5.263999939,25.8199996948242,1,2475.0926743566183,227.49659456460094,Maize,SI,CT,NI,No
15.5583333969116,1005.0,11.224000453949,5.8800001139999996,39.0,1,3378.803664,197.4829411764705,Maize,SI,CT,NI,No
16.8000011444092,1176.5,11.180000305175799,5.646000385,38.7200012207031,1,2483.6526477138164,227.49659456460094,Maize,SI,CT,NI,No
16.9500007629395,1189.09997558594,13.0690002441406,6.129000187,29.3400001525879,1,3343.9929888,194.63949999999988,Maize,SI,CT,NI,No
19.6416664123535,1132.59997558594,13.126000165939299,5.322000027,34.9199981689453,1,2924.76624881298,193.2664175918032,Maize,SI,CT,NI,No
15.6166667938232,1266.70007324219,14.16100025177,6.326000214,25.2954540252686,1,2479.618769479167,227.49659456460094,Maize,SI,CT,NI,No
15.7583332061768,1231.09997558594,8.99200022220612,4.443000317,40.9135818481445,1,3195.620126582278,317.77215189873414,Maize,SI,CT,NI,No
16.8000011444092,1176.5,19.3009996414185,5.598999977,37.2799987792969,1,2583.7461200183816,227.49659456460094,Maize,SI,CT,NI,No
15.7416667938232,867.799987792969,7.76000022888184,5.638000011,21.5194797515869,1,2407.8781026562488,260.44898109334014,Maize,SI,CT,NI,No
15.125,925.299987792969,11.416000127792401,7.171999931,28.8899993896484,1,2555.7553029375017,260.44898109334014,Maize,SI,CT,NI,No
16.5583343505859,903.0,10.5739998817444,7.062000275,23.3299999237061,1,3766.8161861182507,346.3642673521855,Maize,SI,CT,NI,No
16.5583343505859,903.0,10.2310001850128,7.269999981,22.1900005340576,1,2533.827773874999,260.44898109334014,Maize,SI,CT,NI,No
15.7583341598511,891.200012207031,11.8299996852875,7.274000168,35.3535346984863,1,3179.6012031872506,296.67131474103553,Maize,SI,CT,NI,No
15.2833337783813,978.799987792969,13.4439992904663,6.944000244,43.2000007629395,1,2856.929794687501,260.44898109334014,Maize,SI,CT,NI,No
14.4916667938232,961.200012207031,11.7709994316101,6.789999962,33.8899993896484,1,2692.9107227734366,260.44898109334014,Maize,SI,CT,NI,No
16.4250011444092,834.400024414062,11.405999660491899,6.778999805,21.8199996948242,1,3622.612924137931,154.11724137931031,Maize,SI,CT,NI,No
15.3583335876465,1008.10003662109,11.3870000839233,7.379000187,25.783504486084,1,3157.6467280276815,311.9626297577854,Maize,SI,CT,NI,No
15.7750005722046,922.600036621094,11.5209996700287,6.346000195,26.0400009155273,1,3684.7846275761963,311.9521044992743,Maize,SI,CT,NI,No
17.2833347320557,975.400024414062,15.250999927520802,7.102000237,26.8700008392334,1,3312.2067068852457,311.6589651639347,Maize,SI,CT,NI,No
14.4333333969116,1104.40002441406,14.4660007953644,5.417999744,20.6200008392334,1,3332.6424178448256,260.44898109334014,Maize,SI,CT,NI,No
13.5749998092651,876.800048828125,9.99199986457825,6.602000237,21.6200008392334,1,3189.50168219178,316.20410958904085,Maize,SI,CT,NI,No
14.1666669845581,1054.70007324219,10.2680003643036,6.402999878,22.6767673492432,1,3381.923593077339,272.89575446187206,Maize,SI,CT,NI,No
16.8500003814697,845.299987792969,9.05799984931946,6.234000206,21.7764701843262,1,3745.713138461539,352.5259615384615,Maize,SI,CT,NI,No
16.8500003814697,845.299987792969,11.6600000858307,6.203999996,21.6800003051758,1,3213.7493687671226,347.37482876712255,Maize,SI,CT,NI,No
16.4250011444092,834.400024414062,13.0919992923737,6.855999947,37.7200012207031,1,3014.7747093749995,260.44898109334014,Maize,SI,CT,NI,No
17.5416660308838,855.200012207031,13.3149993419647,6.360000134,45.3600006103516,1,3142.370262656249,260.44898109334014,Maize,SI,CT,NI,No
19.4416675567627,820.900024414062,6.97999954223633,5.304000378,16.3600006103516,1,2974.028688,260.44898109334014,Maize,SI,CT,NI,No
19.125,914.799987792969,9.84499990940094,5.762000084,24.4699993133545,1,3402.267737343751,260.44898109334014,Maize,SI,CT,NI,No
17.4166660308838,1273.59997558594,20.576000213622997,5.309000015,31.6599998474121,1,2810.040550257352,260.44898109334014,Maize,SI,CT,NI,No
17.0416660308838,1453.59997558594,12.172999382019,5.215000153,25.2600002288818,1,2876.559660167131,213.05431754874598,Maize,SI,CT,NI,No
16.6499996185303,1144.90002441406,21.647999286651597,4.96200037,44.3400001525879,1,2473.7270038437487,260.44898109334014,Maize,SI,CT,NI,No
13.7083330154419,819.100036621094,10.5200004577637,5.423000336,36.9599990844727,1,2663.2014317095595,260.44898109334014,Maize,SI,CT,NI,No
13.7083330154419,819.100036621094,12.0169997215271,5.967000008,28.4099998474121,1,3259.2702616822426,277.28971962616544,Maize,SI,CT,NI,No
14.8000001907349,941.400024414062,11.6949999332428,6.306000233,41.8199996948242,1,3144.7133145749995,260.44898109334014,Maize,SI,CT,NI,No
16.625,1107.0,11.5030002593994,5.325000286,22.2900009155273,1,3638.7840800000004,260.44898109334014,Maize,SI,CT,NI,No
13.3916664123535,879.700012207031,11.438000202179,4.911000252,37.7700004577637,1,3416.378,193.76666666666668,Maize,SI,CT,NI,No
12.4916667938232,953.100036621094,13.983000516891499,5.025000095,22.0300006866455,1,3073.6585068256572,260.44898109334014,Maize,SI,CT,NI,No
15.3583335876465,1274.90002441406,14.165999889373799,5.290999889,20.1000003814697,1,3593.0169253125014,260.44898109334014,Maize,SI,CT,NI,No
13.5583333969116,974.799987792969,10.8469998836517,5.356999874,30.9099998474121,1,2835.06368939828,330.6294412607446,Maize,SI,CT,NI,No
14.1916666030884,918.5,13.760000467300399,5.039999962,24.6000003814697,1,2893.8179999999998,327.0000000000017,Maize,SI,CT,NI,No
13.8000001907349,1041.0,11.6040003299713,5.805000305,45.0099983215332,1,3563.2855199999995,260.44898109334014,Maize,SI,CT,NI,No
13.1333341598511,1006.5,8.06800007820129,6.625999928,21.8999996185303,1,2785.9888799999994,260.44898109334014,Maize,SI,CT,NI,No
13.9916667938232,1010.30004882812,16.0370004177094,5.191999912,21.9599990844727,1,3365.731492436975,213.1911764705877,Maize,SI,CT,NI,No
16.9416675567627,888.700012207031,12.487000226974502,5.28000021,23.8199996948242,1,2861.307745454545,257.9914141414138,Maize,SI,CT,NI,No
11.875,856.0,9.276000261306761,6.375999928,21.4799995422363,1,2107.905936,260.44898109334014,Maize,SI,CT,NI,No
20.5666675567627,1309.70007324219,16.0640001296997,5.910000324,37.6300010681152,1,2257.712536875,260.44898109334014,Maize,SI,CT,NI,No
19.4416675567627,1209.70007324219,11.6420006752014,5.56799984,38.8899993896484,1,2952.848664445867,222.38561819346538,Maize,SI,CT,NI,No
19.4916667938232,1217.59997558594,12.335000038147,5.23900032,38.7700004577637,1,3270.2741763988915,263.2443490304721,Maize,SI,CT,NI,No
18.0666675567627,997.0,12.619999647140501,5.587999821,27.4599990844727,1,3061.405128358209,235.30914179104462,Maize,SI,CT,NI,No
18.7333335876465,1134.0,20.5979990959167,5.513999939,37.5800018310547,1,2794.3444941176467,200.162745098039,Maize,SI,CT,NI,No
17.8083343505859,961.299987792969,12.5450003147125,4.970000267,26.6000003814697,1,2824.9799685863873,199.76832460732987,Maize,SI,CT,NI,No
20.341667175293,1513.5,12.397999763488802,5.014000416,43.3699989318848,1,2347.2026204081626,107.78979591836732,Maize,SI,CT,NI,No
20.658332824707,1485.0,15.377999544143698,5.363999844,35.8199996948242,1,2779.1017441995837,165.99028066527993,Maize,SI,CT,NI,No
18.9916667938232,1488.90002441406,25.5130004882812,5.116000175,42.7400016784668,1,2679.1390028708133,139.15207336523326,Maize,SI,CT,NI,No
18.9916667938232,1488.90002441406,13.5780000686646,5.294000149,37.189998626709,1,2770.2523016241303,224.78056844547604,Maize,SI,CT,NI,No
18.6333332061768,1196.70007324219,13.8220000267029,5.483000278,22.6299991607666,1,3024.9033071590907,260.44898109334014,Maize,SI,CT,NI,No
16.6499996185303,1144.90002441406,10.0,5.579999924,27.8099994659424,1,2753.3316,174.09425785482154,Maize,SI,CT,NI,No
17.5750007629395,1101.09997558594,12.208000421523998,5.580000401,39.7799987792969,1,3094.9421618478254,260.44898109334014,Maize,SI,CT,NI,No
19.1750011444092,1389.70007324219,14.2599999904633,4.971000195,31.5300006866455,1,2723.242601156249,260.44898109334014,Maize,SI,CT,NI,No
19.7583332061768,1539.90002441406,10.7700002193451,4.915999889,30.3899993896484,1,2633.7162293382357,260.44898109334014,Maize,SI,CT,NI,No
18.466667175293,1381.80004882812,10.961999893188501,4.967999935,33.5400009155273,1,2665.9143424553567,260.44898109334014,Maize,SI,CT,NI,No
18.9916667938232,1457.40002441406,11.3100004196167,5.638000011,29.8799991607666,1,2535.2999567527168,260.44898109334014,Maize,SI,CT,NI,No
19.3333339691162,1458.40002441406,13.5780000686646,5.073999882,28.3700008392334,1,2547.460685781251,260.44898109334014,Maize,SI,CT,NI,No
16.5416679382324,883.200012207031,13.2660007476807,5.940000057,20.3333339691162,1,2375.962182656249,260.44898109334014,Maize,SI,CT,NI,No
17.4250011444092,780.200012207031,14.3020009994507,5.262000084,20.0599994659424,1,2569.6558626562487,260.44898109334014,Maize,SI,CT,NI,No
16.5416679382324,883.200012207031,18.9610004425049,5.46600008,29.4699993133545,1,2402.784263124999,260.44898109334014,Maize,SI,CT,NI,No
15.7416667938232,942.000061035156,13.632000684738198,5.722000122,20.2600002288818,1,2975.414605781249,260.44898109334014,Maize,SI,CT,NI,No
15.7833337783813,996.900024414062,12.256000041961702,6.93599987,20.6800003051758,1,2430.307274453124,260.44898109334014,Maize,SI,CT,NI,No
15.7833337783813,996.900024414062,13.1140005588531,6.234000206,20.4200000762939,1,3103.7508,237.3999999999999,Maize,SI,CT,NI,No
18.1083335876465,1053.5,17.3409998416901,5.495999813,26.4699993133545,1,3264.223693251534,244.86901840490754,Maize,SI,CT,NI,No
19.4416675567627,896.500061035156,12.6240003108978,6.303999901,23.3600006103516,1,2723.6679310937498,260.44898109334014,Maize,SI,CT,NI,No
15.2833337783813,978.799987792969,12.92799949646,6.990000248,40.8199996948242,1,2669.8987657812504,260.44898109334014,Maize,SI,CT,NI,No
15.125,925.299987792969,9.80000019073486,6.550000191,21.3068180084229,1,3332.916995260663,199.44312796208547,Maize,SI,CT,NI,No
19.0249996185303,1091.69995117188,8.37400019168854,5.937000275,22.7099990844727,1,2909.974941871921,152.4568965517242,Maize,SI,CT,NI,No
18.9416675567627,852.700012207031,11.8939995765686,5.40500021,30.4799995422363,1,2884.003481632653,254.8552614795947,Maize,SI,CT,NI,No
19.0249996185303,1091.69995117188,12.1459996700287,6.768000126,35.5,1,3297.7566263952717,171.2875902823369,Maize,SI,CT,NI,No
23.4583339691162,1382.80004882812,11.3740003108978,5.353000164,36.560001373291,1,3293.7290171730515,244.57490092470255,Maize,SI,CT,NI,No
18.3916664123535,913.299987792969,10.8519995212555,6.486999989,24.2700004577637,1,3011.0483708502015,278.3001012145749,Maize,SI,CT,NI,No
18.3916664123535,913.299987792969,7.57000029087067,3.588999987,23.6712322235107,1,2860.7156091428565,203.4492857142859,Maize,SI,CT,NI,No
15.7750005722046,922.600036621094,9.55600023269653,5.424000263,23.2199993133545,1,3094.573592638036,332.03926380368057,Maize,SI,CT,NI,No
19.8000011444092,1129.09997558594,11.4300000667572,6.058000088,31.0599994659424,1,2968.364295652173,178.94963768115932,Maize,SI,CT,NI,No
18.908332824707,1221.40002441406,10.4040002822876,6.211999893,27.1000003814697,1,2879.3233599254427,140.3144454799641,Maize,SI,CT,NI,No
20.9416675567627,1390.09997558594,15.3199994564056,5.019999981,23.1800003051758,1,2671.4128051948055,153.39350649350666,Maize,SI,CT,NI,No
18.908332824707,1221.40002441406,18.8689994812012,4.906000137,30.2900009155273,1,2703.255079847908,161.7547528517111,Maize,SI,CT,NI,No
23.4583339691162,1382.80004882812,7.94800043106079,4.599999905,24.0,1,2770.1988857142856,196.60379464285526,Maize,SI,CT,NI,No
18.9166679382324,1130.80004882812,18.6860001087189,5.921999931,36.6199989318848,1,2395.2979459124986,260.44898109334014,Maize,SI,CT,NI,No
17.9583339691162,958.100036621094,14.0629994869232,5.46600008,36.4947357177734,1,3302.180289230769,293.56753846153873,Maize,SI,CT,NI,No
20.25,1074.70007324219,20.8459997177124,7.043000221,26.8899993896484,1,3066.498811080332,370.8151662049863,Maize,SI,CT,NI,No
20.25,1074.70007324219,30.309998989105196,4.860000134,49.4199981689453,1,2858.837076923077,278.26706392199316,Maize,SI,CT,NI,No
18.9166679382324,1130.80004882812,28.5549998283386,5.1300001139999996,46.810001373291,1,3124.0466432801823,263.4861047835991,Maize,SI,CT,NI,No
18.0750007629395,884.100036621094,25.9990000724792,4.973999977,47.6699981689453,1,3047.07999880597,287.7774875621903,Maize,SI,CT,NI,No
19.6333332061768,1007.70001220703,21.886000633239703,5.805000305,40.3800010681152,1,3181.01016,281.3924999999999,Maize,SI,CT,NI,No
19.8833332061768,1177.80004882812,10.3600001335144,5.141999722,29.7900009155273,1,3213.4802261249993,260.44898109334014,Maize,SI,CT,NI,No
21.6333332061768,1340.20007324219,11.529999971389799,5.021999836,37.8600006103516,1,3364.122,234.60000000000002,Maize,SI,CT,NI,No
21.0750007629395,1266.69995117188,10.188000202179,5.815999985,24.5,1,2603.613692307692,323.0769230769231,Maize,SI,CT,NI,No
22.0500011444092,1394.80004882812,11.821999549865701,4.96600008,29.9400005340576,1,2474.2855047961957,260.44898109334014,Maize,SI,CT,NI,No
14.591667175293,1085.80004882812,12.710000276565601,5.013999939,22.8620681762695,1,3798.635229139072,229.50000000000057,Maize,SI,CT,NI,No
14.1583337783813,1149.90002441406,14.345999956131,5.552999973,20.9699993133545,1,2814.997749375,260.44898109334014,Maize,SI,CT,NI,No
16.216667175293,967.599975585938,10.4089999198914,6.735000134,22.3899993896484,1,2726.463757366071,260.44898109334014,Maize,SI,CT,NI,No
16.0833339691162,1001.10003662109,11.850999593734699,6.770999908,32.4099998474121,1,2957.3703736458333,260.44898109334014,Maize,SI,CT,NI,No
15.7250003814697,1055.09997558594,11.182000637054399,7.611999989,21.2600002288818,1,3072.484436812501,260.44898109334014,Maize,SI,CT,NI,No
16.216667175293,967.599975585938,15.559999942779502,5.199999809,21.1000003814697,1,2955.0529585227277,260.44898109334014,Maize,SI,CT,NI,No
15.7250003814697,1055.09997558594,14.896000623703001,6.201000214,23.7199993133545,1,2863.67311953125,260.44898109334014,Maize,SI,CT,NI,No
16.3999996185303,1120.80004882812,13.798999786377,5.863999844,22.4300003051758,1,3134.4030024896265,226.51473029045613,Maize,SI,CT,NI,No
13.8666667938232,1262.30004882812,14.150000810623201,5.210000038,20.1000003814697,1,2974.5512346874993,260.44898109334014,Maize,SI,CT,NI,No
12.3249998092651,1109.40002441406,9.56000030040741,6.774000168,24.6276588439941,1,3330.2715544041444,294.78031088082787,Maize,SI,CT,NI,No
11.1499996185303,950.5,11.180000305175799,6.385000229,21.75,1,2590.396904062501,260.44898109334014,Maize,SI,CT,NI,No
13.1333341598511,1006.5,9.761999845504759,6.998000145,22.0799999237061,1,2867.186530125,260.44898109334014,Maize,SI,CT,NI,No
19.5750007629395,1905.0,11.0280001163483,5.639999866,30.75,1,2382.913359999999,260.44898109334014,Maize,SI,CT,NI,No
17.9750003814697,1575.40002441406,19.099999666214,5.490000248,38.9500007629395,1,3022.7566175115207,259.400921658986,Maize,SI,CT,NI,No
17.4583339691162,1675.59997558594,15.7490003108978,5.412000179,33.1699981689453,1,2932.7423685623007,246.42364217252396,Maize,SI,CT,NI,No
18.8166675567627,1974.90002441406,10.6679999828339,6.266000271,28.3333339691162,1,2751.292388059701,234.05373134328363,Maize,SI,CT,NI,No
19.5750007629395,1905.0,11.274000406265301,7.146000385,26.1599998474121,1,2819.04741369863,258.9575342465749,Maize,SI,CT,NI,No
12.4750003814697,1218.0,16.9770002365112,5.576000214,29.8700008392334,1,3771.39157875,260.44898109334014,Maize,SI,CT,NI,No
9.40833377838135,786.100036621094,7.400000095367431,6.5,22.0,1,2473.931965312501,260.44898109334014,Maize,SI,CT,NI,No
12.1583337783813,1171.59997558594,12.1360003948212,6.796000004,21.0900001525879,1,3077.6263959712232,179.3999999999997,Maize,SI,CT,NI,No
6.72499990463257,804.299987792969,7.49100029468536,6.500999928,22.0,1,3296.6111428571426,190.6904761904759,Maize,SI,CT,NI,No
6.42500019073486,680.799987792969,14.882999658584598,6.68599987,19.3400001525879,1,3013.95,97.03125000000001,Maize,SI,CT,NI,No
10.7416667938232,940.799987792969,12.170000076293901,5.824999809,22.4500007629395,1,2701.66694117647,369.4852941176471,Maize,SI,CT,NI,No
14.6750001907349,612.700012207031,6.80799961090088,7.981999874,20.3099994659424,1,3593.945199697265,202.3116751030036,Maize,SI,CT,NI,No
13.9000005722046,701.400024414062,10.4209995269775,7.834000111,20.7000007629395,1,4238.71278,233.40000000000018,Maize,SI,CT,NI,No
15.0,630.700012207031,10.8560001850128,7.81400013,20.9099998474121,1,3586.815742105263,183.01988304093618,Maize,SI,CT,NI,No
13.9000005722046,701.400024414062,10.901999473571799,7.815999985,19.1800003051758,1,3583.829023255814,210.80930232558129,Maize,SI,CT,NI,No
14.6000003814697,670.800048828125,9.5770001411438,7.866000175,17.8400001525879,1,3699.4071066964284,177.3981026785716,Maize,SI,CT,NI,No
13.216667175293,623.900024414062,8.871999979019169,7.71600008,19.5,1,3646.6673978922718,160.48735362997664,Maize,SI,CT,NI,No
11.6666669845581,657.200012207031,7.12399959564209,7.843999863,24.2399997711182,1,4698.065349793389,220.37603305785237,Maize,SI,CT,NI,No
11.4416666030884,787.400024414062,8.64499986171722,7.578000069,16.375,1,3322.5847920731703,246.62378048780505,Maize,SI,CT,NI,No
15.0,630.700012207031,5.71200013160706,3.978000164,21.0,1,3423.9268561643844,232.50205479452063,Maize,SI,CT,NI,No
13.1916666030884,729.299987792969,8.62899959087372,7.90199995,17.5400009155273,1,3440.2313158536585,244.725914634146,Maize,SI,CT,NI,No
13.1916666030884,729.299987792969,9.562999606132509,7.874000072,18.6200008392334,1,3639.7173749999997,225.76712962962975,Maize,SI,CT,NI,No
13.1916666030884,729.299987792969,8.01599979400635,7.885000229,17.7399997711182,1,3994.7132795121966,234.63292682926834,Maize,SI,CT,NI,No
10.4000005722046,662.5,5.76799988746643,7.81400013,15.5,1,3847.470320134228,184.3067114093959,Maize,SI,CT,NI,No
11.6666669845581,675.299987792969,6.15199983119965,8.024000168,18.6599998474121,1,3454.519565142857,244.71857142857166,Maize,SI,CT,NI,No
11.2750005722046,696.799987792969,7.12399959564209,7.843999863,24.2399997711182,1,3708.926162011174,210.4424581005587,Maize,SI,CT,NI,No
10.6999998092651,850.800048828125,7.091000080108641,7.677000046,20.2900009155273,1,3844.3092,118.28166666666675,Maize,SI,CT,NI,No
11.4416666030884,787.400024414062,8.844999670982359,6.210000038,19.6499996185303,1,3568.8773785714284,233.94642857142858,Maize,SI,CT,NI,No
13.216667175293,623.900024414062,11.3580000400543,7.802000046,16.0699996948242,1,3696.84528567182,212.35603448275882,Maize,SI,CT,NI,No
14.6000003814697,670.800048828125,11.0599994659424,7.815999985,14.3199996948242,1,3367.6845548780493,202.3878048780487,Maize,SI,CT,NI,No
12.3000001907349,661.0,6.49999976158142,8.0,21.0,1,3180.379244372208,202.3116751030036,Maize,SI,CT,NI,No
11.4250001907349,594.900024414062,6.67499959468842,7.920000076,20.8999996185303,1,4247.271951219513,135.21951219512198,Maize,SI,CT,NI,No
10.9833335876465,614.5,5.1880002021789595,8.111999512,15.7200002670288,1,5429.781477272728,227.06250000000023,Maize,SI,CT,NI,No
13.216667175293,623.900024414062,9.33499991893768,6.703999996,19.3799991607666,1,3721.396448275862,173.00862068965512,Maize,SI,CT,NI,No
14.6916666030884,707.5,10.678000450134299,7.822000027,20.9699993133545,1,3624.56694924812,148.26174812030035,Maize,SI,CT,NI,No
14.8500003814697,668.0,10.828000307083101,7.366000175,20.3799991607666,1,4474.896657303371,138.28651685393277,Maize,SI,CT,NI,No
13.6166667938232,672.400024414062,8.144999742507931,7.930000305,21.0,1,3653.3708513876454,180.69319606087757,Maize,SI,CT,NI,No
13.0500001907349,674.0,10.5420005321503,7.828000069,21.0,1,4449.933928326181,240.35515021459207,Maize,SI,CT,NI,No
13.0500001907349,674.0,10.5879998207092,7.085999966,19.9799995422363,1,3535.578528409091,196.3482954545455,Maize,SI,CT,NI,No
14.6750001907349,612.700012207031,7.9930001497268695,7.980000019,17.7000007629395,1,3866.1107181818174,196.6840909090909,Maize,SI,CT,NI,No
13.6166667938232,672.400024414062,5.01500010490417,6.239999771,20.5769233703613,1,3083.3135343564354,165.147772277228,Maize,SI,CT,NI,No
14.6916666030884,707.5,8.518000245094301,7.837999821,17.7999992370605,1,3904.21227014218,175.67701421800945,Maize,SI,CT,NI,No
11.4583339691162,526.200012207031,6.7570000886917105,7.921999931,22.2900009155273,1,3812.753367679559,217.31374309392206,Maize,SI,CT,NI,No
11.4583339691162,526.200012207031,6.36500000953674,8.0,20.1900005340576,1,3160.22775,183.47250000000003,Maize,SI,CT,NI,No
9.51666641235352,454.300018310547,6.79399967193604,7.621999741,18.8999996185303,1,4319.890998240675,225.0049612948634,Maize,SI,CT,NI,No
9.32499980926514,419.800018310547,6.19499981403351,7.831999779,17.1299991607666,1,4311.773277246926,204.2687086092721,Maize,SI,CT,NI,No
10.4083337783813,551.900024414062,7.24400043487549,6.90199995,14.2399997711182,1,2751.6349253906255,202.3116751030036,Maize,SI,CT,NI,No
11.5333337783813,598.5,6.4740002155304,7.336999893,13.1499996185303,1,3863.2875,224.27826086956523,Maize,SI,CT,NI,No
11.5333337783813,598.5,6.49999976158142,8.0,21.0,1,2853.5901878926225,202.3116751030036,Maize,SI,CT,NI,No
11.5833330154419,592.0,6.26699984073639,7.875999928,18.9699993133545,1,3902.419643389831,232.09957627118658,Maize,SI,CT,NI,No
10.25,682.799987792969,7.58499979972839,7.504000187,20.3799991607666,1,4582.377089552239,142.85298507462656,Maize,SI,CT,NI,No
11.5333337783813,598.5,5.87599992752075,8.078000069,17.1000003814697,1,4423.480589021207,241.0098694942901,Maize,SI,CT,NI,No
12.9333333969116,1134.0,11.147999763488802,6.954999924,21.0900001525879,1,3360.3625500000003,181.89299999999997,Maize,SI,CT,NI,No
13.3000001907349,927.0,8.28400015830994,7.007999897,17.3099994659424,1,3423.9521785714287,180.64285714285717,Maize,SI,CT,NI,No
13.5,974.100036621094,9.08399999141693,6.78399992,21.8099994659424,1,3043.7796385474862,166.63470670391067,Maize,SI,CT,NI,No
14.0,843.100036621094,9.70400035381317,6.25399971,21.6000003814697,1,3419.3821875000003,180.23750000000007,Maize,SI,CT,NI,No
12.9333333969116,1134.0,10.641000270843499,5.815999985,17.3400001525879,1,3345.847526086957,220.06434782608702,Maize,SI,CT,NI,No
10.6999998092651,850.800048828125,5.2920001745224,6.561999798,11.1800003051758,1,3299.7116192307694,213.0259615384615,Maize,SI,CT,NI,No
8.29166698455811,972.900024414062,7.156000137329101,6.743999958,14.0699996948242,1,3115.895956097561,202.50000000000006,Maize,SI,CT,NI,No
8.76666736602783,396.600006103516,10.4530000686646,6.902999878,21.0200004577637,1,3895.523368421053,230.72368421052627,Maize,SI,CT,NI,No
9.41666698455811,366.300018310547,5.16200006008148,7.157999992,12.5200004577637,1,4240.58904375,187.0429687500001,Maize,SI,CT,NI,No
9.39166736602783,274.600006103516,4.8309999704361,7.559000015,9.64999961853027,1,4171.684875,244.18124999999998,Maize,SI,CT,NI,No
10.1833333969116,439.600006103516,6.49999976158142,8.0,21.0,1,2246.5268137939474,202.3116751030036,Maize,SI,CT,NI,No
10.1833333969116,439.600006103516,6.46999955177307,7.934000015,19.3799991607666,1,2149.544978253101,202.3116751030036,Maize,SI,CT,NI,No
9.46666717529297,412.400024414062,9.94000017642975,7.918000221,18.8899993896484,1,3788.0931750000004,184.25,Maize,SI,CT,NI,No
10.6500005722046,498.5,9.962000250816349,7.636000156,24.3899993896484,1,2308.501368528182,202.3116751030036,Maize,SI,CT,NI,No
10.8500003814697,480.600006103516,6.01999998092651,8.06000042,18.0,1,2320.1446693521007,202.3116751030036,Maize,SI,CT,NI,No
10.1833333969116,439.600006103516,6.681999564170839,7.765999794,19.7000007629395,1,3005.0067662337665,224.05519480519496,Maize,SI,CT,NI,No
15.6083335876465,967.900024414062,9.86200034618378,6.861999989,30.8700008392334,1,3483.7215,175.04032258064518,Maize,SI,CT,NI,No
12.375,921.400024414062,8.8620001077652,6.248000145,22.6399993896484,1,3541.5617554455443,185.04504950495036,Maize,SI,CT,NI,No
12.375,921.400024414062,13.506000041961702,5.296000004,20.2800006866455,1,3452.469409060547,202.3116751030036,Maize,SI,CT,NI,No
15.6083335876465,967.900024414062,7.556000351905821,6.470000267,24.5799999237061,1,3491.2392940315035,202.3116751030036,Maize,SI,CT,NI,No
13.0166664123535,1166.30004882812,7.400000095367431,6.5,22.0,1,3330.6554400000005,202.3116751030036,Maize,SI,CT,NI,No
12.9833335876465,1105.19995117188,6.952000260353089,6.980000019,20.7199993133545,1,4175.566800000001,240.89999999999998,Maize,SI,CT,NI,No
12.7916669845581,1193.0,8.539000153541561,6.482999802,21.8299999237061,1,3236.2117940671264,202.3116751030036,Maize,SI,CT,NI,No
15.0,630.700012207031,5.71200013160706,3.978000164,21.0,1,2506.640712883436,134.83343558282155,Maize,SI,CT,NI,No
15.0166664123535,851.100036621094,9.09000039100647,6.125,23.1599998474121,1,3022.285352027027,215.1010135135134,Maize,SI,CT,NI,No
11.6750001907349,875.299987792969,3.9450001716613796,8.090000153,10.4899997711182,1,3028.725380936613,202.3116751030036,Maize,SI,CT,NI,No
11.3083333969116,882.900024414062,6.20599985122681,7.895999908,19.6800003051758,1,2937.578356291391,184.37814569536408,Maize,SI,CT,NI,No
12.4166669845581,844.700012207031,9.28099989891052,6.849999905,20.9500007629395,1,3242.1794999999997,177.93333333333334,Maize,SI,CT,NI,No
12.6416673660278,830.799987792969,11.492000818252599,6.164000034,29.7299995422363,1,3317.2619999999997,199.25092592592603,Maize,SI,CT,NI,No
11.6750001907349,875.299987792969,9.00600016117096,6.947000027,27.3700008392334,1,3551.9802,196.41519114688123,Maize,SI,CT,NI,No
12.6500005722046,913.600036621094,10.8039999008179,6.5,40.5,1,3210.4420046511627,194.5088372093024,Maize,SI,CT,NI,No
10.6666669845581,908.700012207031,8.24999988079071,6.649000168,18.3600006103516,1,3148.915641509434,190.73490566037754,Maize,SI,CT,NI,No
4.95833349227905,282.600006103516,8.09800028800964,7.941000462,21.0,1,3783.8328947368423,286.57894736842104,Maize,SI,CT,NI,No
8.5,275.100006103516,4.90900009870529,8.098999977,20.1800003051758,1,4735.262517477876,363.03816371681376,Maize,SI,CT,NI,No
6.14166688919067,379.399993896484,9.33499991893768,6.703999996,19.3799991607666,1,3596.6910306766913,126.6748872180449,Maize,SI,CT,NI,No
2.82500004768372,218.699996948242,6.1760002374649,7.393000126,27.3799991607666,1,4767.253894736842,296.6999999999999,Maize,SI,CT,NI,No
8.47500038146973,184.600006103516,8.755999803543089,7.330999851,16.5300006866455,1,5678.000727835052,295.2257731958736,Maize,SI,CT,NI,No
7.17500019073486,398.900024414062,7.79500007629395,7.407999992,20.2600002288818,1,3648.8203311659195,191.02466367713038,Maize,SI,CT,NI,No
8.74166679382324,150.600006103516,10.6840002536774,8.163999557,19.6000003814697,1,5160.52039407796,321.17361319340347,Maize,SI,CT,NI,No
10.625,546.700012207031,7.58899986743927,7.713999748,26.6100006103516,1,3430.600096311287,214.32279274994286,Maize,SI,CT,NI,No
10.625,546.700012207031,5.87599992752075,8.027000427,18.6200008392334,1,3828.5356573864733,214.32279274994286,Maize,SI,CT,NI,No
9.30833339691162,624.799987792969,7.330000400543209,7.357999802,17.5799999237061,1,3613.494807920791,159.0549504950493,Maize,SI,CT,NI,No
10.625,546.700012207031,6.5950000286102295,7.945000172,21.7800006866455,1,3398.148890131579,237.04769736842044,Maize,SI,CT,NI,No
9.38333320617676,520.200012207031,6.3949996232986495,8.0,20.3700008392334,1,4454.917517142858,130.38371428571324,Maize,SI,CT,NI,No
7.64166688919067,522.099975585938,5.43500006198883,7.804999828,21.3700008392334,1,4505.072247081712,260.4105058365763,Maize,SI,CT,NI,No
9.30833339691162,624.799987792969,8.14400017261505,6.921999931,16.9699993133545,1,3904.2555327272726,190.11818181818182,Maize,SI,CT,NI,No
7.10000038146973,151.300003051758,10.784000158309901,7.815999985,20.7600002288818,1,5426.819013347369,393.950631578947,Maize,SI,CT,NI,No
9.75833320617676,79.4000015258789,9.613000154495241,7.486999989,20.5499992370605,1,5976.956051020408,276.306122448979,Maize,SI,CT,NI,No
1.05833327770233,370.600006103516,7.936000227928161,7.984000206,22.1499996185303,1,4783.04911762136,255.27888349514546,Maize,SI,CT,NI,No
2.69166684150696,132.5,5.96700012683868,7.896999836,18.4400005340576,1,3484.5168691970202,214.32279274994286,Maize,SI,CT,NI,No
-1.45000004768372,226.699996948242,7.69600033760071,7.874000072,21.5599994659424,1,2974.3438606054688,214.32279274994286,Maize,SI,CT,NI,No
-1.16666674613953,237.900009155273,15.507000684738198,6.991000175,7.53000020980835,1,4507.300344827586,282.9655172413793,Maize,SI,CT,NI,No
8.36666679382324,100.600006103516,12.388000488281198,6.506000042,19.3600006103516,1,4003.5872024539876,347.7695978186768,Maize,SI,CT,NI,No
5.10000038146973,143.600006103516,9.32000041007996,7.240000248,19.2688179016113,1,4914.1527368387915,454.11564861460937,Maize,SI,CT,NI,No
4.55833339691162,129.0,16.8860006332397,6.838000298,13.5600004196167,1,3940.926,154.49999999999997,Maize,SI,CT,NI,No
9.125,482.200012207031,6.98000013828278,7.661000252,18.2700004577637,1,3568.5918684594735,214.32279274994286,Maize,SI,CT,NI,No
10.9499998092651,583.600036621094,7.23499953746796,7.664000034,20.5799999237061,1,4967.4794999999995,312.72,Maize,SI,CT,NI,No
11.4250001907349,594.900024414062,7.54999995231628,7.519999981,20.3999996185303,1,3696.2205027993773,161.2931570762051,Maize,SI,CT,NI,No
10.9499998092651,583.600036621094,6.01999998092651,8.06000042,18.0,1,3560.8794958878493,171.80654205607482,Maize,SI,CT,NI,No
7.17500019073486,569.200012207031,7.41500020027161,7.519999981,19.5900001525879,1,4137.484396875001,154.37890625,Maize,SI,CT,NI,No
7.80000019073486,438.400024414062,6.29499971866608,8.0,19.7700004577637,1,4406.809840167695,91.51456310679683,Maize,SI,CT,NI,No
9.10833358764648,81.6000061035156,13.9030003547668,7.550000191,25.3700008392334,1,5309.887477056372,214.32279274994286,Maize,SI,CT,NI,No
9.10833358764648,81.6000061035156,5.98600029945374,7.566999912,20.3199996948242,1,4872.490387553042,436.87553041018435,Maize,SI,CT,NI,No
9.05833339691162,31.8000011444092,8.70800018310547,7.785000324,18.1299991607666,1,3256.9308079797374,214.32279274994286,Maize,SI,CT,NI,No
8.85833358764648,57.0,14.1470003128052,6.663000107,18.0900001525879,1,4981.158664285715,416.14285714285717,Maize,SI,CT,NI,No
10.7583332061768,27.1000003814697,10.0269997119904,7.612999916,21.5100002288818,1,4618.10625,334.49999999999994,Maize,SI,CT,NI,No
10.6999998092651,526.700012207031,6.49999976158142,8.0,21.0,1,3638.3187250605465,214.32279274994286,Maize,SI,CT,NI,No
10.3166666030884,444.100006103516,7.75999963283539,7.424000263,20.2800006866455,1,4486.240243846154,116.1923076923077,Maize,SI,CT,NI,No
9.26666641235352,362.0,7.82999992370605,7.392000198,20.2399997711182,1,3764.5839735177874,172.84031620553304,Maize,SI,CT,NI,No
10.3166666030884,444.100006103516,7.598999738693239,6.963999748,16.1399993896484,1,3471.6214215316313,160.2425083240848,Maize,SI,CT,NI,No
10.3833332061768,560.599975585938,6.30500018596649,8.0,19.8299999237061,1,3806.510854830961,175.77544483985795,Maize,SI,CT,NI,No
10.9833335876465,614.5,7.129999995231629,7.711999893,20.6399993896484,1,4624.806751836734,244.8065306122449,Maize,SI,CT,NI,No
10.6999998092651,526.700012207031,6.30500018596649,8.0,19.8299999237061,1,4945.294171764707,215.5999999999997,Maize,SI,CT,NI,No
10.2250003814697,497.399993896484,6.884999871253969,7.823999882,20.7800006866455,1,5024.470204851752,228.3638814016176,Maize,SI,CT,NI,No
7.16666650772095,370.100006103516,6.99000000953674,7.776000023,20.7199993133545,1,1841.2531561133349,214.32279274994286,Maize,SI,CT,NI,No
7.94166660308838,475.899993896484,7.96999990940094,7.328000069,20.1599998474121,1,4310.653984191176,143.7195772058821,Maize,SI,CT,NI,No
6.61666679382324,456.0,7.29499995708466,7.552000046,19.3299999237061,1,3447.247089545455,282.7977272727272,Maize,SI,CT,NI,No
6.30833339691162,468.100006103516,8.179000020027159,7.347000122,24.1499996185303,1,3275.82285,121.66666666666666,Maize,SI,CT,NI,No
5.54166698455811,469.399993896484,8.610000014305111,7.007999897,19.3999996185303,1,4579.378104950495,298.83333333333417,Maize,SI,CT,NI,No
3.71666669845581,560.0,8.122000098228451,8.0,15.460000038147,1,4465.952637931035,113.85000000000001,Maize,SI,CT,NI,No
9.84166717529297,663.100036621094,6.92399978637695,7.946000099,21.2000007629395,1,3898.3609619531244,222.90609374999937,Maize,SI,CT,NI,No
12.6500005722046,620.0,4.86399978399277,7.852999687,18.7299995422363,1,3729.6495036144584,245.58248378128422,Maize,SI,CT,NI,No
11.466667175293,736.299987792969,6.935999989509581,7.40899992,21.5799999237061,1,2575.5925919999995,252.02399999999994,Maize,SI,CT,NI,No
5.07500028610229,609.600036621094,6.905999779701229,7.809999943,21.3799991607666,1,2974.3438606054688,214.32279274994286,Maize,SI,CT,NI,No
13.1583337783813,708.0,7.20600008964539,6.770999908,21.5900001525879,1,3059.1769289999997,182.63760000000033,Maize,SI,CT,NI,No
9.71666717529297,573.400024414062,8.27600002288818,6.915999889,21.4699993133545,1,3560.350515957446,121.6994680851065,Maize,SI,CT,NI,No
9.71666717529297,573.400024414062,7.23399996757507,7.571000099,20.0400009155273,1,3396.2410333106677,214.32279274994286,Maize,SI,CT,NI,No
12.3916673660278,713.299987792969,6.21999979019165,8.022000313,19.1399993896484,1,3693.2915622096025,235.81362932369385,Maize,SI,CT,NI,No
12.3916673660278,713.299987792969,6.38000011444092,8.0,20.2800006866455,1,3923.331356435644,276.0000000000005,Maize,SI,CT,NI,No
7.45000028610229,404.300018310547,8.140000104904171,7.263999939,20.0799999237061,1,4349.421299538461,301.3967692307682,Maize,SI,CT,NI,No
5.54166698455811,469.399993896484,8.6599999666214,7.406000137,20.6399993896484,1,4683.450866204506,259.998613518198,Maize,SI,CT,NI,No
7.45000028610229,404.300018310547,8.68299961090088,6.368000031,19.9347820281982,1,4924.654956774193,189.96193548386998,Maize,SI,CT,NI,No
5.54166698455811,469.399993896484,7.964999675750731,7.374000072,20.2600002288818,1,4886.5797621951215,206.92378048780424,Maize,SI,CT,NI,No
2.70833325386047,496.700012207031,6.99000000953674,7.776000023,20.7199993133545,1,3595.866,78.75,Maize,SI,CT,NI,No
7.45000028610229,404.300018310547,10.728000402450599,6.912000179,20.8400001525879,1,4569.450727888446,270.85936254979856,Maize,SI,CT,NI,No
4.20000028610229,417.100006103516,10.4359996318817,6.420000076,19.1599998474121,1,4565.733160169491,117.38262711864401,Maize,SI,CT,NI,No
6.00833320617676,681.600036621094,7.09800004959106,7.440999985,21.5799999237061,1,3213.769560000001,214.32279274994286,Maize,SI,CT,NI,No
2.35000014305115,589.200012207031,10.2289998531342,6.957000256,21.25,1,3192.842861636719,214.32279274994286,Maize,SI,CT,NI,No
5.91666698455811,345.600006103516,12.5979995727539,7.598999977,16.2700004577637,1,4930.869475609757,273.68780487804867,Maize,SI,CT,NI,No
3.95000004768372,407.800018310547,11.159999370575001,8.041999817,19.4799995422363,1,9208.120333677352,273.68780487804867,Maize,SI,CT,NI,No
1.08333337306976,398.200012207031,13.0120003223419,7.622000217,23.2999992370605,1,10670.823206275123,273.68780487804867,Maize,SI,CT,NI,No
-0.883333444595337,367.700012207031,15.5839991569519,7.332000256,21.6800003051758,1,6076.398889394532,273.68780487804867,Maize,SI,CT,NI,No
2.53333330154419,374.600006103516,5.53200006484985,5.955999851,7.55999994277954,1,6076.398889394532,273.68780487804867,Maize,SI,CT,NI,No
2.65000009536743,84.5,5.15999972820282,7.955999851,12.8400001525879,1,6076.398889394532,273.68780487804867,Maize,SI,CT,NI,No
2.54999995231628,205.200012207031,9.82400000095367,7.654999733,22.0499992370605,1,6076.398889394532,273.68780487804867,Maize,SI,CT,NI,No
10.5749998092651,161.800003051758,6.93000018596649,6.667000294,19.2588233947754,1,4651.749600000001,282.93870967741935,Maize,SI,CT,NI,No
9.76666641235352,142.5,11.2000000476837,7.800000191,21.0,1,5271.791973529411,509.76838235294105,Maize,SI,CT,NI,No
10.5749998092651,161.800003051758,5.72300016880035,6.572999954,10.6000003814697,1,5147.6577206225165,432.0826490066228,Maize,SI,CT,NI,No
9.98333358764648,148.800003051758,10.8850002288818,7.795000076,21.5499992370605,1,5360.377363636364,341.07077922077923,Maize,SI,CT,NI,No
10.3083333969116,225.300003051758,11.2000000476837,7.800000191,21.0,1,5035.686360000012,340.54053066359086,Maize,SI,CT,NI,No
9.15833377838135,244.199996948242,4.61800009012222,7.063000202,9.84000015258789,1,4293.221129032258,266.4008064516128,Maize,SI,CT,NI,No
7.97500038146973,251.900009155273,7.38399982452393,7.335999966,19.1499996185303,1,5762.452276013513,402.8351351351356,Maize,SI,CT,NI,No
10.5749998092651,161.800003051758,10.5280005931854,7.332000256,21.0,1,5197.9300646636775,500.00394618833985,Maize,SI,CT,NI,No
8.42500019073486,379.300018310547,7.37499952316284,7.599999905,20.5,1,3915.158963453978,340.54053066359086,Maize,SI,CT,NI,No
7.80000019073486,438.400024414062,7.4099999666214,7.584000111,20.4799995422363,1,3933.6615789473685,201.80526315789476,Maize,SI,CT,NI,No
6.59999990463257,498.399993896484,9.76499974727631,7.68200016,22.2299995422363,1,3569.1557999999995,138.02777777777783,Maize,SI,CT,NI,No
6.59999990463257,498.399993896484,15.292999744415301,6.861999989,22.6800003051758,1,3549.2828999999997,180.213,Maize,SI,CT,NI,No
9.125,482.200012207031,7.89999961853027,7.360000134,20.2000007629395,1,4212.828262972536,201.66857835218082,Maize,SI,CT,NI,No
10.375,157.0,10.164999961853,7.635000229,21.4500007629395,1,4302.393598787843,340.54053066359086,Maize,SI,CT,NI,No
10.0666666030884,193.800003051758,10.4760003089905,7.519000053,12.960000038147,1,5523.354728571429,419.4809523809525,Maize,SI,CT,NI,No
7.97500038146973,251.900009155273,7.66299962997437,7.578000069,20.5400009155273,1,4112.18025,234.9021126760563,Maize,SI,CT,NI,No
0.591666579246521,195.800003051758,12.078000307083101,7.450000286,19.6200008392334,1,4370.453812500002,137.24583333333345,Maize,SI,CT,NI,No
13.7583332061768,26.6000003814697,7.4009996652603105,7.421000004,18.2099990844727,1,2711.152875394044,232.299590269452,Maize,SI,CT,NI,No
15.0583333969116,45.2000007629395,10.794000625610401,7.541000366,20.8799991607666,1,3130.035,184.5,Maize,SI,CT,NI,No
4.08333349227905,119.5,25.9680008888245,6.641000271,42.189998626709,1,3407.7737603027344,232.299590269452,Maize,SI,CT,NI,No
11.1333332061768,192.800003051758,10.1370000839233,7.736999989,18.1700000762939,1,5296.0460003914595,203.1320284697507,Maize,SI,CT,NI,No
10.5166664123535,202.400009155273,9.82299983501434,8.05300045,21.2999992370605,1,4800.413857097793,198.92744479495278,Maize,SI,CT,NI,No
11.1666669845581,171.300003051758,12.929000854492202,7.157000065,14.6199998855591,1,5177.966100000001,289.58,Maize,SI,CT,NI,No
10.5333337783813,154.100006103516,7.1320003271102905,7.874000072,19.4899997711182,1,3997.5125571881613,245.6820824524312,Maize,SI,CT,NI,No
8.04166698455811,143.300003051758,7.88100004196167,7.288000107,23.3500003814697,1,5759.77108510503,248.09474856779207,Maize,SI,CT,NI,No
9.01666736602783,174.600006103516,10.7959997653961,7.062000275,21.2000007629395,1,5238.486586797066,253.4130806845965,Maize,SI,CT,NI,No
5.5,131.0,11.5109992027283,7.913000107,19.1700000762939,1,4600.059743702291,211.21259541984688,Maize,SI,CT,NI,No
9.51666641235352,154.600006103516,8.7610000371933,7.847000122,22.4899997711182,1,6250.08139950838,243.55223463686997,Maize,SI,CT,NI,No
10.3333330154419,101.699996948242,13.0980002880096,7.767000198,23.1200008392334,1,5142.996586567164,295.38470149253743,Maize,SI,CT,NI,No
2.63333344459534,411.0,13.173999786377,7.592000008,21.0,1,6565.43256147541,307.0340163934427,Maize,SI,CT,NI,No
11.8833332061768,66.4000015258789,5.04799962043762,7.900000095,22.0,1,3515.1526337258147,232.299590269452,Maize,SI,CT,NI,No
12.1416664123535,80.9000015258789,6.92300021648407,7.835000038,15.789999961853,1,3031.876697265306,324.3293877551022,Maize,SI,CT,NI,No
13.1166667938232,43.5999984741211,5.87100028991699,7.717000008,10.7600002288818,1,3768.4097888508913,232.299590269452,Maize,SI,CT,NI,No
11.2583341598511,26.2999992370605,17.1920001506805,6.493999958,13.4899997711182,1,3764.7728700000002,232.299590269452,Maize,SI,CT,NI,No
10.5583333969116,108.700004577637,5.83000004291534,7.899000168,17.7800006866455,1,4764.018222302158,276.0474820143886,Maize,SI,CT,NI,No
11.2666664123535,98.2000045776367,7.70900011062622,7.778999805,23.5100002288818,1,4963.099892307693,314.0779487179481,Maize,SI,CT,NI,No
10.5583333969116,108.700004577637,5.62999963760376,7.747000217,20.6399993896484,1,4177.372346511628,223.69883720930216,Maize,SI,CT,NI,No
11.3000001907349,70.5999984741211,8.50800037384033,7.125999928,19.8999996185303,1,4108.007684210526,212.52631578947373,Maize,SI,CT,NI,No
11.4083337783813,99.7000045776367,6.66899979114532,7.485000134,20.8999996185303,1,3252.6470213414636,296.3250000000004,Maize,SI,CT,NI,No
11.4083337783813,99.7000045776367,6.42799973487854,7.668000221,18.7800006866455,1,4979.3409375,351.7875000000001,Maize,SI,CT,NI,No
13.4833335876465,62.8000030517578,9.65300023555756,7.751999855,25.3500003814697,1,4815.318271449283,232.299590269452,Maize,SI,CT,NI,No
11.6750001907349,111.200004577637,16.9130003452301,6.701000214,10.7700004577637,1,3923.6953690377977,232.299590269452,Maize,SI,CT,NI,No
9.72500038146973,187.800003051758,11.603000164032,7.39800024,13.8900003433228,1,5329.219661629213,321.1584269662918,Maize,SI,CT,NI,No
8.96666717529297,203.300003051758,16.8790006637573,6.782999992,16.4300003051758,1,5433.784455959302,264.65843023255644,Maize,SI,CT,NI,No
12.4916667938232,49.6000022888184,6.8920004367828405,7.423999786,19.0799999237061,1,3181.424292857143,197.57142857142853,Maize,SI,CT,NI,No
8.31666660308838,157.400009155273,9.43000018596649,7.546999931,18.3099994659424,1,4713.8604000000005,269.04,Maize,SI,CT,NI,No
10.9000005722046,132.5,14.8280000686646,6.904000282,12.2200002670288,1,4208.789884615385,317.4589743589746,Maize,SI,CT,NI,No
11.875,112.300003051758,6.01999998092651,7.690000057,26.6000003814697,1,4064.0917467275394,232.299590269452,Maize,SI,CT,NI,No
13.1999998092651,98.0,24.1530013084412,5.904000282,4.42999982833862,1,3517.418765625,322.33124999999995,Maize,SI,CT,NI,No
11.875,112.300003051758,21.1080002784729,5.975999832,8.72000026702881,1,3060.16035,197.30500000000004,Maize,SI,CT,NI,No
13.1999998092651,98.0,14.782999753952,6.925000191,20.5900001525879,1,4266.078692307692,295.91538461538454,Maize,SI,CT,NI,No
11.3916664123535,86.3000030517578,16.177000999450698,6.788000107,14.4899997711182,1,3549.2828999999997,261.20454545454544,Maize,SI,CT,NI,No
12.8000001907349,51.7000007629395,19.5390009880066,6.415999889,8.13000011444092,1,3810.607032954546,292.92954545454546,Maize,SI,CT,NI,No
12.8000001907349,51.7000007629395,15.0139999389648,6.8800001139999996,10.7200002670288,1,3455.216543478261,250.2456521739129,Maize,SI,CT,NI,No
11.5166673660278,62.0,19.7760009765625,6.360000134,8.14000034332275,1,2866.131302767206,232.299590269452,Maize,SI,CT,NI,No
13.375,56.3000030517578,11.5289998054504,7.577000141,26.0100002288818,1,4935.399534638655,232.299590269452,Maize,SI,CT,NI,No
13.1833333969116,88.0,8.25399994850159,7.781000137,22.3600006103516,1,3349.394571428572,274.5999999999998,Maize,SI,CT,NI,No
13.4333333969116,56.5,8.36099982261658,7.827000141,16.2700004577637,1,3485.0808272727277,260.2469696969696,Maize,SI,CT,NI,No
14.0583333969116,42.2000007629395,19.080001115799,6.122000217,11.1800003051758,1,3338.7019181619257,308.8179978118158,Maize,SI,CT,NI,No
14.0583333969116,42.2000007629395,19.080001115799,6.122000217,11.1800003051758,1,3375.643778571429,186.07142857142858,Maize,SI,CT,NI,No
14.0583333969116,42.2000007629395,23.522000312805197,5.97300005,4.73999977111816,1,3272.754705665024,298.2635467980301,Maize,SI,CT,NI,No
13.5083332061768,49.7000007629395,16.7599999904633,6.171000004,14.8100004196167,1,3614.7373314000006,269.19120000000004,Maize,SI,CT,NI,No
9.84166717529297,314.800018310547,9.37099993228912,7.822000027,21.5200004577637,1,4962.090360674158,139.10280898876405,Maize,SI,CT,NI,No
8.55833339691162,355.600006103516,10.794999599456801,8.140000343,19.75,1,5694.106319328226,187.1557159693584,Maize,SI,CT,NI,No
6.24166679382324,286.700012207031,9.02499973773956,7.834000111,18.7000007629395,1,4748.7927666880605,232.299590269452,Maize,SI,CT,NI,No
2.54999995231628,256.0,4.53999996185303,8.243000031,6.76000022888184,1,5732.9123605015675,152.14514106583061,Maize,SI,CT,NI,No
5.47499990463257,385.100006103516,5.82799971103668,8.228000641,8.88000011444092,1,5821.983619285714,165.36214285714297,Maize,SI,CT,NI,No
5.85000038146973,241.5,8.85999977588654,7.760000229,14.8999996185303,1,5777.067871172122,164.0458289334736,Maize,SI,CT,NI,No
7.77500009536743,279.0,5.75199961662292,8.094000816,25.7299995422363,1,5391.219851254628,201.3544220485398,Maize,SI,CT,NI,No
7.06666660308838,189.700012207031,5.74100017547607,7.940999985,18.8999996185303,1,5658.209037125748,270.17724550898197,Maize,SI,CT,NI,No
5.67500019073486,243.100006103516,6.95699989795685,7.835000038,18.3299999237061,1,4969.576067088608,140.5411392405069,Maize,SI,CT,NI,No
16.9833335876465,1599.20007324219,9.82400000095367,4.30700016,22.5499992370605,1,5729.181970798571,188.22514898688863,Maize,SI,CT,NI,No
3.17499995231628,232.199996948242,8.98599982261658,8.098999977,24.4599990844727,1,4642.158961764707,139.9764705882353,Maize,SI,CT,NI,No
7.56666660308838,246.0,10.872999429702801,8.18900013,19.7700004577637,1,6457.464870386267,285.3575107296132,Maize,SI,CT,NI,No
4.47500038146973,156.100006103516,7.07099974155426,8.006999969,22.8999996185303,1,2365.152,126.46666666666667,Maize,SI,CT,NI,No
4.30833339691162,259.399993896484,7.10500001907349,8.069000244,18.5599994659424,1,4994.072123999999,164.4286666666664,Maize,SI,CT,NI,No
6.52500009536743,205.800003051758,6.53899967670441,7.78000021,22.8999996185303,1,3812.3592000000003,127.24814814814818,Maize,SI,CT,NI,No
3.89166688919067,250.400009155273,8.18700015544891,8.06400013,24.3799991607666,1,3467.7178551724137,147.12827586206888,Maize,SI,CT,NI,No
7.73333358764648,157.199996948242,10.635000467300399,7.670000076,19.8600006103516,1,5322.626001651885,198.13669623059675,Maize,SI,CT,NI,No
4.85000038146973,331.5,5.57399988174438,7.201000214,21.3500003814697,1,4161.226644155843,284.0397402597397,Maize,SI,CT,NI,No
2.42500019073486,230.800003051758,13.284000158309901,7.677000046,21.8500003814697,1,3653.4983617021276,165.4638297872341,Maize,SI,CT,NI,No
