MAT,MAP,SOC,pH,Clay,Duration,C_input,N_input,Planting_system,Return,Tillage,Irrigation,Topdressing
13.4083337783813,496.899993896484,5.9039998054504395,7.70699977874756,16.4699993133545,1,3062.540083333334,173.832,Wheat,SI,CT,CI,Yes
13.9750003814697,517.0,6.1410003900528,7.29500007629395,13.7700004577637,1,3394.049291666665,173.832,Wheat,SI,CT,CI,Yes
13.0833330154419,460.0,6.37799978256226,6.99200010299683,13.4099998474121,1,3145.97495,173.832,Wheat,SI,CT,CI,Yes
13.4083337783813,496.899993896484,5.96200048923492,8.00599956512451,17.7600002288818,1,3205.3797499999996,173.832,Wheat,SI,CT,CI,Yes
11.6916666030884,517.599975585938,6.416000127792359,7.13000011444092,17.0,1,3165.15775,173.832,Wheat,SI,CT,CI,Yes
14.4083337783813,591.300048828125,6.8290001153945905,7.97000026702881,28.4300003051758,1,3118.9053148148155,239.72631438507327,Wheat,SI,CT,CI,Yes
13.9416666030884,542.0,6.50799989700317,7.15999984741211,20.9599990844727,1,3282.5891136363625,239.72631438507327,Wheat,SI,CT,CI,Yes
13.9499998092651,506.200012207031,4.32500004768372,8.14999961853027,14.25,1,3217.745501125,163.68873,Wheat,SI,CT,CI,Yes
14.8000001907349,523.200012207031,6.122999787330629,7.45499992370605,15.7272729873657,1,3947.2863184712496,246.61764,Wheat,SI,CT,CI,Yes
14.8000001907349,523.200012207031,6.29999995231628,6.5,9.0,1,3561.7181181812493,202.731345,Wheat,SI,CT,CI,Yes
13.9499998092651,506.200012207031,5.2009999752044695,5.92999982833862,14.5243902206421,1,3489.8169673824996,180.737835,Wheat,SI,CT,CI,Yes
15.1666669845581,544.400024414062,6.31999969482422,6.65000009536743,10.1999998092651,1,3698.95088703625,216.773085,Wheat,SI,CT,CI,Yes
14.7333335876465,538.600036621094,6.28499984741211,6.57499980926514,9.44999980926514,1,3623.24518946875,204.396615,Wheat,SI,CT,CI,Yes
13.1000003814697,567.200012207031,4.99799996614456,7.8769998550415,14.3800001144409,1,3259.4258464225,201.658515,Wheat,SI,CT,CI,Yes
14.8000001907349,523.200012207031,6.80599987506866,6.49499988555908,13.1099996566772,1,3610.410440155,211.439085,Wheat,SI,CT,CI,Yes
13.9499998092651,506.200012207031,3.3500000834465,3.99499988555908,13.9074077606201,1,3198.9597,240.7256598221019,Wheat,SI,CT,CI,Yes
15.1666669845581,544.400024414062,6.53800010681152,7.3730001449585,16.9799995422363,1,3688.5277811612495,183.005175,Wheat,SI,CT,CI,Yes
15.1666669845581,544.400024414062,6.29999995231628,6.5,9.0,1,3816.90902597125,209.4738,Wheat,SI,CT,CI,Yes
15.0749998092651,543.200012207031,6.22500002384186,6.875,11.25,1,3823.8488292962493,252.76614,Wheat,SI,CT,CI,Yes
14.7333335876465,538.600036621094,6.42000019550323,6.48799991607666,9.89999961853027,1,3814.40803748125,260.86365,Wheat,SI,CT,CI,Yes
14.8000001907349,523.200012207031,6.38800024986267,6.8439998626709,12.3599996566772,1,3937.919533202499,223.643565,Wheat,SI,CT,CI,Yes
12.9250001907349,621.400024414062,5.4720002412796,7.87400007247925,17.4599990844727,1,3130.8424772727276,240.7256598221019,Wheat,SI,CT,CI,Yes
12.9250001907349,621.400024414062,5.51199972629547,7.43199968338013,23.0599994659424,1,3366.4224499999996,240.7256598221019,Wheat,SI,CT,CI,Yes
12.341667175293,640.200012207031,5.57200014591217,8.04800033569336,15.0600004196167,1,3057.7707822437496,310.210515,Wheat,SI,CT,CI,Yes
12.5666666030884,633.799987792969,5.43000042438507,8.09000015258789,14.3999996185303,1,3405.0911962524997,248.5473,Wheat,SI,CT,CI,Yes
13.5749998092651,579.900024414062,7.00800001621246,7.78000020980835,19.1000003814697,1,3222.44298789625,229.929405,Wheat,SI,CT,CI,Yes
11.5666666030884,560.299987792969,5.037000179290771,7.35799980163574,18.2600002288818,1,2885.5375,410.25,Wheat,SI,CT,CI,Yes
11.1750001907349,659.100036621094,6.42099976539612,6.67899990081787,16.1700000762939,1,4184.962249999998,240.7256598221019,Wheat,SI,CT,CI,Yes
11.7250003814697,636.099975585938,6.27499997615814,7.67700004577637,18.5799999237061,1,3767.3274999999994,282.15,Wheat,SI,CT,CI,Yes
12.341667175293,640.200012207031,6.8290001153945905,7.51700019836426,21.7000007629395,1,3233.6124999999997,309.0,Wheat,SI,CT,CI,Yes
15.3083333969116,598.400024414062,7.72700011730194,7.29899978637695,26.3400001525879,1,3810.2134784762493,314.209515,Wheat,SI,CT,CI,Yes
15.3083333969116,598.400024414062,6.29999995231628,6.5,9.0,1,3434.21127838,257.07087,Wheat,SI,CT,CI,Yes
14.9499998092651,602.600036621094,7.44599997997284,7.99399995803833,30.1200008392334,1,3731.7355955837497,233.26878,Wheat,SI,CT,CI,Yes
11.375,640.900024414062,8.97000014781952,7.86299991607666,14.5600004196167,1,2446.7825695225,147.4326,Wheat,SI,CT,CI,Yes
15.0083332061768,603.799987792969,6.0379999876022294,7.93300008773804,16.7999992370605,1,3398.4017980824997,258.32286,Wheat,SI,CT,CI,Yes
15.1166667938232,552.300048828125,6.38500034809113,7.89300012588501,15.6099996566772,1,2787.38503741,193.772715,Wheat,SI,CT,CI,Yes
15.2333335876465,568.799987792969,5.498999953269959,8.04500007629395,17.2399997711182,1,3393.5969301737496,494.866365,Wheat,SI,CT,CI,Yes
15.3083333969116,598.400024414062,6.3679999113082895,6.54099988937378,9.85999965667725,1,3544.1444379662494,465.284745,Wheat,SI,CT,CI,Yes
15.1166667938232,552.300048828125,6.1250001192092896,8.00800037384033,16.7600002288818,1,3691.4959385125,303.82146,Wheat,SI,CT,CI,Yes
15.3083333969116,598.400024414062,6.73500001430511,6.59999990463257,13.25,1,3506.919562892499,284.112165,Wheat,SI,CT,CI,Yes
15.2333335876465,568.799987792969,6.466000080108641,7.92899990081787,24.7199993133545,1,3974.3382143649987,250.91799,Wheat,SI,CT,CI,Yes
14.2416667938232,584.200012207031,4.15200024843216,8.1540002822876,13.3800001144409,1,2932.2699798849994,155.465085,Wheat,SI,CT,CI,Yes
14.8000001907349,523.200012207031,4.62999999523163,5.38500022888184,16.8333339691162,1,3494.66875,246.0,Wheat,SI,CT,CI,Yes
15.0666666030884,552.100036621094,4.03899997472763,8.16800022125244,13.289999961853,1,3728.9878509249993,240.038595,Wheat,SI,CT,CI,Yes
15.0666666030884,552.100036621094,6.4819997549057,7.86499977111816,19.9200000762939,1,3741.2218749999997,286.803645,Wheat,SI,CT,CI,Yes
15.0666666030884,552.100036621094,6.574999690055851,6.61100006103516,10.4399995803833,1,3745.46942842375,229.70742,Wheat,SI,CT,CI,Yes
15.0666666030884,552.100036621094,7.21700012683868,7.69299983978271,19.7800006866455,1,3464.7551032825,266.514465,Wheat,SI,CT,CI,Yes
15.0666666030884,552.100036621094,5.86800038814545,7.96799993515015,21.1599998474121,1,3748.2113312237493,232.45827,Wheat,SI,CT,CI,Yes
14.8000001907349,523.200012207031,4.62999999523163,5.38500022888184,16.8333339691162,1,3729.64888595875,224.45262,Wheat,SI,CT,CI,Yes
15.1666669845581,544.400024414062,6.04499995708466,7.92500019073486,17.7299995422363,1,3745.74498779875,266.18271,Wheat,SI,CT,CI,Yes
15.3083333969116,559.5,5.7769995927810704,7.9539999961853,19.5300006866455,1,3182.2691518075,190.15275,Wheat,SI,CT,CI,Yes
15.0749998092651,543.200012207031,5.662000179290771,8.03800010681152,16.2800006866455,1,3538.4275439424996,206.86143,Wheat,SI,CT,CI,Yes
15.3083333969116,559.5,5.8090001344680795,7.90100002288818,19.6200008392334,1,3203.06182382125,228.82212,Wheat,SI,CT,CI,Yes
15.3083333969116,559.5,5.53600013256073,7.96299982070923,18.9099998474121,1,3484.7023997425,267.744885,Wheat,SI,CT,CI,Yes
15.1166667938232,552.300048828125,6.15799963474274,8.01599979400635,19.6200008392334,1,3512.7493124999996,240.7256598221019,Wheat,SI,CT,CI,Yes
14.9416666030884,546.799987792969,5.60899972915649,8.08699989318848,15.4799995422363,1,3719.19103059625,309.11847,Wheat,SI,CT,CI,Yes
15.091667175293,565.900024414062,5.40800034999847,7.96600008010864,17.7800006866455,1,3317.8494462024996,238.28094,Wheat,SI,CT,CI,Yes
15.3083333969116,559.5,5.9039998054504395,8.03800010681152,19.0200004577637,1,2992.9680525474996,205.888875,Wheat,SI,CT,CI,Yes
15.2333335876465,568.799987792969,8.5809999704361,7.19000005722046,16.5,1,3316.737259558749,295.61232,Wheat,SI,CT,CI,Yes
13.9833335876465,510.300018310547,4.1809999942779505,8.14099979400635,13.5299997329712,1,3402.7614780662498,250.80639,Wheat,SI,CT,CI,Yes
12.3916664123535,467.600006103516,8.37700009346008,7.05600023269653,19.3999996185303,1,3511.983249999999,240.7256598221019,Wheat,SI,CT,CI,Yes
13.9833335876465,510.300018310547,6.3049995899200395,7.19600009918213,14.25,1,3516.165604166665,240.7256598221019,Wheat,SI,CT,CI,Yes
13.5,486.300018310547,5.62300026416779,7.78599977493286,15.8299999237061,1,3246.625382496249,219.887715,Wheat,SI,CT,CI,Yes
14.4333333969116,562.0,5.314000248909,7.97000026702881,17.3999996185303,1,3472.2199197324994,195.129825,Wheat,SI,CT,CI,Yes
13.9833335876465,510.300018310547,6.12600028514862,7.60400009155273,21.3099994659424,1,3413.3801150724994,269.41083,Wheat,SI,CT,CI,Yes
14.2916669845581,517.5,6.258000135421749,6.71000003814697,10.2600002288818,1,3715.8594713424995,377.58837,Wheat,SI,CT,CI,Yes
14.4333333969116,562.0,8.99399995803833,5.93800020217896,31.2682933807373,1,3253.6734777549996,228.74466,Wheat,SI,CT,CI,Yes
13.9833335876465,510.300018310547,6.49999976158142,8.0,21.0,1,3308.2285719849997,200.772405,Wheat,SI,CT,CI,Yes
13.5,486.300018310547,6.78900003433228,7.19099998474121,15.4700002670288,1,3510.856041688749,286.83144,Wheat,SI,CT,CI,Yes
14.7166662216187,566.099975585938,4.86299991607666,8.13199996948242,11.6400003433228,1,3469.5423121862495,354.26751,Wheat,SI,CT,CI,Yes
14.2916669845581,517.5,4.5620000362396205,7.84499979019165,12.7799997329712,1,3428.7785295812496,290.65212,Wheat,SI,CT,CI,Yes
14.7333335876465,538.600036621094,5.58099985122681,7.29099988937378,9.65999984741211,1,3632.95435871125,301.16859,Wheat,SI,CT,CI,Yes
14.091667175293,551.700012207031,5.06900012493134,8.14700031280518,12.1199998855591,1,3374.4913950887494,202.23105,Wheat,SI,CT,CI,Yes
13.9833335876465,510.300018310547,6.02699995040894,7.875,16.4699993133545,1,3358.4917796387504,227.777685,Wheat,SI,CT,CI,Yes
13.5,486.300018310547,6.191999912261959,7.63500022888184,16.7199993133545,1,3724.0588710737493,211.294065,Wheat,SI,CT,CI,Yes
14.7333335876465,538.600036621094,8.561999797821041,6.60200023651123,19.6200008392334,1,3588.35520729625,247.04124,Wheat,SI,CT,CI,Yes
13.9833335876465,510.300018310547,6.29999995231628,6.5,9.0,1,3420.16841875375,294.832395,Wheat,SI,CT,CI,Yes
5.51666688919067,371.100006103516,12.3360002040863,7.35599994659424,21.6000003814697,1,1609.2625,68.55,Wheat,SI,CT,CI,Yes
4.99166679382324,358.300018310547,12.566000223159799,7.41900014877319,22.0900001525879,1,1380.3191776649999,31.033435,Wheat,SI,CT,CI,Yes
4.11666679382324,378.100006103516,13.4899997711182,5.87100028991699,26.8255805969238,1,1755.3578268775002,36.588515,Wheat,SI,CT,CI,Yes
5.50833320617676,329.600006103516,14.2620003223419,7.17000007629395,24.3799991607666,1,1443.9206328550001,35.318705,Wheat,SI,CT,CI,Yes
6.32500028610229,482.399993896484,6.78699970245361,7.96000003814697,19.9500007629395,1,3363.0018611111127,240.7256598221019,Wheat,SI,CT,CI,Yes
8.85833358764648,421.700012207031,19.9390006065369,6.04400014877319,7.09375,1,4451.875,426.0,Wheat,SI,CT,CI,Yes
7.34166669845581,428.399993896484,4.4420000910759,7.30399990081787,13.4099998474121,1,1666.6351511312498,67.14153,Wheat,SI,CT,CI,Yes
6.51666688919067,419.900024414062,6.20899975299835,6.47800016403198,13.9700002670288,1,2537.4625,171.9,Wheat,SI,CT,CI,Yes
14.7583332061768,651.099975585938,5.6580001115798995,7.98099994659424,17.8099994659424,1,2796.416847826085,240.7256598221019,Wheat,SI,CT,CI,Yes
14.5250005722046,628.299987792969,5.18100023269653,7.92600011825562,16.2700004577637,1,3059.2179999999985,240.7256598221019,Wheat,SI,CT,CI,Yes
14.7416667938232,646.299987792969,6.21600031852722,7.97499990463257,22.9699993133545,1,3521.27922298,256.176975,Wheat,SI,CT,CI,Yes
13.9500007629395,629.0,4.75800007581711,7.93100023269653,17.3099994659424,1,3196.9743807549994,249.73332,Wheat,SI,CT,CI,Yes
14.4833335876465,647.300048828125,5.31599998474121,7.96199989318848,17.6200008392334,1,3209.5872380575,214.841085,Wheat,SI,CT,CI,Yes
14.7166662216187,566.099975585938,5.64000010490417,7.98000001907349,17.7999992370605,1,3772.5837979787498,259.881135,Wheat,SI,CT,CI,Yes
14.7583332061768,651.099975585938,5.51400005817413,7.97300004959106,17.7299995422363,1,3278.514175,240.7256598221019,Wheat,SI,CT,CI,Yes
14.6000003814697,569.200012207031,5.5680000782012895,7.97599983215332,17.7600002288818,1,3873.1798804975006,319.069005,Wheat,SI,CT,CI,Yes
14.4416666030884,609.5,6.2180000543594405,7.7350001335144,14.4799995422363,1,3372.83067125125,212.62446,Wheat,SI,CT,CI,Yes
14.4833335876465,647.300048828125,5.48799991607666,7.97100019454956,17.7700004577637,1,2834.88601468375,208.47828,Wheat,SI,CT,CI,Yes
14.7583332061768,651.099975585938,5.26199996471405,7.95900011062622,17.5900001525879,1,3416.044188302499,236.434125,Wheat,SI,CT,CI,Yes
14.4750003814697,597.300048828125,5.33399999141693,7.96299982070923,17.6299991607666,1,3403.3803438137497,249.396525,Wheat,SI,CT,CI,Yes
14.4833335876465,647.300048828125,6.18000030517578,7.93599987030029,27.7999992370605,1,2249.2776731837503,134.624445,Wheat,SI,CT,CI,Yes
14.4416666030884,609.5,6.00000023841858,8.0,18.0,1,3318.818359375,182.731245,Wheat,SI,CT,CI,Yes
14.091667175293,551.700012207031,5.39200007915497,8.0959997177124,14.1599998474121,1,3574.8448444075,242.341665,Wheat,SI,CT,CI,Yes
14.3916664123535,565.400024414062,4.69799995422363,7.98699998855591,12.9499998092651,1,2828.931363636362,240.7256598221019,Wheat,SI,CT,CI,Yes
13.9416666030884,542.0,5.4140001535415605,8.07800006866455,14.1899995803833,1,3302.0641347287497,240.07041,Wheat,SI,CT,CI,Yes
14.5250005722046,628.299987792969,5.18999993801117,7.95499992370605,17.5499992370605,1,2987.86509901,126.47916,Wheat,SI,CT,CI,Yes
14.4750003814697,597.300048828125,5.65500020980835,7.9539999961853,16.3700008392334,1,2872.9241727962494,208.04829,Wheat,SI,CT,CI,Yes
13.9750003814697,517.0,6.152999997138981,7.88899993896484,22.3400001525879,1,3494.213618732499,223.941735,Wheat,SI,CT,CI,Yes
14.091667175293,551.700012207031,6.70300006866455,8.0,23.5100002288818,1,2921.752313635,240.228105,Wheat,SI,CT,CI,Yes
13.9416666030884,542.0,5.389000177383419,7.84600019454956,12.4399995803833,1,3278.3197751125,242.86377,Wheat,SI,CT,CI,Yes
14.9833335876465,555.099975585938,5.774999856948851,8.05000019073486,18.75,1,3988.9589249012506,243.275505,Wheat,SI,CT,CI,Yes
14.9833335876465,555.099975585938,5.53400039672852,7.97300004959106,17.8500003814697,1,3667.2239900162494,250.24338,Wheat,SI,CT,CI,Yes
14.7166662216187,566.099975585938,7.35700011253357,7.98699998855591,30.3400001525879,1,3544.4670860875003,236.639595,Wheat,SI,CT,CI,Yes
14.7166662216187,566.099975585938,5.06900012493134,8.14700031280518,12.1199998855591,1,3681.93351188875,287.40498,Wheat,SI,CT,CI,Yes
14.7166662216187,566.099975585938,5.39200007915497,8.0959997177124,14.1599998474121,1,3709.8041730024997,252.45369,Wheat,SI,CT,CI,Yes
14.9416666030884,546.799987792969,6.1210000514984095,7.99700021743774,19.0200004577637,1,3690.3145719625,292.68921,Wheat,SI,CT,CI,Yes
14.6000003814697,569.200012207031,4.63899999856949,8.11499977111816,12.1000003814697,1,3037.302749999999,240.7256598221019,Wheat,SI,CT,CI,Yes
14.6000003814697,569.200012207031,5.69800019264221,8.05399990081787,16.0799999237061,1,3587.359833333334,240.7256598221019,Wheat,SI,CT,CI,Yes
14.7166662216187,566.099975585938,5.13300001621246,8.10999965667725,13.25,1,4003.88109739375,275.597355,Wheat,SI,CT,CI,Yes
10.8333339691162,660.700012207031,6.376000046730041,7.9520001411438,21.3199996948242,1,3191.9200000000005,140.454957655258,Wheat,SI,CT,CI,Yes
9.875,651.299987792969,6.32699966430664,8.01399993896484,20.3700008392334,1,2754.544,140.454957655258,Wheat,SI,CT,CI,Yes
10.841667175293,638.200012207031,4.46400016546249,8.12800025939941,14.1599998474121,1,2731.1349999999993,140.454957655258,Wheat,SI,CT,CI,Yes
11.5833330154419,684.5,6.3949996232986495,8.0,20.3700008392334,1,2480.2738461538474,140.454957655258,Wheat,SI,CT,CI,Yes
12.7333335876465,686.900024414062,6.2169998884201005,7.97900009155273,20.0300006866455,1,2426.1975000000007,140.454957655258,Wheat,SI,CT,CI,Yes
11.8166666030884,633.400024414062,5.02099990844727,8.10200023651123,16.4099998474121,1,2332.97499865,72.307635,Wheat,SI,CT,CI,Yes
11.8166666030884,633.400024414062,4.58400011062622,8.12800025939941,14.8800001144409,1,1999.4124980874997,81.02499,Wheat,SI,CT,CI,Yes
11.0666666030884,527.600036621094,5.36400020122528,8.04800033569336,16.4799995422363,1,3013.0375,205.239795,Wheat,SI,CT,CI,Yes
10.8666667938232,586.299987792969,13.970000743866,7.75,20.0,1,2275.1949999999997,140.454957655258,Wheat,SI,CT,CI,Yes
10.0583333969116,541.5,5.25799989700317,8.08899974822998,15.5699996948242,1,3385.975,103.5,Wheat,SI,CT,CI,Yes
14.1833333969116,627.100036621094,5.23800015449524,8.07600021362305,16.6200008392334,1,2878.8719262249992,146.117805,Wheat,SI,CT,CI,Yes
14.1833333969116,627.100036621094,6.29700005054474,8.01399993896484,20.3700008392334,1,1708.6980204625,55.890825,Wheat,SI,CT,CI,Yes
13.7750005722046,640.700012207031,5.39699971675873,8.07400035858154,17.4899997711182,1,2281.9917285625,140.56788,Wheat,SI,CT,CI,Yes
12.5500001907349,614.799987792969,4.94000017642975,8.10000038146973,15.8400001525879,1,2714.5945811875004,170.11335,Wheat,SI,CT,CI,Yes
13.6666669845581,594.5,6.8349999189376796,7.85900020599365,19.1700000762939,1,2842.2239285714277,140.454957655258,Wheat,SI,CT,CI,Yes
12.7333335876465,693.600036621094,5.04999995231628,8.10000038146973,16.5,1,2700.8628571428562,140.454957655258,Wheat,SI,CT,CI,Yes
12.7333335876465,693.600036621094,4.5100000500679,8.05000019073486,16.2199993133545,1,2051.5315636749997,177.73794,Wheat,SI,CT,CI,Yes
13.7750005722046,640.700012207031,5.253999829292299,7.7480001449585,17.8125,1,2591.02851655,201.21255,Wheat,SI,CT,CI,Yes
13.6666669845581,697.5,4.42800015211105,7.875,14.1300001144409,1,2315.5672802124996,133.462815,Wheat,SI,CT,CI,Yes
14.2250003814697,680.0,4.52800005674362,8.13599967956543,14.8800001144409,1,2558.9748711999996,149.749995,Wheat,SI,CT,CI,Yes
14.6916666030884,707.5,9.42499995231628,6.97000026702881,22.1000003814697,1,3190.4693432499994,198.545385,Wheat,SI,CT,CI,Yes
12.5500001907349,614.799987792969,4.3320000171661395,8.13399982452393,14.460000038147,1,2072.929,140.454957655258,Wheat,SI,CT,CI,Yes
13.6666669845581,594.5,5.04199981689453,8.0939998626709,16.2000007629395,1,2630.2888749999997,178.95,Wheat,SI,CT,CI,Yes
12.4166669845581,641.799987792969,6.18099987506866,8.0019998550415,19.1700000762939,1,2174.9158643124997,138.92649,Wheat,SI,CT,CI,Yes
13.6666669845581,594.5,4.75899994373322,8.125,14.3599996566772,1,2504.6647977999996,141.64788,Wheat,SI,CT,CI,Yes
12.6500005722046,570.200012207031,6.19799971580505,8.00599956512451,19.4400005340576,1,2638.8931455624997,135.000255,Wheat,SI,CT,CI,Yes
12.6500005722046,570.200012207031,7.87199974060059,7.50699996948242,20.5900001525879,1,2283.7374999999984,140.454957655258,Wheat,SI,CT,CI,Yes
10.716667175293,638.5,7.774999737739559,7.46799993515015,26.8500003814697,1,2203.1673028375,105.0,Wheat,SI,CT,CI,Yes
12.4166669845581,641.799987792969,4.64399993419647,8.12800025939941,15.2399997711182,1,2149.0561715125,120.37233,Wheat,SI,CT,CI,Yes
10.7416667938232,620.400024414062,6.09399974346161,8.02799987792969,19.7399997711182,1,1825.2964019875,165.073965,Wheat,SI,CT,CI,Yes
12.5500001907349,614.799987792969,5.91399967670441,8.03800010681152,19.0799999237061,1,1893.0735927624996,150.15204,Wheat,SI,CT,CI,Yes
10.7416667938232,620.400024414062,6.14199995994568,8.01399993896484,19.4400005340576,1,2154.325,140.454957655258,Wheat,SI,CT,CI,Yes
10.2833337783813,571.799987792969,6.104999780654909,8.02000045776367,19.4699993133545,1,2251.8624999999997,140.454957655258,Wheat,SI,CT,CI,Yes
10.2833337783813,571.799987792969,7.75999963283539,7.42400026321411,20.2800006866455,1,2077.5062500000013,140.454957655258,Wheat,SI,CT,CI,Yes
10.3333330154419,636.900024414062,5.51400005817413,8.06799983978271,17.9400005340576,1,2565.87109375,140.454957655258,Wheat,SI,CT,CI,Yes
10.8666667938232,586.299987792969,5.71699976921082,8.05399990081787,18.5699996948242,1,1481.4167346625002,124.34745,Wheat,SI,CT,CI,Yes
10.8666667938232,586.299987792969,6.219000220298771,8.00800037384033,18.6000003814697,1,2014.2399996625,76.764705,Wheat,SI,CT,CI,Yes
4.55000019073486,284.700012207031,13.123999834060701,7.51600027084351,22.0,1,1391.88692125,38.03403,Wheat,SI,CT,CI,Yes
7.41666698455811,176.0,11.7870008945465,7.42600011825562,20.9099998474121,1,1647.9913333333325,90.68811356340105,Wheat,SI,CT,CI,Yes
5.95000028610229,273.800018310547,20.9019994735718,6.84299993515015,36.8400001525879,1,2283.0851350299995,225.357555,Wheat,SI,CT,CI,Yes
4.81666660308838,197.900009155273,12.0000004768372,7.30000019073486,21.0,1,1692.4069865499998,46.87389,Wheat,SI,CT,CI,Yes
5.29166650772095,173.800003051758,14.1999995708466,8.0,26.0,1,1469.9252434300001,38.06923,Wheat,SI,CT,CI,Yes
5.59166669845581,331.300018310547,4.35900002717972,6.8439998626709,19.25,1,1603.74136342,31.52181,Wheat,SI,CT,CI,Yes
5.60833358764648,331.600006103516,6.78000032901764,7.2649998664856,15.4499998092651,1,1643.42868928,102.301305,Wheat,SI,CT,CI,Yes
4.30833339691162,324.800018310547,16.9729995727539,7.42600011825562,25.1000003814697,1,1708.9523300500002,45.92121,Wheat,SI,CT,CI,Yes
8.05833339691162,322.5,4.54800009727478,8.16399955749512,10.039999961853,1,1831.4402509899999,93.667785,Wheat,SI,CT,CI,Yes
8.60833358764648,383.800018310547,4.09999996423721,8.30000019073486,6.0,1,2110.4649999999997,149.25,Wheat,SI,CT,CI,Yes
8.47500038146973,450.0,5.20900011062622,7.610999584198,7.5858588218689,1,2110.4649999999997,149.25,Wheat,SI,CT,CI,Yes
8.60000038146973,374.400024414062,4.71400022506714,6.26599979400635,10.0631580352783,1,2388.9249999999997,343.5,Wheat,SI,CT,CI,Yes
2.04166674613953,422.300018310547,13.9789998531342,7.33800029754639,22.2399997711182,1,1592.9968986399997,58.712295,Wheat,SI,CT,CI,Yes
8.64999961853027,283.899993896484,4.77400004863739,7.94400024414062,17.4599990844727,1,2505.2348395900003,290.83563,Wheat,SI,CT,CI,Yes
8.90000057220459,249.200012207031,4.53599989414215,7.6729998588562,14.0,1,2353.309999999999,90.68811356340105,Wheat,SI,CT,CI,Yes
8.39999961853027,200.600006103516,4.35699999332428,6.45899963378906,6.67999982833862,1,2353.309999999999,90.68811356340105,Wheat,SI,CT,CI,Yes
7.65833330154419,219.0,4.024000167846681,8.18400001525879,5.0,1,2400.39999745,253.767855,Wheat,SI,CT,CI,Yes
0.450000017881393,426.100006103516,6.23099982738495,8.28499984741211,8.90999984741211,1,2402.491,90.68811356340105,Wheat,SI,CT,CI,Yes
3.42499995231628,632.900024414062,19.5000004768372,6.40000009536743,23.0,1,1996.0592499999993,90.68811356340105,Wheat,SI,CT,CI,Yes
3.52500009536743,469.100006103516,18.48100066185,6.36299991607666,22.9500007629395,1,1702.3089255319157,90.68811356340105,Wheat,SI,CT,CI,Yes
-1.70000004768372,493.0,12.603000402450599,6.45700025558472,22.4300003051758,1,2015.0144704899994,56.02104,Wheat,SI,CT,CI,Yes
0.450000017881393,426.100006103516,15.3799998760223,7.84000015258789,23.7999992370605,1,1780.3816647400001,56.28738,Wheat,SI,CT,CI,Yes
0.650000035762787,392.899993896484,6.8659996986389205,6.65999984741211,15.0500001907349,1,2011.86881854,51.02865,Wheat,SI,CT,CI,Yes
1.70833337306976,285.200012207031,5.7469999790191695,6.89900016784668,12.210000038147,1,1921.90472572,47.562315,Wheat,SI,CT,CI,Yes
0.0999997928738594,507.700012207031,17.0719993114471,6.63899993896484,22.1299991607666,1,2068.4929384,58.370535,Wheat,SI,CT,CI,Yes
2.75,565.799987792969,17.9270005226135,6.41300010681152,22.8700008392334,1,1884.2568159100003,42.05454,Wheat,SI,CT,CI,Yes
-0.783333361148834,497.5,21.194000244140597,6.78500032424927,24.5400009155273,1,1880.72994865,45.623205,Wheat,SI,CT,CI,Yes
9.48333358764648,97.7000045776367,5.719000101089479,7.71299982070923,30.5699996948242,1,1586.8718,90.68811356340105,Wheat,SI,CT,CI,Yes
7.81666660308838,118.600006103516,8.86900007724762,7.76300001144409,25.0699996948242,1,2452.1609169400003,278.526375,Wheat,SI,CT,CI,Yes
8.66666698455811,170.199996948242,8.87600004673004,7.14200019836426,18.5463924407959,1,2467.8896229399998,292.911135,Wheat,SI,CT,CI,Yes
8.40833377838135,148.400009155273,6.4190000295639,7.34299993515015,28.7578945159912,1,2493.87006946,270.189225,Wheat,SI,CT,CI,Yes
5.29166698455811,134.300003051758,5.5299997329711905,8.14799976348877,20.1200008392334,1,2493.87006946,270.189225,Wheat,SI,CT,CI,Yes
7.46666669845581,133.600006103516,6.2819999456405595,7.57100009918213,15.1700000762939,1,2493.87006946,270.189225,Wheat,SI,CT,CI,Yes
9.48333358764648,97.7000045776367,10.003000497818,7.7810001373291,23.0900001525879,1,2664.7186027,277.71933,Wheat,SI,CT,CI,Yes
4.97499990463257,334.900024414062,13.1319999694824,7.28000020980835,22.5,1,1768.2210000000002,90.68811356340105,Wheat,SI,CT,CI,Yes
5.19999980926514,342.899993896484,12.1200001239777,7.37000036239624,21.6000003814697,1,1876.18375,32.33499,Wheat,SI,CT,CI,Yes
4.90833330154419,338.799987792969,10.8880007266998,7.21600008010864,19.4699993133545,1,1382.0953525400002,33.92494,Wheat,SI,CT,CI,Yes
4.63333320617676,310.600006103516,12.0160007476807,7.30000019073486,21.0200004577637,1,1460.70491518,36.08996,Wheat,SI,CT,CI,Yes
5.40833330154419,367.100006103516,12.0000004768372,7.30000019073486,21.0,1,1386.23333002,36.74852,Wheat,SI,CT,CI,Yes
5.97499990463257,362.5,11.007999181747401,6.27800035476685,22.0,1,1392.31888768,37.921415,Wheat,SI,CT,CI,Yes
3.53333330154419,380.799987792969,23.4060001373291,6.65000009536743,38.0200004577637,1,1392.31888768,37.921415,Wheat,SI,CT,CI,Yes
4.97499990463257,334.900024414062,11.728000640869102,7.08100032806396,21.1134014129639,1,1392.31888768,37.921415,Wheat,SI,CT,CI,Yes
4.94999980926514,261.100006103516,14.610000848770099,7.15000009536743,24.8999996185303,1,1504.57455673,75.908955,Wheat,SI,CT,CI,Yes
-0.774999976158142,482.899993896484,19.0279996395111,7.16000032424927,22.7399997711182,1,2209.36309993,215.65155,Wheat,SI,CT,CI,Yes
5.01666688919067,455.600006103516,12.331999540328999,7.34600019454956,22.0300006866455,1,2110.4649999999997,149.25,Wheat,SI,CT,CI,Yes
6.65000009536743,442.100006103516,13.904000520706198,7.50400018692017,22.6599998474121,1,2110.4649999999997,149.25,Wheat,SI,CT,CI,Yes
5.77500009536743,434.100006103516,13.544000387191799,7.03200006484985,22.1700000762939,1,1957.7209272727268,90.68811356340105,Wheat,SI,CT,CI,Yes
3.55833339691162,257.700012207031,4.0000000596046394,6.69999980926514,10.0,1,1723.8456774699998,39.8709,Wheat,SI,CT,CI,Yes
2.25,274.800018310547,13.044000864028899,7.24000024795532,22.5599994659424,1,2294.612923076924,90.68811356340105,Wheat,SI,CT,CI,Yes
4.67500019073486,365.200012207031,4.17500019073486,6.7649998664856,10.5500001907349,1,1594.17078604,32.108245,Wheat,SI,CT,CI,Yes
4.27500009536743,326.800018310547,12.746000289917001,7.44900035858154,19.7399997711182,1,1399.2937608999998,33.3673,Wheat,SI,CT,CI,Yes
3.97500014305115,329.800018310547,20.934000015258796,6.8100004196167,34.25,1,1406.10352876,34.283615,Wheat,SI,CT,CI,Yes
3.70833325386047,338.0,8.33999991416931,7.01599979400635,15.4899997711182,1,1516.44821965,36.49565,Wheat,SI,CT,CI,Yes
7.85000038146973,157.300003051758,4.30000007152557,5.69999980926514,5.0,1,2498.2416665499995,214.889205,Wheat,SI,CT,CI,Yes
8.875,89.8000030517578,4.98600006103516,7.04400014877319,26.7199993133545,1,2498.2416665499995,214.889205,Wheat,SI,CT,CI,Yes
10.466667175293,27.0,4.62399989366531,7.92700004577637,20.3700008392334,1,2591.2249976200005,261.0,Wheat,SI,CT,CI,Yes
8.875,523.200012207031,4.09999996423721,8.30000019073486,6.0,1,1947.1609393939384,254.27890281746033,Wheat,SI,CT,CI,Yes
8.875,523.200012207031,7.90399968624115,6.38800001144409,23.1200008392334,1,1977.8845757575746,254.27890281746033,Wheat,SI,CT,CI,Yes
10.2916669845581,579.100036621094,8.13899993896484,8.05599975585938,12.5100002288818,1,1992.00288,254.27890281746033,Wheat,SI,CT,CI,Yes
10.6333332061768,599.700012207031,9.55099999904633,8.16499996185303,13.4099998474121,1,3281.4249999999997,525.0,Wheat,SI,CT,CI,Yes
10.4666662216187,557.299987792969,22.1979999542236,6.92199993133545,43.5400009155273,1,1856.268794871795,254.27890281746033,Wheat,SI,CT,CI,Yes
10.2083339691162,487.800018310547,6.94999992847443,7.31500005722046,20.3600006103516,1,1802.493,254.27890281746033,Wheat,SI,CT,CI,Yes
10.091667175293,521.799987792969,12.6719999313354,6.38400030136108,23.0400009155273,1,1936.513444444444,254.27890281746033,Wheat,SI,CT,CI,Yes
9.35000038146973,478.299987792969,8.3789998292923,6.84499979019165,21.9500007629395,1,1852.5424166666678,254.27890281746033,Wheat,SI,CT,CI,Yes
9.58333396911621,525.299987792969,6.71800017356873,7.91400003433228,13.0100002288818,1,1869.473772727273,254.27890281746033,Wheat,SI,CT,CI,Yes
8.93333339691162,454.0,7.161999940872191,6.94500017166138,22.8400001525879,1,1946.7975000000004,254.27890281746033,Wheat,SI,CT,CI,Yes
9.14999961853027,512.200012207031,6.97899997234344,7.60900020599365,20.8799991607666,1,1904.4113999999995,254.27890281746033,Wheat,SI,CT,CI,Yes
9.14999961853027,512.200012207031,6.02400004863739,7.92799997329712,20.4599990844727,1,2118.2959663599995,174.846765,Wheat,SI,CT,CI,Yes
10.125,453.800018310547,6.37699961662292,7.50999975204468,21.8999996185303,1,1839.890043478261,254.27890281746033,Wheat,SI,CT,CI,Yes
8.85833358764648,566.700012207031,6.36099994182587,7.96600008010864,20.0100002288818,1,2045.2212666666674,254.27890281746033,Wheat,SI,CT,CI,Yes
8.11666679382324,519.200012207031,4.13100004196167,7.9060001373291,8.44999980926514,1,1550.808,165.0,Wheat,SI,CT,CI,Yes
6.90833330154419,483.5,14.6800005435944,6.73400020599365,27.3595504760742,1,1611.0533157894738,165.0,Wheat,SI,CT,CI,Yes
7.16666698455811,454.700012207031,12.4609994888306,7.76399993896484,27.3799991607666,1,1643.834684210526,165.0,Wheat,SI,CT,CI,Yes
7.70000028610229,462.299987792969,12.1299993991852,7.70800018310547,25.0,1,1590.9109999999998,165.0,Wheat,SI,CT,CI,Yes
7.54166698455811,445.899993896484,13.540999889373799,7.6540002822876,22.2783508300781,1,1644.7188333333324,165.0,Wheat,SI,CT,CI,Yes
6.80833339691162,458.800018310547,14.1149997711182,5.91599988937378,22.9529418945312,1,1614.0168333333324,165.0,Wheat,SI,CT,CI,Yes
5.80000019073486,715.400024414062,10.694000720977801,6.7790002822876,21.9699993133545,1,1547.5949999999998,165.0,Wheat,SI,CT,CI,Yes
5.625,551.799987792969,21.115999221801797,7.03800010681152,27.3600006103516,1,2165.7999999999997,116.625,Wheat,SI,CT,CI,Yes
6.79166650772095,393.300018310547,6.94700002670288,7.11899995803833,19.1770839691162,1,1748.044741935483,71.76776030623043,Wheat,SI,CT,CI,Yes
3.42499995231628,492.399993896484,17.4699997901917,6.92500019073486,22.6499996185303,1,1825.6583325400004,51.499995,Wheat,SI,CT,CI,Yes
2.00000023841858,628.900024414062,28.1550002098083,6.2960000038147,20.0400009155273,1,2025.2547334600004,137.486835,Wheat,SI,CT,CI,Yes
4.55000019073486,574.200012207031,17.0350003242493,6.31699991226196,22.9200000762939,1,2086.64574937,91.919115,Wheat,SI,CT,CI,Yes
5.33333349227905,648.200012207031,15.731000900268599,6.29300022125244,21.5499992370605,1,2206.8280566037733,71.76776030623043,Wheat,SI,CT,CI,Yes
3.95000004768372,682.299987792969,8.72500002384186,6.60400009155273,18.5599994659424,1,1722.5249988100002,56.57499,Wheat,SI,CT,CI,Yes
5.75833320617676,412.200012207031,22.0920014381409,6.14400005340576,35.2400016784668,1,1814.3454000000002,71.76776030623043,Wheat,SI,CT,CI,Yes
17.2333335876465,1298.59997558594,7.34000027179718,6.68800020217896,15.9888887405396,1,2682.3701136363643,267.0,Wheat,SI,CT,CI,Yes
16.9750003814697,1371.40002441406,10.4970002174377,6.8120002746582,36.8199996948242,1,2023.7267499999996,267.0,Wheat,SI,CT,CI,Yes
17.7583332061768,1362.59997558594,11.2000000476837,7.80000019073486,21.0,1,2707.2728437499995,267.0,Wheat,SI,CT,CI,Yes
16.8166675567627,1319.20007324219,6.98000013828278,4.74399995803833,21.0483875274658,1,2362.3425312899994,237.81972,Wheat,SI,CT,CI,Yes
16.8999996185303,1413.60009765625,9.96399998664856,6.89200019836426,21.2666664123535,1,2719.6432420162496,258.11412,Wheat,SI,CT,CI,Yes
15.6666669845581,820.0,6.17200016975403,7.95800018310547,26.1200008392334,1,3211.180055555554,267.32143083131496,Wheat,SI,CT,CI,Yes
15.841667175293,940.5,6.96600019931793,7.61199998855591,20.3099994659424,1,3342.4492788461553,267.32143083131496,Wheat,SI,CT,CI,Yes
16.3666667938232,1021.10003662109,4.24199998378754,8.28999996185303,6.30000019073486,1,3283.884340848749,353.977695,Wheat,SI,CT,CI,Yes
15.7250003814697,965.099975585938,8.88200044631958,7.34600019454956,28.75,1,3385.9929622424997,254.660265,Wheat,SI,CT,CI,Yes
16.9250011444092,1369.30004882812,11.2000000476837,7.80000019073486,21.0,1,2711.515454545456,267.32143083131496,Wheat,SI,CT,CI,Yes
17.1499996185303,1424.40002441406,12.5529992580414,6.27199983596802,31.0200004577637,1,2282.5035449062498,248.54349,Wheat,SI,CT,CI,Yes
16.7333335876465,1277.90002441406,12.0609998703003,5.58500003814697,30.9393939971924,1,2795.0111718749995,206.25,Wheat,SI,CT,CI,Yes
16.7333335876465,1277.90002441406,7.80400037765503,7.9520001411438,25.0200004577637,1,3107.7187247062498,188.50644,Wheat,SI,CT,CI,Yes
17.2083339691162,1384.80004882812,12.294000387191799,4.7039999961853,31.1000003814697,1,2552.5640151824996,233.983425,Wheat,SI,CT,CI,Yes
16.9750003814697,1371.40002441406,10.351999998092701,7.84500026702881,21.8999996185303,1,2792.709,238.512,Wheat,SI,CT,CI,Yes
16.25,1261.0,8.31000030040741,7.73000001907349,17.8500003814697,1,3256.9329583333315,267.32143083131496,Wheat,SI,CT,CI,Yes
15.1166667938232,946.600036621094,8.125,6.44899988174438,20.0599994659424,1,3259.227820859999,272.093955,Wheat,SI,CT,CI,Yes
15.4416666030884,1018.20001220703,9.805000424385069,7.92000007629395,33.3600006103516,1,3168.6194722612495,303.505815,Wheat,SI,CT,CI,Yes
15.8249998092651,1076.40002441406,4.62099999189377,8.25500011444092,7.5,1,3005.553654761905,267.32143083131496,Wheat,SI,CT,CI,Yes
16.2416667938232,1048.30004882812,9.85000014305115,5.78299999237061,33.4827575683594,1,2344.061451612903,267.32143083131496,Wheat,SI,CT,CI,Yes
16.125,1073.30004882812,7.7799999713897705,4.99200010299683,21.3768119812012,1,2354.856552631578,267.32143083131496,Wheat,SI,CT,CI,Yes
15.9833335876465,1239.80004882812,7.80600011348724,7.64400005340576,23.3199996948242,1,2906.7375625,267.32143083131496,Wheat,SI,CT,CI,Yes
15.2750005722046,1057.5,7.6280003786087,8.0,30.7600002288818,1,3164.1508031737494,300.454815,Wheat,SI,CT,CI,Yes
16.125,1073.30004882812,11.978999376296999,6.52899980545044,30.4300003051758,1,3532.6993322324993,277.76556,Wheat,SI,CT,CI,Yes
16.6749992370605,1346.20007324219,11.1699998378754,7.69000005722046,20.9500007629395,1,2971.3554433762497,219.971025,Wheat,SI,CT,CI,Yes
16.4166679382324,1147.40002441406,10.485999584198,7.48000001907349,22.5416660308838,1,3260.897812927499,283.866165,Wheat,SI,CT,CI,Yes
16.6749992370605,1346.20007324219,11.0199999809265,7.14000034332275,20.7000007629395,1,3018.5378499999997,267.32143083131496,Wheat,SI,CT,CI,Yes
16.658332824707,1300.30004882812,11.0080003738403,7.09600019454956,20.6800003051758,1,2522.4089264962495,193.83219,Wheat,SI,CT,CI,Yes
16.658332824707,1300.30004882812,9.1839998960495,6.39600038528442,21.0,1,2995.5274999999997,267.32143083131496,Wheat,SI,CT,CI,Yes
16.283332824707,1228.5,11.6550004482269,4.77099990844727,46.0666656494141,1,3318.92470646625,296.373705,Wheat,SI,CT,CI,Yes
16.8166675567627,1319.20007324219,6.98000013828278,4.74399995803833,21.0483875274658,1,3108.5384684249993,198.48252,Wheat,SI,CT,CI,Yes
16.533332824707,1343.80004882812,6.083999872207641,7.2480001449585,11.9200000762939,1,3665.146874999999,227.7,Wheat,SI,CT,CI,Yes
16.2333335876465,1010.5,5.61900019645691,8.06500053405762,12.8500003814697,1,3381.505307692307,267.32143083131496,Wheat,SI,CT,CI,Yes
15.6750001907349,999.400024414062,6.44900023937225,6.50899982452393,24.1204814910889,1,3349.2428093849994,303.317745,Wheat,SI,CT,CI,Yes
15.841667175293,1052.5,6.4450001716613805,8.08500003814697,13.3500003814697,1,3076.13903842125,247.926555,Wheat,SI,CT,CI,Yes
16.5583343505859,1017.70001220703,12.1379995346069,6.02600002288818,38.4099998474121,1,3212.53197854625,320.110965,Wheat,SI,CT,CI,Yes
17.9833335876465,1542.90002441406,6.78999960422516,6.21799993515015,14.2386360168457,1,3070.1974499999997,196.96287873249418,Wheat,SI,CT,CI,Yes
17.1833343505859,1660.90002441406,17.8349995613098,5.93400001525879,30.5957450866699,1,1821.4100393399995,173.06379,Wheat,SI,CT,CI,Yes
18.3833332061768,1660.80004882812,19.2750000953674,6.41000032424927,35.2099990844727,1,2782.0223749999996,196.96287873249418,Wheat,SI,CT,CI,Yes
17.9916667938232,1497.09997558594,12.250000238418599,6.5620002746582,23.9500007629395,1,2631.121166666668,196.96287873249418,Wheat,SI,CT,CI,Yes
17.125,1621.80004882812,13.506000041961702,5.93400001525879,21.75,1,2539.2616666666677,196.96287873249418,Wheat,SI,CT,CI,Yes
17.9333343505859,1768.90002441406,21.4039993286133,4.76100015640259,43.7653045654297,1,1581.8234352262496,167.49999,Wheat,SI,CT,CI,Yes
17.9333343505859,1768.90002441406,14.1069996356964,5.85000038146973,41.1134033203125,1,2212.7208499999992,196.96287873249418,Wheat,SI,CT,CI,Yes
17.716667175293,1282.80004882812,10.6710004806519,5.98600006103516,34.0499992370605,1,2325.3280822799993,190.43571,Wheat,SI,CT,CI,Yes
17.716667175293,1282.80004882812,6.54500007629395,5.56599998474121,21.7808227539062,1,3183.7526590909083,196.96287873249418,Wheat,SI,CT,CI,Yes
17.716667175293,1282.80004882812,11.7840003967285,5.46399974822998,23.1900005340576,1,3049.3244249999993,196.96287873249418,Wheat,SI,CT,CI,Yes
17.0583343505859,1490.60009765625,16.2870001792908,6.92200040817261,29.0699996948242,1,3090.9423181818174,196.96287873249418,Wheat,SI,CT,CI,Yes
16.8999996185303,1413.60009765625,6.2040001153945905,5.01399993896484,27.452054977417,1,2746.743413426249,216.776685,Wheat,SI,CT,CI,Yes
17.0583343505859,1490.60009765625,14.558999538421599,6.24200010299683,22.4300003051758,1,2833.88913888889,196.96287873249418,Wheat,SI,CT,CI,Yes
17.9583339691162,1553.0,21.3800001144409,5.97500038146973,36.6300010681152,1,2807.488375,196.96287873249418,Wheat,SI,CT,CI,Yes
17.9833335876465,1575.30004882812,14.2620003223419,6.57100009918213,24.6599998474121,1,2107.6281204524994,125.412495,Wheat,SI,CT,CI,Yes
17.9833335876465,1575.30004882812,15.328000783920299,6.32600021362305,19.4799995422363,1,2365.174032165,132.23076,Wheat,SI,CT,CI,Yes
18.2250003814697,1889.09997558594,27.2829985618591,5.03700017929077,37.7200012207031,1,2225.029416666668,196.96287873249418,Wheat,SI,CT,CI,Yes
17.125,1621.80004882812,18.7800002098083,5.82000017166138,32.6161613464355,1,2423.9067499999996,196.96287873249418,Wheat,SI,CT,CI,Yes
17.125,1621.80004882812,12.2889995574951,6.11400032043457,23.7700004577637,1,2519.4869280974995,135.40908,Wheat,SI,CT,CI,Yes
17.658332824707,1631.90002441406,13.508999347686801,6.29400014877319,27.5100002288818,1,3490.352343749999,180.609375,Wheat,SI,CT,CI,Yes
17.5833339691162,1799.30004882812,22.9690003395081,5.19600009918213,35.75,1,2104.4773571428573,196.96287873249418,Wheat,SI,CT,CI,Yes
17.3333339691162,1191.0,11.2000000476837,7.80000019073486,21.0,1,2796.2137446075,185.301195,Wheat,SI,CT,CI,Yes
17.3333339691162,1191.0,10.592000484466599,7.59200000762939,21.1599998474121,1,2672.9693368425,205.85253,Wheat,SI,CT,CI,Yes
17.375,1395.0,12.839000225067101,6.81699991226196,19.9599990844727,1,2554.4994084449995,173.660835,Wheat,SI,CT,CI,Yes
17.0666675567627,1132.59997558594,11.9050002098083,6.69799995422363,20.7800006866455,1,2870.4617752837494,177.32853,Wheat,SI,CT,CI,Yes
17.3333339691162,1191.0,9.63200032711029,6.70800018310547,21.0,1,2842.4917785374996,173.912775,Wheat,SI,CT,CI,Yes
17.3333339691162,1191.0,9.63200032711029,6.70800018310547,21.0,1,2610.3691567049996,191.16393,Wheat,SI,CT,CI,Yes
17.0416660308838,1622.5,11.2000000476837,7.80000019073486,21.0,1,2759.7221346153847,203.114649786921,Wheat,SI,CT,CI,Yes
16.9583339691162,943.799987792969,7.48400032520294,6.89499998092651,19.3125,1,3180.4845318637495,212.813445,Wheat,SI,CT,CI,Yes
16.4916667938232,965.200012207031,6.31600022315979,7.0479998588562,25.3777770996094,1,3590.1175315274995,203.6742,Wheat,SI,CT,CI,Yes
16.5750007629395,1013.5,8.938000202178959,7.33900022506714,24.1399993896484,1,2945.2776249999993,203.114649786921,Wheat,SI,CT,CI,Yes
16.8833332061768,1031.59997558594,7.882000207901,7.4520001411438,20.3333339691162,1,3124.379375445,212.15256,Wheat,SI,CT,CI,Yes
17.0500011444092,1372.5,11.5560007095337,6.9520001411438,21.4300003051758,1,3096.192613636365,203.114649786921,Wheat,SI,CT,CI,Yes
17.0,1320.40002441406,10.5200004577637,7.5,21.1599998474121,1,3237.979211538463,203.114649786921,Wheat,SI,CT,CI,Yes
17.0,1320.40002441406,7.91999995708466,7.25800037384033,15.7252750396729,1,2885.3627276962493,163.070475,Wheat,SI,CT,CI,Yes
16.1499996185303,966.200012207031,9.62000012397766,7.89599990844727,24.1399993896484,1,3448.8669746399996,218.409675,Wheat,SI,CT,CI,Yes
17.5249996185303,1565.59997558594,9.400999546051029,5.46799993515015,21.7999992370605,1,2691.0364736842103,203.114649786921,Wheat,SI,CT,CI,Yes
17.6916675567627,1540.5,13.5599994659424,5.26300001144409,24.7294120788574,1,1843.3518450749998,142.938855,Wheat,SI,CT,CI,Yes
17.9166660308838,1690.90002441406,12.836999893188501,5.84899997711182,22.9898986816406,1,2706.39745,203.114649786921,Wheat,SI,CT,CI,Yes
17.9166660308838,1690.90002441406,9.692999720573429,4.88700008392334,26.5699996948242,1,1672.5623016224997,65.78571,Wheat,SI,CT,CI,Yes
18.2749996185303,1670.80004882812,6.2269997596740705,7.38100004196167,19.4639167785645,1,2303.0672671462494,153.95454,Wheat,SI,CT,CI,Yes
15.3249998092651,1753.20007324219,12.345999479293802,5.83799982070923,21.0100002288818,1,1973.92563821625,131.506575,Wheat,SI,CT,CI,Yes
16.591667175293,1501.5,11.2360000610352,7.17600011825562,20.7900009155273,1,2259.48213993375,195.214275,Wheat,SI,CT,CI,Yes
16.6166667938232,1964.0,21.9989991188049,5.15999984741211,25.2299995422363,1,2802.319383333331,203.114649786921,Wheat,SI,CT,CI,Yes
16.6166667938232,1964.0,18.3360004425049,5.59899997711182,18.2000007629395,1,2775.974199999999,203.114649786921,Wheat,SI,CT,CI,Yes
16.6833343505859,1974.09997558594,16.797000169754,6.49300003051758,26.1200008392334,1,2865.165833333331,203.114649786921,Wheat,SI,CT,CI,Yes
16.8166675567627,1233.80004882812,10.901999473571799,7.03999996185303,20.6868686676025,1,2690.0665680449997,162.228435,Wheat,SI,CT,CI,Yes
16.8166675567627,1233.80004882812,10.4089999198914,6.71099996566772,19.2900009155273,1,3278.786222222222,203.114649786921,Wheat,SI,CT,CI,Yes
16.8083343505859,1039.30004882812,10.5299997329712,5.73799991607666,20.9699993133545,1,2859.419774527499,208.420035,Wheat,SI,CT,CI,Yes
16.8083343505859,1039.30004882812,9.91100013256073,6.75099992752075,19.7399997711182,1,2862.4028708625,186.974595,Wheat,SI,CT,CI,Yes
16.966667175293,978.400024414062,8.99600028991699,7.6100001335144,23.6200008392334,1,3042.3099062499996,203.114649786921,Wheat,SI,CT,CI,Yes
16.966667175293,978.400024414062,8.740000128746031,7.81799983978271,31.1399993896484,1,3388.7952999999998,203.114649786921,Wheat,SI,CT,CI,Yes
16.5750007629395,912.600036621094,6.570000052452089,7.74499988555908,21.8999996185303,1,3354.149464113749,186.18789,Wheat,SI,CT,CI,Yes
16.5500011444092,924.600036621094,6.70300006866455,8.0,23.5100002288818,1,3434.4166749299993,221.61705,Wheat,SI,CT,CI,Yes
16.966667175293,978.400024414062,8.37800025939941,6.99700021743774,33.3899993896484,1,3363.8749977262496,160.5,Wheat,SI,CT,CI,Yes
16.8583335876465,1007.70001220703,8.66800010204315,7.89800024032593,28.4200000762939,1,3005.2961279962497,176.99934,Wheat,SI,CT,CI,Yes
16.5750007629395,912.600036621094,6.59200012683868,8.0,22.6399993896484,1,3673.4100144674994,217.99581,Wheat,SI,CT,CI,Yes
16.1499996185303,966.200012207031,9.76000010967255,7.42199993133545,22.6399993896484,1,3678.305474358975,203.114649786921,Wheat,SI,CT,CI,Yes
15.966667175293,857.0,5.39600014686584,8.04399967193604,16.5799999237061,1,3149.5432122599996,198.64341,Wheat,SI,CT,CI,Yes
15.9000005722046,897.799987792969,7.61500000953674,7.90000009536743,32.5200004577637,1,3423.9199444349997,186.63219,Wheat,SI,CT,CI,Yes
16.3666667938232,1021.10003662109,10.155000686645499,7.30200004577637,23.0200004577637,1,2914.767840408749,215.606175,Wheat,SI,CT,CI,Yes
16.4916667938232,965.200012207031,10.069999694824201,7.21500015258789,24.2199993133545,1,3332.6099620612495,220.83231,Wheat,SI,CT,CI,Yes
16.8833332061768,1031.59997558594,10.9630000591278,7.21600008010864,22.0300006866455,1,3565.8901295549995,241.70097,Wheat,SI,CT,CI,Yes
17.1666660308838,1108.09997558594,10.7480001449585,5.69199991226196,26.5319156646729,1,2617.9179475874994,219.3,Wheat,SI,CT,CI,Yes
16.591667175293,1501.5,14.2239999771118,6.81599998474121,10.9799995422363,1,2964.8470333333316,203.114649786921,Wheat,SI,CT,CI,Yes
16.3083343505859,1320.30004882812,12.6279997825623,6.00400018692017,20.5699996948242,1,3384.5454520649996,171.272715,Wheat,SI,CT,CI,Yes
16.2583332061768,888.5,5.478000044822689,8.13500022888184,15.210000038147,1,3117.9689374999994,203.114649786921,Wheat,SI,CT,CI,Yes
16.466667175293,933.900024414062,7.67000019550323,7.53200006484985,20.3299999237061,1,3730.4517694387496,215.227875,Wheat,SI,CT,CI,Yes
16.4833335876465,971.5,7.2680002450943,7.52099990844727,21.1200008392334,1,3736.2804661724995,216.870525,Wheat,SI,CT,CI,Yes
16.466667175293,933.900024414062,7.48400032520294,7.63600015640259,22.5900001525879,1,3460.9173676049995,231.10245,Wheat,SI,CT,CI,Yes
17.3083343505859,1595.59997558594,11.6209995746613,4.91599988937378,27.8850574493408,1,3012.7322083333315,203.114649786921,Wheat,SI,CT,CI,Yes
17.3250007629395,1752.40002441406,16.813000440597502,6.48900032043457,35.5400009155273,1,2633.4328124999997,112.875,Wheat,SI,CT,CI,Yes
17.3250007629395,1752.40002441406,14.723000526428201,6.33400011062622,25.0300006866455,1,2847.2440192307704,203.114649786921,Wheat,SI,CT,CI,Yes
17.3083343505859,1595.59997558594,13.7529993057251,6.67199993133545,23.0400009155273,1,3204.712499999999,103.5,Wheat,SI,CT,CI,Yes
16.8083343505859,1626.10009765625,5.66699981689453,3.74600005149841,22.8545455932617,1,2604.9451184210548,203.114649786921,Wheat,SI,CT,CI,Yes
17.1499996185303,1424.40002441406,10.9430003166199,7.44099998474121,24.0606060028076,1,2933.5040610974997,182.666355,Wheat,SI,CT,CI,Yes
17.0416660308838,1622.5,12.266000509262101,6.36899995803833,26.7700004577637,1,3136.499999999999,205.5,Wheat,SI,CT,CI,Yes
15.7250003814697,1859.0,23.8299989700317,5.40000009536743,38.9799995422363,1,2973.1538,203.114649786921,Wheat,SI,CT,CI,Yes
15.7250003814697,1859.0,17.0249998569489,6.21000003814697,30.4300003051758,1,3069.0316363636343,203.114649786921,Wheat,SI,CT,CI,Yes
16.8083343505859,1626.10009765625,14.3209993839264,5.93000030517578,27.3299999237061,1,2793.7321875,149.25,Wheat,SI,CT,CI,Yes
18.125,2104.5,12.148000001907299,5.43000030517578,42.3300018310547,1,1701.3595277777767,95.25,Wheat,SI,CT,CI,Yes
18.5083332061768,2002.5,12.148000001907299,5.43000030517578,42.3300018310547,1,1695.049500000001,95.25,Wheat,SI,CT,CI,Yes
20.0833339691162,1735.0,13.036000728607199,5.19400024414062,33.4099998474121,1,1704.1890833333316,95.25,Wheat,SI,CT,CI,Yes
14.8833332061768,672.200012207031,6.04299962520599,6.19899988174438,19.4874992370605,1,3593.5478333333344,233.82795173135918,Wheat,SI,CT,CI,Yes
15.5666666030884,652.799987792969,6.45299971103668,8.02600002288818,19.7700004577637,1,2940.4559999999997,233.82795173135918,Wheat,SI,CT,CI,Yes
15.2916669845581,625.799987792969,6.23499989509583,7.42399978637695,18.53125,1,3219.6786516624998,204.22779,Wheat,SI,CT,CI,Yes
13.841667175293,611.5,6.42300009727478,7.16900014877319,15.6899995803833,1,4087.8919050699988,230.40195,Wheat,SI,CT,CI,Yes
14.4416666030884,575.0,5.7459998130798295,7.92399978637695,17.4599990844727,1,3681.1187669349993,362.76237,Wheat,SI,CT,CI,Yes
12.7250003814697,699.5,7.314000129699711,6.76300001144409,21.5400009155273,1,3126.61166344375,129.69444,Wheat,SI,CT,CI,Yes
15.0416669845581,830.900024414062,5.75299978256226,7.23799991607666,11.2200002670288,1,3815.592948594999,225.441015,Wheat,SI,CT,CI,Yes
13.625,602.5,4.45600003004074,7.94799995422363,22.3600006103516,1,1908.1428999999998,233.82795173135918,Wheat,SI,CT,CI,Yes
14.25,563.100036621094,6.02400004863739,7.90700006484985,16.9500007629395,1,3564.1126943424993,236.8044,Wheat,SI,CT,CI,Yes
13.1500005722046,630.200012207031,7.74999976158142,6.55299997329712,22.6800003051758,1,3747.9221215075004,233.07423,Wheat,SI,CT,CI,Yes
13.0083341598511,776.700012207031,6.904000043869019,6.93499994277954,17.5400009155273,1,3236.3637660174995,141.452835,Wheat,SI,CT,CI,Yes
13.5333337783813,687.799987792969,6.38100028038025,6.80000019073486,15.1499996185303,1,3640.0157736399997,213.415365,Wheat,SI,CT,CI,Yes
14.8833332061768,672.200012207031,6.04299962520599,6.19899988174438,19.4874992370605,1,3194.3780777274997,226.23861,Wheat,SI,CT,CI,Yes
12.6833333969116,677.700012207031,8.36000025272369,6.47900009155273,21.7099990844727,1,3250.8013833024993,244.366665,Wheat,SI,CT,CI,Yes
12.4250001907349,714.900024414062,8.18599998950958,6.83300018310547,16.5900001525879,1,2975.6502499999992,233.82795173135918,Wheat,SI,CT,CI,Yes
13.3500003814697,795.700012207031,5.46899974346161,4.75600004196167,19.8732395172119,1,3052.9169169774996,148.1283,Wheat,SI,CT,CI,Yes
14.1083335876465,623.5,6.14600002765656,7.38600015640259,19.4300003051758,1,3210.2490446575002,236.80395,Wheat,SI,CT,CI,Yes
14.1083335876465,623.5,6.2929999828338605,7.26999998092651,16.9200000762939,1,3488.8320775674997,124.28763,Wheat,SI,CT,CI,Yes
13.841667175293,611.5,9.32699978351593,7.17599964141846,18.8400001525879,1,3523.0449436412496,132.26895,Wheat,SI,CT,CI,Yes
14.0166673660278,740.700012207031,6.32000029087067,7.52299976348877,19.6200008392334,1,3614.584416325,161.5314,Wheat,SI,CT,CI,Yes
14.1083335876465,623.5,6.16200029850006,7.25600004196167,13.5,1,3613.0678303449995,131.09793,Wheat,SI,CT,CI,Yes
14.0166673660278,740.700012207031,5.7779997587204,7.40500020980835,14.0799999237061,1,3776.235690654999,224.523,Wheat,SI,CT,CI,Yes
14.0666666030884,739.900024414062,5.04899978637695,7.86700010299683,15.1599998474121,1,3707.0121648062504,262.33941,Wheat,SI,CT,CI,Yes
14.2666673660278,665.299987792969,5.86199998855591,8.00899982452393,17.2199993133545,1,3983.522585128749,222.103155,Wheat,SI,CT,CI,Yes
15.6583337783813,765.0,9.96800005435944,6.94200038909912,21.0,1,3339.215780623749,265.158045,Wheat,SI,CT,CI,Yes
14.7750005722046,713.799987792969,6.80000007152557,7.0310001373291,17.2299995422363,1,4366.89643940125,178.038525,Wheat,SI,CT,CI,Yes
15.216667175293,684.700012207031,6.52099967002869,6.71600008010864,12.7299995422363,1,3523.88045126875,286.17633,Wheat,SI,CT,CI,Yes
15.216667175293,684.700012207031,8.3050000667572,6.57599973678589,13.8400001525879,1,3875.41665105625,224.953995,Wheat,SI,CT,CI,Yes
15.4833335876465,677.100036621094,6.4609998464584395,7.72200012207031,17.6100006103516,1,3855.1680898824998,242.59437,Wheat,SI,CT,CI,Yes
14.0083332061768,788.700012207031,7.25000023841858,6.83099985122681,20.75,1,3420.5982275649994,182.731275,Wheat,SI,CT,CI,Yes
15.0666666030884,675.400024414062,6.63399994373322,6.84999990463257,19.4300003051758,1,3463.1473390562496,217.173675,Wheat,SI,CT,CI,Yes
13.3083333969116,762.0,9.143000245094301,6.59999990463257,21.7399997711182,1,3249.8310430224997,217.149765,Wheat,SI,CT,CI,Yes
13.4416666030884,770.700012207031,8.45600008964539,6.4040002822876,21.6800003051758,1,3418.9695092237494,172.053135,Wheat,SI,CT,CI,Yes
13.375,870.700012207031,8.50800037384033,6.49600028991699,19.1299991607666,1,3409.9704999999994,198.0,Wheat,SI,CT,CI,Yes
13.4499998092651,808.599975585938,7.627000212669371,7.76700019836426,19.7600002288818,1,3481.7176276112496,160.937295,Wheat,SI,CT,CI,Yes
13.4499998092651,798.300048828125,10.5900001525879,7.18099975585938,22.1399993896484,1,3063.17957188,193.21284,Wheat,SI,CT,CI,Yes
15.5666666030884,933.100036621094,7.511000037193299,7.86600017547607,26.3099994659424,1,3490.1998266774995,229.28916,Wheat,SI,CT,CI,Yes
13.4499998092651,808.599975585938,7.9070001840591395,7.34600019454956,21.9500007629395,1,3170.5607499887496,261.64068,Wheat,SI,CT,CI,Yes
14.375,856.299987792969,6.05399966239929,7.46299982070923,22.4400005340576,1,3035.6599850124994,204.100485,Wheat,SI,CT,CI,Yes
14.0083332061768,788.700012207031,5.9020000696182295,7.09999990463257,14.5200004577637,1,3402.224369335,180.77157,Wheat,SI,CT,CI,Yes
14.1583337783813,890.0,7.7999997138977095,6.50899982452393,16.1599998474121,1,3360.43519838875,150.136125,Wheat,SI,CT,CI,Yes
14.0083332061768,788.700012207031,7.03400015830994,7.44099998474121,16.7900009155273,1,3088.9187899299995,239.50968,Wheat,SI,CT,CI,Yes
15.1166667938232,946.600036621094,8.02299976348877,6.58200025558472,22.2600002288818,1,3075.9952176775,131.24475,Wheat,SI,CT,CI,Yes
14.7416667938232,646.299987792969,5.702000260353089,7.97900009155273,18.2700004577637,1,3418.8029495349997,225.0093,Wheat,SI,CT,CI,Yes
14.4000005722046,599.600036621094,5.89700043201447,7.99399995803833,17.9699993133545,1,3615.7110422799997,324.787935,Wheat,SI,CT,CI,Yes
15.1416673660278,595.0,5.390999913215641,7.94000005722046,19.6100006103516,1,3529.4347478575,229.17456,Wheat,SI,CT,CI,Yes
15.5666666030884,652.799987792969,4.15699988603592,8.29100036621094,6.3600001335144,1,3789.2747251862493,298.17693,Wheat,SI,CT,CI,Yes
15.0250005722046,574.799987792969,5.62200009822845,7.97900009155273,17.7900009155273,1,3755.658732321249,227.60997,Wheat,SI,CT,CI,Yes
14.4000005722046,599.600036621094,5.86000025272369,7.98099994659424,18.6700000762939,1,3968.598643254999,262.01457,Wheat,SI,CT,CI,Yes
15.5666666030884,652.799987792969,5.8599996566772505,7.98000001907349,19.1200008392334,1,3885.0313875512497,176.931255,Wheat,SI,CT,CI,Yes
15.2916669845581,625.799987792969,5.53200006484985,7.97399997711182,17.7399997711182,1,3528.7937500000003,233.82795173135918,Wheat,SI,CT,CI,Yes
14.9250001907349,583.600036621094,6.40100002288818,7.99700021743774,20.7000007629395,1,3861.6043795150003,289.646625,Wheat,SI,CT,CI,Yes
14.9250001907349,583.600036621094,5.8370000123977706,7.97300004959106,19.1399993896484,1,3634.75627337125,282.007305,Wheat,SI,CT,CI,Yes
15.2916669845581,625.799987792969,5.595999956130981,7.94899988174438,20.2299995422363,1,3568.09614586,276.143235,Wheat,SI,CT,CI,Yes
14.9499998092651,602.600036621094,6.33899986743927,7.99300003051758,20.7199993133545,1,3415.13865378625,251.55531,Wheat,SI,CT,CI,Yes
15.375,630.900024414062,4.89300012588501,7.93200016021729,18.3999996185303,1,3458.16571286125,246.98532,Wheat,SI,CT,CI,Yes
15.091667175293,565.900024414062,5.3460001945495605,8.07999992370605,14.5900001525879,1,3366.8697070374997,261.806445,Wheat,SI,CT,CI,Yes
14.4416666030884,575.0,5.5620002746582,7.96299982070923,17.1900005340576,1,3723.9009958562497,332.07321,Wheat,SI,CT,CI,Yes
14.0416669845581,582.299987792969,5.80200016498566,7.98899984359741,17.8899993896484,1,2984.0599025012493,212.114145,Wheat,SI,CT,CI,Yes
14.25,563.100036621094,6.39400005340576,7.03299999237061,18.1000003814697,1,3617.4432781262494,360.41826,Wheat,SI,CT,CI,Yes
15.591667175293,687.0,6.21500015258789,8.0,19.2900009155273,1,3658.129478260868,233.82795173135918,Wheat,SI,CT,CI,Yes
15.7083339691162,744.200012207031,4.31999981403351,8.1830005645752,9.19999980926514,1,3682.9336473887497,196.992195,Wheat,SI,CT,CI,Yes
15.6916675567627,782.200012207031,4.14799988269806,7.69400024414062,5.98999977111816,1,3228.7247380299996,180.881835,Wheat,SI,CT,CI,Yes
15.7083339691162,744.200012207031,5.89200019836426,7.99399995803833,17.9400005340576,1,3551.150421951249,214.556415,Wheat,SI,CT,CI,Yes
15.7916669845581,728.600036621094,5.24399995803833,7.95800018310547,17.5799999237061,1,3030.9962209075,274.22406,Wheat,SI,CT,CI,Yes
15.125,650.900024414062,5.50599992275238,8.07800006866455,14.8800001144409,1,3344.3513255837497,256.358535,Wheat,SI,CT,CI,Yes
15.125,650.900024414062,6.00000023841858,8.0,18.0,1,3351.4226722524995,244.898865,Wheat,SI,CT,CI,Yes
15.591667175293,687.0,5.27400016784668,7.69500017166138,16.1499996185303,1,3616.83008600125,306.00135,Wheat,SI,CT,CI,Yes
15.9916667938232,710.200012207031,6.57999992370605,7.92000007629395,16.9099998474121,1,3471.3815926975,203.5977,Wheat,SI,CT,CI,Yes
15.2833337783813,722.800048828125,5.074000358581539,7.73799991607666,16.25,1,3040.559791666665,190.5551041844419,Wheat,SI,CT,CI,Yes
15.2833337783813,722.800048828125,8.15599977970123,6.37700033187866,23.4300003051758,1,3920.7968479637498,224.633175,Wheat,SI,CT,CI,Yes
15.2833337783813,722.800048828125,3.83200019598007,8.18400001525879,12.7200002670288,1,2753.396087983749,149.63124,Wheat,SI,CT,CI,Yes
15.966667175293,781.799987792969,6.38999998569489,7.17500019073486,14.3999996185303,1,3224.94408080875,151.954845,Wheat,SI,CT,CI,Yes
15.3083333969116,805.599975585938,3.92800003290176,8.17599964141846,12.960000038147,1,3581.6875,172.5,Wheat,SI,CT,CI,Yes
15.7916669845581,720.0,5.544000267982479,8.07200050354004,15.1199998855591,1,3613.9753894974997,169.699425,Wheat,SI,CT,CI,Yes
15.9916667938232,683.0,5.297000408172609,8.11100006103516,13.5600004196167,1,3613.61810791375,183.42579,Wheat,SI,CT,CI,Yes
15.9916667938232,683.0,7.92199969291687,7.77799987792969,16.3299999237061,1,3468.3412735975,175.61061,Wheat,SI,CT,CI,Yes
15.7916669845581,720.0,6.5420001745224,7.52300024032593,14.7938146591187,1,3738.9666042549993,240.295935,Wheat,SI,CT,CI,Yes
15.9916667938232,710.200012207031,5.76600015163422,8.06799983978271,15.0299997329712,1,3149.2633054112493,140.93556,Wheat,SI,CT,CI,Yes
15.625,630.700012207031,5.57600021362305,7.97900009155273,19.1100006103516,1,2522.47706487625,139.175625,Wheat,SI,CT,CI,Yes
12.3500003814697,900.0,5.47599971294403,7.56399965286255,22.75,1,4187.0065,190.5551041844419,Wheat,SI,CT,CI,Yes
15.0083332061768,773.200012207031,5.48600018024445,6.18200016021729,20.3614463806152,1,2657.087918185,143.153595,Wheat,SI,CT,CI,Yes
15.0083332061768,773.200012207031,6.20299994945526,8.00599956512451,19.4699993133545,1,2699.7966394675,166.39431,Wheat,SI,CT,CI,Yes
15.625,630.700012207031,5.103000402450561,7.98999977111816,15.3299999237061,1,2633.48117582125,139.43046,Wheat,SI,CT,CI,Yes
13.5416669845581,790.0,5.304999947547911,8.0629997253418,16.9799995422363,1,2857.00837380625,195.19869,Wheat,SI,CT,CI,Yes
15.0083332061768,773.200012207031,6.20899975299835,6.86199998855591,11.1300001144409,1,2970.7263037,171.92979,Wheat,SI,CT,CI,Yes
15.9916667938232,710.200012207031,5.76600015163422,8.06799983978271,15.0299997329712,1,3394.68182193625,206.37849,Wheat,SI,CT,CI,Yes
16.2749996185303,767.0,6.95199966430664,7.05399990081787,23.1399993896484,1,3100.4334125949995,132.633795,Wheat,SI,CT,CI,Yes
16.2749996185303,767.0,9.59399998188019,6.80600023269653,41.1800003051758,1,3611.3656159674997,164.40504,Wheat,SI,CT,CI,Yes
15.5083332061768,840.200012207031,8.384000062942501,6.95300006866455,28.7000007629395,1,3051.11377825375,185.538495,Wheat,SI,CT,CI,Yes
16.2749996185303,767.0,6.31200015544891,6.59000015258789,9.72000026702881,1,3028.7776488699997,88.05048,Wheat,SI,CT,CI,Yes
16.2250003814697,947.700012207031,9.182000160217289,5.50300025939941,35.0219764709473,1,3092.9039006049998,156.867405,Wheat,SI,CT,CI,Yes
15.0583333969116,708.299987792969,5.35700023174286,7.88800001144409,16.3299999237061,1,3314.54940514,189.318975,Wheat,SI,CT,CI,Yes
15.0083332061768,603.799987792969,4.46099996566772,8.16699981689453,8.76000022888184,1,3800.3320237112493,247.78194,Wheat,SI,CT,CI,Yes
15.1750001907349,614.799987792969,6.29999995231628,6.5,9.0,1,3613.197209822499,212.546295,Wheat,SI,CT,CI,Yes
15.5250005722046,635.700012207031,6.14499986171722,8.01500034332275,14.9700002670288,1,3603.7010334737497,246.09978,Wheat,SI,CT,CI,Yes
15.5250005722046,635.700012207031,4.69899982213974,8.01700019836426,14.3500003814697,1,3442.1397771399993,137.477115,Wheat,SI,CT,CI,Yes
11.9333333969116,668.100036621094,7.32999980449677,7.2350001335144,22.3500003814697,1,3100.38057481,156.91374,Wheat,SI,CT,CI,Yes
15.5250005722046,635.700012207031,4.07200008630753,8.17199993133545,12.6000003814697,1,3791.4139419249996,242.11506,Wheat,SI,CT,CI,Yes
15.1750001907349,614.799987792969,6.51099979877472,7.4980001449585,17.9400005340576,1,3945.1869273137504,280.92909,Wheat,SI,CT,CI,Yes
15.8916664123535,643.799987792969,6.33300006389618,8.0,20.6100006103516,1,3834.1724553362506,287.408715,Wheat,SI,CT,CI,Yes
15.8916664123535,643.799987792969,5.53799986839294,8.10400009155273,13.5900001525879,1,3119.929486111113,190.5551041844419,Wheat,SI,CT,CI,Yes
15.7416667938232,632.5,4.34700012207031,8.26100063323975,7.55999994277954,1,3566.0556489924993,197.78598,Wheat,SI,CT,CI,Yes
15.7416667938232,632.5,5.5259996652603105,8.08400058746338,8.30000019073486,1,3662.8273038587495,234.29703,Wheat,SI,CT,CI,Yes
15.7416667938232,632.5,6.35299980640411,7.83500003814697,18.9300003051758,1,3610.4942508137497,245.129355,Wheat,SI,CT,CI,Yes
15.8916664123535,643.799987792969,7.416000366210939,6.81799983978271,15.5600004196167,1,3811.857761571249,231.280725,Wheat,SI,CT,CI,Yes
14.75,664.799987792969,5.00699996948242,8.10900020599365,15.5200004577637,1,3795.4273046874996,151.028895,Wheat,SI,CT,CI,Yes
14.75,664.799987792969,5.91600000858307,8.0319995880127,18.8400001525879,1,3687.9840590049994,219.001995,Wheat,SI,CT,CI,Yes
14.75,664.799987792969,6.00199997425079,8.01500034332275,18.5100002288818,1,3748.537895833334,190.5551041844419,Wheat,SI,CT,CI,Yes
15.2833337783813,722.800048828125,5.7530003786087,8.03899955749512,16.4400005340576,1,3772.0605890425,205.445265,Wheat,SI,CT,CI,Yes
14.1583337783813,611.700012207031,6.73500001430511,7.90999984741211,18.7199993133545,1,3639.3792430862495,198.53283,Wheat,SI,CT,CI,Yes
15.9333333969116,630.799987792969,4.22800004482269,8.27099990844727,7.53000020980835,1,3802.6796387537493,185.62848,Wheat,SI,CT,CI,Yes
15.1500005722046,636.5,6.10399961471558,7.76599979400635,21.5400009155273,1,3538.3294274012496,210.63057,Wheat,SI,CT,CI,Yes
14.9499998092651,602.600036621094,4.97400015592575,8.16199970245361,11.5200004577637,1,3983.1502493012495,266.09259,Wheat,SI,CT,CI,Yes
15.125,650.900024414062,7.94700026512146,7.99599981307983,33.1599998474121,1,3620.7130134587496,274.52718,Wheat,SI,CT,CI,Yes
15.125,650.900024414062,6.05800032615662,7.1710000038147,17.9677410125732,1,3629.2393368324992,293.799525,Wheat,SI,CT,CI,Yes
15.1500005722046,636.5,6.8149995803833,7.99700021743774,24.0,1,3574.448955504999,206.73183,Wheat,SI,CT,CI,Yes
15.9916667938232,683.0,6.0860002040863,8.00300025939941,18.5100002288818,1,3315.0383983037495,123.13059,Wheat,SI,CT,CI,Yes
16.2416667938232,848.700012207031,7.79100000858307,6.68800020217896,13.7700004577637,1,3575.5175573575,202.818225,Wheat,SI,CT,CI,Yes
15.3083333969116,805.599975585938,5.87499976158142,7.05499982833862,11.4899997711182,1,3297.5199401875,202.42737,Wheat,SI,CT,CI,Yes
15.966667175293,781.799987792969,6.48299992084503,7.90999984741211,20.25,1,3774.7473625637504,156.56955,Wheat,SI,CT,CI,Yes
16.1499996185303,802.0,8.42199981212616,6.94899988174438,26.8899993896484,1,3881.6604687499994,190.5551041844419,Wheat,SI,CT,CI,Yes
16.1499996185303,802.0,8.32800030708313,6.94099998474121,33.1100006103516,1,3807.9362499999993,190.5551041844419,Wheat,SI,CT,CI,Yes
16.2250003814697,947.700012207031,10.1889991760254,6.25399971008301,27.6100006103516,1,3836.9835844524996,176.962275,Wheat,SI,CT,CI,Yes
16.2416667938232,848.700012207031,7.83200025558472,7.79199981689453,27.6200008392334,1,3387.5148996737494,144.999555,Wheat,SI,CT,CI,Yes
14.1750001907349,696.200012207031,4.26800012588501,8.14599990844727,14.1999998092651,1,2669.9097481149997,158.1204,Wheat,SI,CT,CI,Yes
12.4416666030884,791.900024414062,5.817000269889831,7.90399980545044,20.2299995422363,1,2517.3700040537497,161.460825,Wheat,SI,CT,CI,Yes
14.1750001907349,696.200012207031,4.89100009202957,8.10700035095215,16.0699996948242,1,2316.8216249999996,190.5551041844419,Wheat,SI,CT,CI,Yes
14.2250003814697,680.0,4.34500008821487,8.13999938964844,13.9499998092651,1,3145.308773125,189.055515,Wheat,SI,CT,CI,Yes
15.5583333969116,851.5,9.9700003862381,5.86600017547607,20.4888896942139,1,2594.0506306899993,136.368465,Wheat,SI,CT,CI,Yes
16.0249996185303,904.5,10.2300000190735,5.93800020217896,30.6200008392334,1,3104.4616497624997,152.281335,Wheat,SI,CT,CI,Yes
15.5416669845581,788.400024414062,9.65099990367889,6.33599996566772,39.5800018310547,1,2741.1239787024997,155.538675,Wheat,SI,CT,CI,Yes
15.5583333969116,851.5,10.0059998035431,6.51000022888184,40.9199981689453,1,3245.455241365,165.555345,Wheat,SI,CT,CI,Yes
15.6750001907349,829.5,10.8000004291534,6.27500009536743,26.1399993896484,1,2858.2279589912496,148.205205,Wheat,SI,CT,CI,Yes
15.5416669845581,788.400024414062,9.787000417709349,6.08800029754639,34.0,1,3389.3241529149996,178.20609,Wheat,SI,CT,CI,Yes
16.1083335876465,848.900024414062,12.2459995746613,7.13399982452393,34.1199989318848,1,3233.5577245975,157.549935,Wheat,SI,CT,CI,Yes
16.7416667938232,859.600036621094,9.61399972438812,6.39400005340576,20.5100002288818,1,2975.6152027149997,148.93332,Wheat,SI,CT,CI,Yes
17.0083332061768,834.799987792969,9.69500005245209,7.10500001907349,41.6300010681152,1,3262.37360657875,153.2958,Wheat,SI,CT,CI,Yes
16.1833324432373,996.5,10.0209999084473,6.74500036239624,37.3300018310547,1,2766.610041804999,147.85155,Wheat,SI,CT,CI,Yes
17.0083332061768,834.799987792969,10.0839996337891,7.47200012207031,51.3199996948242,1,3196.68963800125,184.48542,Wheat,SI,CT,CI,Yes
15.9583339691162,816.400024414062,6.3709998130798295,8.16199970245361,22.5599994659424,1,3718.339166666665,190.5551041844419,Wheat,SI,CT,CI,Yes
15.7833337783813,727.900024414062,6.25299990177155,7.92700004577637,15.3999996185303,1,3441.76229560375,233.55741,Wheat,SI,CT,CI,Yes
15.875,732.0,6.72100007534027,8.0600004196167,24.3199996948242,1,3608.127136363637,190.5551041844419,Wheat,SI,CT,CI,Yes
15.875,732.0,5.00599980354309,8.14000034332275,11.7700004577637,1,3805.8561770049996,236.837535,Wheat,SI,CT,CI,Yes
15.875,732.0,6.7059999704361,8.0930004119873,24.4300003051758,1,3818.70213433375,234.910815,Wheat,SI,CT,CI,Yes
15.9583339691162,816.400024414062,6.033999919891359,8.12899971008301,19.5100002288818,1,3696.8160502412497,271.485105,Wheat,SI,CT,CI,Yes
15.966667175293,857.0,7.00500011444092,8.07499980926514,26.6000003814697,1,3854.44955866,227.513685,Wheat,SI,CT,CI,Yes
16.3250007629395,893.0,7.60399997234344,7.98299980163574,30.7399997711182,1,3809.8661808437496,233.317905,Wheat,SI,CT,CI,Yes
17.125,1084.30004882812,11.139999628067,7.57999992370605,20.8999996185303,1,2421.4375,168.9,Wheat,SI,CT,CI,Yes
17.125,1084.30004882812,10.332000255584699,7.10100030899048,18.7399997711182,1,2503.02043234,148.263765,Wheat,SI,CT,CI,Yes
16.7999992370605,1204.0,9.67599987983704,6.56500005722046,21.4899997711182,1,2003.7475,105.6,Wheat,SI,CT,CI,Yes
16.6000003814697,1255.19995117188,10.036000013351401,4.46999979019165,20.8552627563477,1,2192.288125,90.7125,Wheat,SI,CT,CI,Yes
17.0666675567627,1103.5,10.57000041008,7.55800008773804,19.5100002288818,1,2569.004662015,162.625725,Wheat,SI,CT,CI,Yes
17.0416660308838,1094.19995117188,10.1259994506836,7.43400001525879,18.4500007629395,1,2746.92544334875,187.62402,Wheat,SI,CT,CI,Yes
17.0416660308838,1094.19995117188,8.60000014305115,6.42600011825562,20.9400005340576,1,3116.9605879187498,134.31651,Wheat,SI,CT,CI,Yes
17.125,1084.30004882812,13.137999773025498,5.78299999237061,29.0699996948242,1,3167.0956865687494,159.2268,Wheat,SI,CT,CI,Yes
15.9916667938232,683.0,6.05400025844574,7.73000001907349,16.3799991607666,1,3348.8773796162495,192.71742,Wheat,SI,CT,CI,Yes
16.1333332061768,809.300048828125,7.035000324249269,8.00599956512451,26.1700000762939,1,3552.252154742499,211.552095,Wheat,SI,CT,CI,Yes
16.1333332061768,809.300048828125,5.497999787330629,8.16300010681152,15.7700004577637,1,4135.731240249999,193.66218,Wheat,SI,CT,CI,Yes
16.5750007629395,912.600036621094,8.59300017356873,7.94500017166138,38.4599990844727,1,3665.2039251512497,230.58798,Wheat,SI,CT,CI,Yes
16.2749996185303,854.400024414062,8.20500016212463,7.46099996566772,36.6199989318848,1,3204.6246666666666,190.5551041844419,Wheat,SI,CT,CI,Yes
15.9500007629395,749.900024414062,7.81300008296967,8.0,32.2099990844727,1,3548.3351391399992,186.91056,Wheat,SI,CT,CI,Yes
16.2749996185303,854.400024414062,7.77600049972534,8.0,31.9200000762939,1,3536.0949947462495,219.887025,Wheat,SI,CT,CI,Yes
16.4583339691162,913.400024414062,8.01400005817413,7.98699998855591,33.189998626709,1,3790.99816053625,225.702645,Wheat,SI,CT,CI,Yes
16.4416675567627,938.700012207031,10.621999502182,6.86999988555908,45.5900001525879,1,3866.9252047974996,181.855365,Wheat,SI,CT,CI,Yes
16.6833343505859,1000.80004882812,10.5280005931854,7.24399995803833,43.310001373291,1,3481.6795366037495,188.2962,Wheat,SI,CT,CI,Yes
16.6916675567627,1028.0,10.7439994812012,5.23799991607666,29.8400001525879,1,3405.6444904712494,164.472645,Wheat,SI,CT,CI,Yes
16.6916675567627,1028.0,10.105999708175698,6.26300001144409,34.9799995422363,1,3212.2003763125,177.51387,Wheat,SI,CT,CI,Yes
16.375,942.599975585938,9.30399954319,6.45199966430664,19.6399993896484,1,3878.4437491075,212.884605,Wheat,SI,CT,CI,Yes
16.4416675567627,938.700012207031,11.138999462127702,6.34800004959106,26.4899997711182,1,3158.8856299412496,142.273215,Wheat,SI,CT,CI,Yes
16.4416675567627,938.700012207031,8.13400030136108,6.94700002670288,30.0200004577637,1,3439.3818628899994,148.60908,Wheat,SI,CT,CI,Yes
16.6833343505859,1000.80004882812,9.613000154495241,6.29800033569336,33.6500015258789,1,3280.8929775625,180.143085,Wheat,SI,CT,CI,Yes
14.1583337783813,611.700012207031,6.36600017547607,7.31599998474121,15.2200002670288,1,3371.1575675462495,196.524345,Wheat,SI,CT,CI,Yes
17.9416675567627,1278.80004882812,10.119999647140501,7.60500001907349,19.3500003814697,1,2645.057359374999,162.53235131787622,Wheat,SI,CT,CI,Yes
18.0166664123535,1401.20007324219,7.16000020503998,6.87400007247925,16.1299991607666,1,2553.250642857142,162.53235131787622,Wheat,SI,CT,CI,Yes
18.2000007629395,1532.60009765625,8.19100022315979,5.13199996948242,25.2000007629395,1,1605.0542457524996,109.62621,Wheat,SI,CT,CI,Yes
15.0166664123535,851.100036621094,5.8429998159408605,6.55999994277954,15.6400003433228,1,2389.6734314812497,98.44245,Wheat,SI,CT,CI,Yes
15.4750003814697,912.5,8.85500013828278,6.53600025177002,13.9799995422363,1,1842.5701843949998,130.31376,Wheat,SI,CT,CI,Yes
14.5083332061768,929.0,11.0450005531311,7.1870002746582,28.6700000762939,1,2574.5400431287494,207.54069,Wheat,SI,CT,CI,Yes
16.9750003814697,843.600036621094,9.860000014305111,5.90100002288818,44.4130439758301,1,2095.4094881775,135.749505,Wheat,SI,CT,CI,Yes
14.8166666030884,1229.59997558594,11.66100025177,6.38000011444092,31.4899997711182,1,2018.8644220274998,110.373615,Wheat,SI,CT,CI,Yes
17.6666660308838,1049.5,8.226000070571901,7.4539999961853,17.7000007629395,1,2756.4829715287497,143.04624,Wheat,SI,CT,CI,Yes
18.0750007629395,1117.40002441406,8.3160001039505,6.59400033950806,20.25,1,1961.6833430249997,145.905525,Wheat,SI,CT,CI,Yes
17.2833347320557,858.299987792969,9.77400004863739,6.9060001373291,32.0400009155273,1,1810.4749857142842,162.53235131787622,Wheat,SI,CT,CI,Yes
15.6916666030884,959.299987792969,13.0330002307892,6.84200000762939,23.0799999237061,1,2158.4691749999997,156.0,Wheat,SI,CT,CI,Yes
16.8500003814697,872.100036621094,6.65800034999847,6.90999984741211,17.9680843353271,1,2029.4758586625,133.28256,Wheat,SI,CT,CI,Yes
13.9333333969116,1041.59997558594,11.5020000934601,6.48400020599365,45.0099983215332,1,1730.3144283899996,154.890135,Wheat,SI,CT,CI,Yes
16.8500003814697,872.100036621094,10.0619995594025,7.20499992370605,28.4699993133545,1,2745.501720825,209.070105,Wheat,SI,CT,CI,Yes
17.0249996185303,884.700012207031,6.99200034141541,6.45800018310547,17.6105270385742,1,2865.247727745,186.44376,Wheat,SI,CT,CI,Yes
17.466667175293,885.100036621094,8.023999929428099,6.27200031280518,18.5238094329834,1,2727.225,153.0,Wheat,SI,CT,CI,Yes
17.7083339691162,1060.0,5.947999954223629,6.33800029754639,12.1477270126343,1,2451.71716132875,150.97758,Wheat,SI,CT,CI,Yes
17.1499996185303,993.900024414062,9.775999784469601,7.31599998474121,21.0,1,2632.87329946875,186.000975,Wheat,SI,CT,CI,Yes
17.3166675567627,1223.70007324219,12.5150001049042,6.23899984359741,20.4799995422363,1,1832.00415,148.2,Wheat,SI,CT,CI,Yes
16.7749996185303,1181.5,8.78899991512299,6.55399990081787,21.6200008392334,1,2386.1625,148.269225,Wheat,SI,CT,CI,Yes
17.5,1098.30004882812,10.637999773025498,7.4850001335144,24.1299991607666,1,2623.1334889799996,153.162075,Wheat,SI,CT,CI,Yes
17.8250007629395,1158.70007324219,8.79200041294098,7.66700029373169,26.0,1,2888.0242839487496,113.793015,Wheat,SI,CT,CI,Yes
17.5,1098.30004882812,10.5739998817444,7.6100001335144,21.6900005340576,1,2074.20829966125,164.52036,Wheat,SI,CT,CI,Yes
17.8250007629395,1158.70007324219,8.02200019359589,7.88600015640259,18.8700008392334,1,3545.774999999999,375.0,Wheat,SI,CT,CI,Yes
17.9250011444092,1100.20007324219,10.0040006637573,7.25600004196167,21.0833339691162,1,2539.553173076921,162.53235131787622,Wheat,SI,CT,CI,Yes
18.4250011444092,1296.70007324219,5.45000016689301,5.15799999237061,19.7014923095703,1,1902.57925132875,118.70739,Wheat,SI,CT,CI,Yes
18.2000007629395,1532.60009765625,5.32700002193451,6.18200016021729,18.5769233703613,1,2293.0296999999996,162.53235131787622,Wheat,SI,CT,CI,Yes
18.0166664123535,1401.20007324219,4.81800019741058,6.05800008773804,18.0657901763916,1,1929.9914062499995,157.8375,Wheat,SI,CT,CI,Yes
17.5083332061768,1279.0,8.47200036048889,6.70800018310547,21.625,1,2516.88652435125,132.059115,Wheat,SI,CT,CI,Yes
17.3333339691162,1605.30004882812,8.578000068664549,6.90299987792969,21.6900005340576,1,3296.33786968875,114.752475,Wheat,SI,CT,CI,Yes
16.3333339691162,1683.80004882812,8.46400022506714,6.86399984359741,21.7199993133545,1,1830.6489040499996,107.059665,Wheat,SI,CT,CI,Yes
16.3250007629395,1450.70007324219,9.42499995231628,7.05600023269653,21.0300006866455,1,1786.9429724999993,140.88999,Wheat,SI,CT,CI,Yes
18.2666664123535,1412.80004882812,7.0630002021789595,4.25999975204468,25.6666660308838,1,2323.3291217887495,185.10951,Wheat,SI,CT,CI,Yes
16.8000011444092,1120.70007324219,8.49700033664703,7.2790002822876,16.8099994659424,1,2030.0595666675003,132.04167,Wheat,SI,CT,CI,Yes
17.1000003814697,1021.0,12.0640003681183,6.85500001907349,22.7700004577637,1,2795.4375,136.5,Wheat,SI,CT,CI,Yes
17.9249992370605,1148.80004882812,8.26800048351288,7.96400022506714,28.9799995422363,1,2054.0343504674993,149.31114,Wheat,SI,CT,CI,Yes
17.7333335876465,1088.40002441406,9.15600001811981,7.71400022506714,19.9285717010498,1,1908.6749999999995,150.0,Wheat,SI,CT,CI,Yes
24.4833335876465,1630.70007324219,11.7339992523193,5.50099992752075,24.9699993133545,1,1984.2140277777771,151.26872246696036,Wheat,SI,CT,CI,Yes
24.6916675567627,1812.40002441406,8.12900006771088,4.96700000762939,21.987340927124,1,2033.2259722222218,151.26872246696036,Wheat,SI,CT,CI,Yes
24.2416667938232,1846.69995117188,10.5140006542206,5.57399988174438,27.8899993896484,1,2041.8084761904736,151.26872246696036,Wheat,SI,CT,CI,Yes
24.2416667938232,1846.69995117188,11.2590003013611,6.59500026702881,26.4300003051758,1,2004.8221428571421,151.26872246696036,Wheat,SI,CT,CI,Yes
23.2916679382324,1892.0,13.368999958038298,5.41300010681152,28.2600002288818,1,2255.8559545454564,151.26872246696036,Wheat,SI,CT,CI,Yes
19.4916667938232,1235.5,16.5600001811981,5.21600008010864,45.3600006103516,1,1105.333861111109,80.04567892023873,Wheat,SI,CT,CI,Yes
20.2333335876465,1387.70007324219,11.928000450134299,6.53299999237061,43.7000007629395,1,1210.4821666666678,80.04567892023873,Wheat,SI,CT,CI,Yes
18.125,1194.70007324219,8.75800013542175,7.93200016021729,21.0,1,1741.630166666668,146.34803505664513,Wheat,SI,CT,CI,Yes
17.8083343505859,1154.40002441406,10.557000637054399,7.28000020980835,20.7800006866455,1,1574.4337499999997,94.725,Wheat,SI,CT,CI,Yes
15.4416666030884,1387.19995117188,7.54400014877319,6.40899991989136,20.8470592498779,1,1623.3862459874997,91.08402,Wheat,SI,CT,CI,Yes
15.625,1228.90002441406,11.5110003948212,5.46099996566772,29.5699996948242,1,2459.9583194444454,146.34803505664513,Wheat,SI,CT,CI,Yes
17.2999992370605,1044.70007324219,11.2000000476837,7.80000019073486,21.0,1,1972.0368333333315,129.02292541104467,Wheat,SI,CT,CI,Yes
17.3666667938232,1143.40002441406,11.2000000476837,7.80000019073486,21.0,1,2171.8615625,129.02292541104467,Wheat,SI,CT,CI,Yes
17.2999992370605,1044.70007324219,9.56000030040741,7.59299993515015,24.9699993133545,1,2790.2743935562494,142.25895,Wheat,SI,CT,CI,Yes
17.2999992370605,1044.70007324219,11.2000000476837,7.80000019073486,21.0,1,2504.3879411549997,93.76575,Wheat,SI,CT,CI,Yes
17.3666667938232,1143.40002441406,11.1450004577637,7.62400007247925,21.2199993133545,1,2434.285866228749,108.69336,Wheat,SI,CT,CI,Yes
18.4583339691162,1477.70007324219,13.4020006656647,5.8439998626709,20.4599990844727,1,1727.8382600699997,96.161865,Wheat,SI,CT,CI,Yes
18.3583335876465,1326.59997558594,12.093000411987301,6.29300022125244,20.6100006103516,1,1933.7139738337498,115.07133,Wheat,SI,CT,CI,Yes
18.283332824707,871.100036621094,11.1779999732971,5.88000011444092,34.7099990844727,1,2473.57194155625,207.102855,Wheat,SI,CT,CI,Yes
18.7916679382324,1138.5,11.9959998130798,6.27400016784668,21.4799995422363,1,2351.0068211512494,122.06922,Wheat,SI,CT,CI,Yes
17.033332824707,1144.09997558594,12.8639996051788,5.02099990844727,21.7099990844727,1,2010.9937499999999,96.62499,Wheat,SI,CT,CI,Yes
15.7750005722046,1153.5,9.62599992752075,6.89499998092651,21.1100006103516,1,2113.3125,181.5,Wheat,SI,CT,CI,Yes
17.3666667938232,1005.10003662109,9.91599977016449,6.94299983978271,21.2099990844727,1,2772.0711853424996,143.48301,Wheat,SI,CT,CI,Yes
16.7749996185303,970.799987792969,11.2000000476837,7.80000019073486,21.0,1,2784.8230824787493,121.452705,Wheat,SI,CT,CI,Yes
17.5666675567627,1053.40002441406,8.921999931335451,7.43200016021729,20.7800006866455,1,2554.3974853275,106.28217,Wheat,SI,CT,CI,Yes
17.5666675567627,1053.40002441406,6.7519998550414995,8.06599998474121,17.7000007629395,1,2151.3953886824997,127.36914,Wheat,SI,CT,CI,Yes
17.2416667938232,1006.5,8.49699974060059,7.38800001144409,20.75,1,2467.1751301949994,136.936785,Wheat,SI,CT,CI,Yes
14.1666669845581,844.700012207031,12.365000247955301,5.50600004196167,21.9400005340576,1,2052.6791659087494,175.441665,Wheat,SI,CT,CI,Yes
15.716667175293,944.100036621094,10.592000484466599,7.74399995803833,21.0,1,2606.09395873125,148.29276,Wheat,SI,CT,CI,Yes
14.3583335876465,1063.69995117188,11.7930006980896,6.60799980163574,20.5400009155273,1,2448.966512729999,130.205955,Wheat,SI,CT,CI,Yes
13.1000003814697,779.100036621094,10.7200002670288,5.60400009155273,16.3999996185303,1,2028.046875,115.736895,Wheat,SI,CT,CI,Yes
16.4916667938232,1081.0,8.424999713897709,7.94999980926514,21.0,1,2202.8174977687495,147.738315,Wheat,SI,CT,CI,Yes
18.0833339691162,1134.80004882812,8.38800013065338,7.9520001411438,21.0,1,2536.1810984587496,114.55833,Wheat,SI,CT,CI,Yes
17.8000011444092,1112.59997558594,7.64800012111664,7.99200010299683,21.0,1,2514.9435799649996,137.81796,Wheat,SI,CT,CI,Yes
18.1083335876465,1302.30004882812,13.147000074386598,6.20700025558472,20.4099998474121,1,1571.9397304687495,93.21093,Wheat,SI,CT,CI,Yes
18.1083335876465,1302.30004882812,13.806999921798699,5.66699981689453,20.2099990844727,1,1911.0468031949997,141.33921,Wheat,SI,CT,CI,Yes
15.3583335876465,1274.90002441406,12.628999948501601,5.71000003814697,21.0499992370605,1,2360.645972222222,129.02292541104467,Wheat,SI,CT,CI,Yes
17.9500007629395,1164.20007324219,8.98400008678436,7.47100019454956,20.6700000762939,1,2217.1795373249997,130.5273,Wheat,SI,CT,CI,Yes
17.6166667938232,1236.80004882812,9.44599986076355,7.56699991226196,20.8700008392334,1,2006.66807477625,107.75853,Wheat,SI,CT,CI,Yes
17.9500007629395,1164.20007324219,8.12900006771088,7.96600008010864,21.0,1,1886.7431191837497,119.703795,Wheat,SI,CT,CI,Yes
17.9500007629395,1164.20007324219,7.8329998254776,7.94000005722046,20.6399993896484,1,2498.2284956512494,153.264585,Wheat,SI,CT,CI,Yes
17.6750011444092,1102.70007324219,8.46199989318848,7.94799995422363,21.0,1,2148.5897744512495,144.363405,Wheat,SI,CT,CI,Yes
16.6000003814697,1165.30004882812,8.03099989891052,7.96400022506714,20.7299995422363,1,2283.6937302487495,130.610595,Wheat,SI,CT,CI,Yes
17.5583324432373,1447.20007324219,9.26700055599213,5.47700023651123,26.0941181182861,1,2160.6519749999993,129.02292541104467,Wheat,SI,CT,CI,Yes
17.091667175293,1283.90002441406,6.46899998188019,5.67700004577637,20.8533325195312,1,2171.227156691249,105.046905,Wheat,SI,CT,CI,Yes
17.5583324432373,1447.20007324219,17.6289999485016,6.38500022888184,14.6700000762939,1,1898.9303532449997,128.1,Wheat,SI,CT,CI,Yes
17.4583339691162,1686.0,10.568000078201301,6.62100028991699,24.8099994659424,1,2088.073875,129.02292541104467,Wheat,SI,CT,CI,Yes
18.7666664123535,1273.59997558594,10.915000438690202,6.2519998550415,20.5531921386719,1,2252.40915625,129.02292541104467,Wheat,SI,CT,CI,Yes
17.783332824707,1227.0,13.806999921798699,5.66699981689453,20.2099990844727,1,2228.5461499999997,129.02292541104467,Wheat,SI,CT,CI,Yes
18.1750011444092,1097.5,12.210000753402701,6.80399990081787,20.6565647125244,1,1693.6973444774999,145.12737,Wheat,SI,CT,CI,Yes
18.6166667938232,1088.09997558594,13.6090004444122,5.8289999961853,20.2700004577637,1,1853.2074667462496,80.64699,Wheat,SI,CT,CI,Yes
17.783332824707,1227.0,13.0659997463226,5.73299980163574,20.8799991607666,1,1652.88230642625,107.7552,Wheat,SI,CT,CI,Yes
17.783332824707,1227.0,13.452000617981,5.54099988937378,28.2700004577637,1,1433.286344055,110.664225,Wheat,SI,CT,CI,Yes
16.9750003814697,1326.40002441406,10.9080004692078,6.90799999237061,20.6399993896484,1,1782.7442270962495,132.00768,Wheat,SI,CT,CI,Yes
17.6499996185303,1296.0,14.0710008144379,5.45099973678589,20.1299991607666,1,1369.7962499999996,83.25,Wheat,SI,CT,CI,Yes
18.125,1230.90002441406,13.3120000362396,6.07200002670288,20.3600006103516,1,1879.0614844574995,95.641875,Wheat,SI,CT,CI,Yes
11.8250007629395,1085.0,8.30399990081787,7.70599985122681,20.9799995422363,1,1946.3001487012496,124.22619,Wheat,SI,CT,CI,Yes
11.8250007629395,1085.0,13.429000377655,5.43599987030029,20.7700004577637,1,2665.0379374999998,129.02292541104467,Wheat,SI,CT,CI,Yes
11.8250007629395,1085.0,16.1570012569427,7.13000011444092,20.1100006103516,1,1649.4674999999997,123.075,Wheat,SI,CT,CI,Yes
16.3916664123535,1299.0,8.610000014305111,7.94000005722046,21.0,1,2443.4916546974996,133.605615,Wheat,SI,CT,CI,Yes
17.9166679382324,1217.0,13.510000705719001,5.59600019454956,21.7399997711182,1,2051.087541666668,129.02292541104467,Wheat,SI,CT,CI,Yes
18.0666675567627,1044.70007324219,8.53600025177002,7.94400024414062,21.0,1,1551.02445464625,117.020445,Wheat,SI,CT,CI,Yes
18.0666675567627,1044.70007324219,8.57299983501434,7.94199991226196,21.0,1,1606.5360122475,111.585585,Wheat,SI,CT,CI,Yes
17.9166679382324,1217.0,8.424999713897709,7.94999980926514,21.0,1,2223.4437094799996,117.543975,Wheat,SI,CT,CI,Yes
6.36666679382324,774.700012207031,8.765000104904171,7.34499979019165,21.3299999237061,1,2079.9666516393436,129.02292541104467,Wheat,SI,CT,CI,Yes
1.77500009536743,745.200012207031,12.1280002593994,7.40000009536743,20.9200000762939,1,2653.3653318181823,129.02292541104467,Wheat,SI,CT,CI,Yes
6.75833368301392,685.900024414062,6.643999814987181,7.76000022888184,21.1599998474121,1,2065.8748947368435,129.02292541104467,Wheat,SI,CT,CI,Yes
3.90833330154419,704.0,6.94999992847443,7.25,21.5,1,2307.1496829525,169.74999,Wheat,SI,CT,CI,Yes
3.90833330154419,704.0,6.91100001335144,7.70499992370605,20.8899993896484,1,1686.4262671462498,63.962715,Wheat,SI,CT,CI,Yes
1.00833332538605,690.799987792969,8.69400024414062,6.6269998550415,19.0300006866455,1,1806.3562499999996,48.975,Wheat,SI,CT,CI,Yes
3.09166669845581,667.700012207031,7.89900004863739,6.76399993896484,20.9599990844727,1,2070.789084905662,129.02292541104467,Wheat,SI,CT,CI,Yes
-0.133333370089531,669.900024414062,16.401000022888198,6.80900001525879,20.9899997711182,1,941.5537741935459,129.02292541104467,Wheat,SI,CT,CI,Yes
2.34166669845581,609.5,24.2109990119934,7.04699993133545,21.0900001525879,1,1351.909416666668,129.02292541104467,Wheat,SI,CT,CI,Yes
3.55833339691162,715.600036621094,6.40599966049194,7.94600009918213,21.1800003051758,1,2283.84375,120.75,Wheat,SI,CT,CI,Yes
1.45000004768372,903.400024414062,9.00799989700317,6.30800008773804,18.1599998474121,1,1422.6609375,144.0375,Wheat,SI,CT,CI,Yes
3.74166679382324,745.800048828125,6.67199969291687,7.29199981689453,21.7600002288818,1,1647.0901930693053,129.02292541104467,Wheat,SI,CT,CI,Yes
2.60833334922791,710.200012207031,16.6799998283386,6.65199995040894,20.9599990844727,1,1304.3122499999997,38.75,Wheat,SI,CT,CI,Yes
2.65833330154419,683.599975585938,20.1920008659363,6.92799997329712,20.7600002288818,1,1510.7687454524996,38.84999,Wheat,SI,CT,CI,Yes
1.08333325386047,660.700012207031,16.8519997596741,6.65399980545044,20.9400005340576,1,1097.1880158227846,129.02292541104467,Wheat,SI,CT,CI,Yes
3.05833339691162,679.400024414062,12.914999723434399,6.44999980926514,19.3799991607666,1,1489.1681249999997,79.999995,Wheat,SI,CT,CI,Yes
-1.98333334922791,638.299987792969,13.8749992847443,5.84999990463257,11.2200002670288,1,1002.2292910447726,129.02292541104467,Wheat,SI,CT,CI,Yes
3.35833334922791,607.700012207031,12.2380006313324,6.61700010299683,21.0900001525879,1,906.8780738095214,129.02292541104467,Wheat,SI,CT,CI,Yes
-0.908333301544189,591.900024414062,14.8199999332428,5.96999979019165,10.8000001907349,1,2237.0044999999996,129.02292541104467,Wheat,SI,CT,CI,Yes
0.0583333969116211,660.0,25.9240007400513,7.13199996948242,19.3199996948242,1,2237.0044999999996,129.02292541104467,Wheat,SI,CT,CI,Yes
1.81666684150696,716.400024414062,25.2859997749329,6.97800016403198,16.2199993133545,1,868.8115179640694,129.02292541104467,Wheat,SI,CT,CI,Yes
3.24166679382324,610.700012207031,9.966999888420101,7.19199991226196,20.8999996185303,1,2120.8916659087495,69.0,Wheat,SI,CT,CI,Yes
4.84166669845581,737.600036621094,8.36499989032745,7.07399988174438,25.2099990844727,1,2410.036875,129.375,Wheat,SI,CT,CI,Yes
2.04999995231628,753.100036621094,29.632999897003202,7.46400022506714,20.0,1,1022.4117364130402,129.02292541104467,Wheat,SI,CT,CI,Yes
6.61666679382324,606.0,8.42400014400482,7.13899993896484,29.9500007629395,1,1556.3953333333316,129.02292541104467,Wheat,SI,CT,CI,Yes
14.5083341598511,1019.5,11.318000555038502,5.80600023269653,20.7272720336914,1,3442.1198375212493,237.663255,Wheat,SI,CT,CI,Yes
11.125,949.100036621094,6.94100022315979,7.2649998664856,21.4899997711182,1,2030.7865550287502,129.06393,Wheat,SI,CT,CI,Yes
17.2999992370605,1044.70007324219,11.2000000476837,7.80000019073486,21.0,1,2255.2234903125,147.27684,Wheat,SI,CT,CI,Yes
14.8000001907349,941.400024414062,12.483999729156501,6.5460000038147,45.0400009155273,1,2680.636421842499,210.104505,Wheat,SI,CT,CI,Yes
14.3833332061768,831.100036621094,13.7960004806519,6.04199981689453,32.7999992370605,1,2554.3601594474994,168.144465,Wheat,SI,CT,CI,Yes
14.3833332061768,831.100036621094,11.6349995136261,6.06300020217896,35.060001373291,1,2034.4569127649997,154.77339,Wheat,SI,CT,CI,Yes
10.3916664123535,1021.30004882812,9.45900022983551,6.0939998626709,21.4200000762939,1,3034.3052727272734,129.02292541104467,Wheat,SI,CT,CI,Yes
13.0333337783813,863.200012207031,11.2800002098083,6.58099985122681,37.5499992370605,1,2687.3469220274997,147.553845,Wheat,SI,CT,CI,Yes
9.49166679382324,983.600036621094,10.571000576019301,6.4210000038147,20.9699993133545,1,1635.825,103.5,Wheat,SI,CT,CI,Yes
9.49166679382324,983.600036621094,10.1400005817413,6.61399984359741,34.1599998474121,1,1694.292853245,128.142855,Wheat,SI,CT,CI,Yes
11.0,928.599975585938,11.136000156402599,5.84000015258789,20.9400005340576,1,3042.3061166666685,129.02292541104467,Wheat,SI,CT,CI,Yes
15.9166669845581,1151.80004882812,15.146000385284399,6.65199995040894,35.9000015258789,1,1908.6749999999995,310.5,Wheat,SI,CT,CI,Yes
17.9500007629395,1158.80004882812,11.396000385284399,5.97700023651123,30.1399993896484,1,1192.8732361111092,132.00198888399524,Wheat,SI,CT,CI,Yes
16.75,1231.5,12.28600025177,6.2810001373291,45.0200004577637,1,1644.91999772625,122.58999,Wheat,SI,CT,CI,Yes
13.4750003814697,1088.30004882812,10.110000371933,4.87099981307983,22.4777774810791,1,1784.2099249999999,132.00198888399524,Wheat,SI,CT,CI,Yes
15.4083337783813,1199.30004882812,13.7999999523163,5.64699983596802,27.78125,1,1281.52124638875,74.73528,Wheat,SI,CT,CI,Yes
14.3250007629395,1166.20007324219,10.820000171661398,4.48400020599365,23.411111831665,1,1655.74305,132.00198888399524,Wheat,SI,CT,CI,Yes
14.0000009536743,1118.0,11.068000793457,5.70000028610229,33.9300003051758,1,1873.6087222222227,132.00198888399524,Wheat,SI,CT,CI,Yes
13.5583333969116,974.799987792969,12.4599993228912,5.10400009155273,21.8500003814697,1,1126.0748292375,75.952695,Wheat,SI,CT,CI,Yes
15.7583332061768,1231.09997558594,8.99200022220612,4.44300031661987,40.9135818481445,1,1766.5656204524994,210.84999,Wheat,SI,CT,CI,Yes
15.7583332061768,1231.09997558594,13.0379998683929,6.37800025939941,29.5306129455566,1,1398.301894736844,132.00198888399524,Wheat,SI,CT,CI,Yes
16.5583343505859,903.0,10.2310001850128,7.26999998092651,22.1900005340576,1,1715.3494062499997,148.2234831675949,Wheat,SI,CT,CI,Yes
15.7583341598511,891.200012207031,11.8299996852875,7.27400016784668,35.3535346984863,1,1652.878125,102.0,Wheat,SI,CT,CI,Yes
15.7750005722046,922.600036621094,11.5209996700287,6.34600019454956,26.0400009155273,1,2039.9323847099995,118.663635,Wheat,SI,CT,CI,Yes
14.4333333969116,1104.40002441406,14.4660007953644,5.41799974441528,20.6200008392334,1,1640.30977586207,148.2234831675949,Wheat,SI,CT,CI,Yes
16.8500003814697,845.299987792969,11.6600000858307,6.2039999961853,21.6800003051758,1,1737.8320256962497,225.0129,Wheat,SI,CT,CI,Yes
13.7083330154419,819.100036621094,12.0169997215271,5.96700000762939,28.4099998474121,1,1922.8771923076927,148.2234831675949,Wheat,SI,CT,CI,Yes
13.5583333969116,974.799987792969,10.8469998836517,5.35699987411499,30.9099998474121,1,1635.825,67.5,Wheat,SI,CT,CI,Yes
14.1916666030884,918.5,13.760000467300399,5.03999996185303,24.6000003814697,1,1762.0863374999997,148.2234831675949,Wheat,SI,CT,CI,Yes
13.1333341598511,1006.5,8.06800007820129,6.62599992752075,21.8999996185303,1,2056.241375,148.2234831675949,Wheat,SI,CT,CI,Yes
16.9416675567627,888.700012207031,12.487000226974502,5.28000020980835,23.8199996948242,1,1992.0817525199998,139.750935,Wheat,SI,CT,CI,Yes
18.9416675567627,852.700012207031,11.8939995765686,5.40500020980835,30.4799995422363,1,1501.9920749999997,148.2234831675949,Wheat,SI,CT,CI,Yes
18.9166679382324,1130.80004882812,18.6860001087189,5.92199993133545,36.6199989318848,1,1429.3011296296288,148.2234831675949,Wheat,SI,CT,CI,Yes
17.9583339691162,958.100036621094,14.0629994869232,5.46600008010864,36.4947357177734,1,1203.8124954524997,138.0,Wheat,SI,CT,CI,Yes
18.0750007629395,884.100036621094,25.9990000724792,4.97399997711182,47.6699981689453,1,1499.3999999999999,77.87142,Wheat,SI,CT,CI,Yes
12.1583337783813,1171.59997558594,12.1360003948212,6.7960000038147,21.0900001525879,1,1828.4275503449996,99.77388,Wheat,SI,CT,CI,Yes
6.42500019073486,680.799987792969,14.882999658584598,6.68599987030029,19.3400001525879,1,2569.0647826424993,86.717745,Wheat,SI,CT,CI,Yes
13.9000005722046,701.400024414062,10.4209995269775,7.83400011062622,20.7000007629395,1,2702.0968749999984,185.2162581625129,Wheat,SI,CT,CI,Yes
15.0,630.700012207031,10.8560001850128,7.81400012969971,20.9099998474121,1,2680.056538461539,185.2162581625129,Wheat,SI,CT,CI,Yes
13.9000005722046,701.400024414062,10.901999473571799,7.81599998474121,19.1800003051758,1,3064.5602499999995,186.8355,Wheat,SI,CT,CI,Yes
14.6000003814697,670.800048828125,9.5770001411438,7.86600017547607,17.8400001525879,1,2977.0422323125,136.598835,Wheat,SI,CT,CI,Yes
13.216667175293,623.900024414062,8.871999979019169,7.71600008010864,19.5,1,2746.7218749999997,185.2162581625129,Wheat,SI,CT,CI,Yes
11.6666669845581,657.200012207031,7.12399959564209,7.8439998626709,24.2399997711182,1,2614.9654009749993,276.13572,Wheat,SI,CT,CI,Yes
11.4416666030884,787.400024414062,8.64499986171722,7.57800006866455,16.375,1,2530.075,185.2162581625129,Wheat,SI,CT,CI,Yes
15.0,630.700012207031,5.71200013160706,3.97800016403198,21.0,1,3219.7033171749995,252.31677,Wheat,SI,CT,CI,Yes
13.1916666030884,729.299987792969,8.62899959087372,7.90199995040894,17.5400009155273,1,3292.7905928874998,229.36761,Wheat,SI,CT,CI,Yes
13.1916666030884,729.299987792969,9.562999606132509,7.87400007247925,18.6200008392334,1,3342.6679082124997,294.014415,Wheat,SI,CT,CI,Yes
13.1916666030884,729.299987792969,8.01599979400635,7.88500022888184,17.7399997711182,1,3671.096872449999,153.85416,Wheat,SI,CT,CI,Yes
10.4000005722046,662.5,5.76799988746643,7.81400012969971,15.5,1,2297.96509495,152.64597,Wheat,SI,CT,CI,Yes
11.6666669845581,675.299987792969,6.15199983119965,8.02400016784668,18.6599998474121,1,2692.518109825,159.4005,Wheat,SI,CT,CI,Yes
11.2750005722046,696.799987792969,7.12399959564209,7.8439998626709,24.2399997711182,1,2298.5703610375,193.81293,Wheat,SI,CT,CI,Yes
10.6999998092651,850.800048828125,7.091000080108641,7.67700004577637,20.2900009155273,1,2224.8142821625,86.921415,Wheat,SI,CT,CI,Yes
11.4416666030884,787.400024414062,8.844999670982359,6.21000003814697,19.6499996185303,1,2152.4125,248.25,Wheat,SI,CT,CI,Yes
13.216667175293,623.900024414062,11.344000101089499,7.74399995803833,16.4400005340576,1,3569.1676317624992,206.8197,Wheat,SI,CT,CI,Yes
13.216667175293,623.900024414062,11.3580000400543,7.80200004577637,16.0699996948242,1,3363.6333127,177.099675,Wheat,SI,CT,CI,Yes
12.3000001907349,661.0,10.134999752044699,7.84800004959106,19.5300006866455,1,3131.5804063374994,152.968785,Wheat,SI,CT,CI,Yes
14.6000003814697,670.800048828125,11.0599994659424,7.81599998474121,14.3199996948242,1,2228.76272065,161.029515,Wheat,SI,CT,CI,Yes
12.3000001907349,661.0,6.49999976158142,8.0,21.0,1,2420.0296386249997,152.84067,Wheat,SI,CT,CI,Yes
11.4250001907349,594.900024414062,6.67499959468842,7.92000007629395,20.8999996185303,1,2402.164165224999,183.096525,Wheat,SI,CT,CI,Yes
13.216667175293,623.900024414062,9.33499991893768,6.7039999961853,19.3799991607666,1,2237.2827876625,185.50713,Wheat,SI,CT,CI,Yes
14.6000003814697,670.800048828125,9.81700003147125,7.77500009536743,19.2700004577637,1,3545.9478372999993,220.91994,Wheat,SI,CT,CI,Yes
14.6000003814697,670.800048828125,10.9899997711182,7.79800033569336,14.8900003433228,1,3276.0048194499996,193.549395,Wheat,SI,CT,CI,Yes
14.6916666030884,707.5,10.678000450134299,7.82200002670288,20.9699993133545,1,2428.139503074999,137.460615,Wheat,SI,CT,CI,Yes
14.8500003814697,668.0,10.828000307083101,7.36600017547607,20.3799991607666,1,3334.06428025,298.91904,Wheat,SI,CT,CI,Yes
14.8500003814697,668.0,9.22500014305115,7.82600021362305,20.9200000762939,1,2541.7083182124998,174.252795,Wheat,SI,CT,CI,Yes
14.6750001907349,612.700012207031,7.9930001497268695,7.98000001907349,17.7000007629395,1,3484.0959693249993,222.61626,Wheat,SI,CT,CI,Yes
13.6166667938232,672.400024414062,5.01500010490417,6.23999977111816,20.5769233703613,1,2448.096042774999,167.084415,Wheat,SI,CT,CI,Yes
14.6916666030884,707.5,8.518000245094301,7.83799982070923,17.7999992370605,1,2984.8127006874997,214.516935,Wheat,SI,CT,CI,Yes
11.5333337783813,598.5,5.87599992752075,8.07800006866455,17.1000003814697,1,2385.3885471625,179.806305,Wheat,SI,CT,CI,Yes
13.3500003814697,954.100036621094,12.244000434875499,6.46799993515015,19.1399993896484,1,2689.7006071749997,159.17886,Wheat,SI,CT,CI,Yes
13.3583335876465,967.700012207031,10.3030002117157,7.23000001907349,17.7600002288818,1,2421.428096875,154.70346,Wheat,SI,CT,CI,Yes
13.3000001907349,927.0,8.28400015830994,7.00799989700317,17.3099994659424,1,2667.724995325,152.055555,Wheat,SI,CT,CI,Yes
13.5,974.100036621094,9.08399999141693,6.78399991989136,21.8099994659424,1,1964.6469143499999,199.034235,Wheat,SI,CT,CI,Yes
14.0,843.100036621094,9.70400035381317,6.25399971008301,21.6000003814697,1,2340.7623926499996,140.731965,Wheat,SI,CT,CI,Yes
10.8500003814697,480.600006103516,6.01999998092651,8.0600004196167,18.0,1,1472.8023275862051,185.2162581625129,Wheat,SI,CT,CI,Yes
14.6999998092651,905.599975585938,8.91400039196014,6.38800001144409,32.8899993896484,1,2905.2817857142836,185.2162581625129,Wheat,SI,CT,CI,Yes
15.0,630.700012207031,5.71200013160706,3.97800016403198,21.0,1,1903.0519199874998,117.0,Wheat,SI,CT,CI,Yes
15.0166664123535,851.100036621094,9.09000039100647,6.125,23.1599998474121,1,2160.7340609874996,183.229005,Wheat,SI,CT,CI,Yes
11.6750001907349,875.299987792969,3.9450001716613796,8.09000015258789,10.4899997711182,1,2464.880227272726,185.2162581625129,Wheat,SI,CT,CI,Yes
11.3083333969116,882.900024414062,6.20599985122681,7.89599990844727,19.6800003051758,1,1777.3763888874998,97.21935,Wheat,SI,CT,CI,Yes
12.4166669845581,844.700012207031,9.28099989891052,6.84999990463257,20.9500007629395,1,2060.6124999999997,82.425,Wheat,SI,CT,CI,Yes
11.6750001907349,875.299987792969,9.00600016117096,6.94700002670288,27.3700008392334,1,2334.819868825,124.92387,Wheat,SI,CT,CI,Yes
12.6500005722046,913.600036621094,10.8039999008179,6.5,40.5,1,2447.4618941124995,155.09838,Wheat,SI,CT,CI,Yes
10.6666669845581,908.700012207031,8.24999988079071,6.64900016784668,18.3600006103516,1,2322.9868201375007,129.00405,Wheat,SI,CT,CI,Yes
4.95833349227905,282.600006103516,8.09800028800964,7.94100046157837,21.0,1,2368.2714560500003,239.527755,Wheat,SI,CT,CI,Yes
8.5,275.100006103516,4.90900009870529,8.09899997711182,20.1800003051758,1,3043.6191495625,299.68509,Wheat,SI,CT,CI,Yes
6.14166688919067,379.399993896484,9.33499991893768,6.7039999961853,19.3799991607666,1,2061.2396489125,90.70575,Wheat,SI,CT,CI,Yes
2.82500004768372,218.699996948242,6.1760002374649,7.39300012588501,27.3799991607666,1,2869.6,206.25,Wheat,SI,CT,CI,Yes
8.47500038146973,184.600006103516,8.755999803543089,7.33099985122681,16.5300006866455,1,1658.02050175,90.66573,Wheat,SI,CT,CI,Yes
7.17500019073486,398.900024414062,7.79500007629395,7.40799999237061,20.2600002288818,1,1621.7221793125002,64.25385,Wheat,SI,CT,CI,Yes
8.74166679382324,150.600006103516,10.6840002536774,8.16399955749512,19.6000003814697,1,2333.3549990125002,105.60336,Wheat,SI,CT,CI,Yes
10.625,546.700012207031,7.58899986743927,7.71399974822998,26.6100006103516,1,2329.3121551724144,141.90596537627385,Wheat,SI,CT,CI,Yes
10.625,546.700012207031,5.87599992752075,8.02700042724609,18.6200008392334,1,2751.3357812499994,141.90596537627385,Wheat,SI,CT,CI,Yes
9.30833339691162,624.799987792969,7.330000400543209,7.35799980163574,17.5799999237061,1,1920.1393711749995,142.692495,Wheat,SI,CT,CI,Yes
10.625,546.700012207031,6.5950000286102295,7.94500017166138,21.7800006866455,1,1930.0313949249996,144.933195,Wheat,SI,CT,CI,Yes
9.38333320617676,520.200012207031,6.3949996232986495,8.0,20.3700008392334,1,2484.3684890874997,125.69097,Wheat,SI,CT,CI,Yes
7.64166688919067,522.099975585938,5.43500006198883,7.80499982833862,21.3700008392334,1,2256.3345580374994,161.01639,Wheat,SI,CT,CI,Yes
9.30833339691162,624.799987792969,8.14400017261505,6.92199993133545,16.9699993133545,1,2090.0411759874996,151.63992,Wheat,SI,CT,CI,Yes
7.10000038146973,151.300003051758,10.784000158309901,7.81599998474121,20.7600002288818,1,3761.2075000000004,141.90596537627385,Wheat,SI,CT,CI,Yes
9.75833320617676,79.4000015258789,9.613000154495241,7.48699998855591,20.5499992370605,1,3558.1,168.0,Wheat,SI,CT,CI,Yes
1.05833327770233,370.600006103516,7.936000227928161,7.98400020599365,22.1499996185303,1,2916.1448433625,159.513975,Wheat,SI,CT,CI,Yes
4.95833349227905,282.600006103516,13.121999502182,7.65700006484985,23.5499992370605,1,1871.3187943374999,92.290065,Wheat,SI,CT,CI,Yes
2.69166684150696,132.5,5.96700012683868,7.89699983596802,18.4400005340576,1,2870.8431249999994,141.90596537627385,Wheat,SI,CT,CI,Yes
-1.45000004768372,226.699996948242,7.69600033760071,7.87400007247925,21.5599994659424,1,1764.175,141.90596537627385,Wheat,SI,CT,CI,Yes
-1.16666674613953,237.900009155273,15.507000684738198,6.99100017547607,7.53000020980835,1,3091.4437250874994,164.89179,Wheat,SI,CT,CI,Yes
8.36666679382324,100.600006103516,12.388000488281198,6.50600004196167,19.3600006103516,1,2414.424996175,226.2,Wheat,SI,CT,CI,Yes
5.10000038146973,143.600006103516,9.32000041007996,7.24000024795532,19.2688179016113,1,4758.220758325,373.62429,Wheat,SI,CT,CI,Yes
4.55833339691162,129.0,16.8860006332397,6.83800029754639,13.5600004196167,1,2753.9465330874996,121.92216,Wheat,SI,CT,CI,Yes
9.125,482.200012207031,6.98000013828278,7.66100025177002,18.2700004577637,1,2200.097500000001,141.90596537627385,Wheat,SI,CT,CI,Yes
10.9499998092651,583.600036621094,7.23499953746796,7.66400003433228,20.5799999237061,1,2193.353223025,162.854715,Wheat,SI,CT,CI,Yes
11.4250001907349,594.900024414062,7.54999995231628,7.51999998092651,20.3999996185303,1,1818.7659565375,134.736015,Wheat,SI,CT,CI,Yes
10.9499998092651,583.600036621094,6.01999998092651,8.0600004196167,18.0,1,2066.1154050999994,153.149385,Wheat,SI,CT,CI,Yes
7.17500019073486,569.200012207031,7.41500020027161,7.51999998092651,19.5900001525879,1,2297.3782921375,107.10267,Wheat,SI,CT,CI,Yes
7.80000019073486,438.400024414062,6.29499971866608,8.0,19.7700004577637,1,2183.6987145625,86.416485,Wheat,SI,CT,CI,Yes
9.10833358764648,81.6000061035156,13.9030003547668,7.55000019073486,25.3700008392334,1,3746.8091071428553,141.90596537627385,Wheat,SI,CT,CI,Yes
9.10833358764648,81.6000061035156,5.98600029945374,7.56699991226196,20.3199996948242,1,3595.1730742749996,366.041535,Wheat,SI,CT,CI,Yes
9.05833339691162,31.8000011444092,8.70800018310547,7.78500032424927,18.1299991607666,1,2557.7987499999986,141.90596537627385,Wheat,SI,CT,CI,Yes
8.85833358764648,57.0,14.1470003128052,6.66300010681152,18.0900001525879,1,3079.3777453749994,222.71871,Wheat,SI,CT,CI,Yes
10.7583332061768,27.1000003814697,10.0269997119904,7.61299991607666,21.5100002288818,1,2882.6814999999997,141.90596537627385,Wheat,SI,CT,CI,Yes
10.6999998092651,526.700012207031,6.49999976158142,8.0,21.0,1,1939.09225,141.90596537627385,Wheat,SI,CT,CI,Yes
10.3166666030884,444.100006103516,7.75999963283539,7.42400026321411,20.2800006866455,1,1447.7838539125,96.869775,Wheat,SI,CT,CI,Yes
9.26666641235352,362.0,7.82999992370605,7.39200019836426,20.2399997711182,1,1556.222873575,159.333465,Wheat,SI,CT,CI,Yes
10.3166666030884,444.100006103516,7.598999738693239,6.96399974822998,16.1399993896484,1,1465.2397386624998,128.82417,Wheat,SI,CT,CI,Yes
10.3833332061768,560.599975585938,6.30500018596649,8.0,19.8299999237061,1,1844.6633389749998,152.297565,Wheat,SI,CT,CI,Yes
10.9833335876465,614.5,7.129999995231629,7.71199989318848,20.6399993896484,1,2981.6454515124997,171.75,Wheat,SI,CT,CI,Yes
10.6999998092651,526.700012207031,6.30500018596649,8.0,19.8299999237061,1,2318.75866705,160.6212,Wheat,SI,CT,CI,Yes
10.2250003814697,497.399993896484,6.884999871253969,7.82399988174438,20.7800006866455,1,2241.022805725,150.28308,Wheat,SI,CT,CI,Yes
7.16666650772095,370.100006103516,6.99000000953674,7.77600002288818,20.7199993133545,1,1684.2657608695654,141.90596537627385,Wheat,SI,CT,CI,Yes
7.94166660308838,475.899993896484,7.96999990940094,7.32800006866455,20.1599998474121,1,1468.2286606,85.504875,Wheat,SI,CT,CI,Yes
6.61666679382324,456.0,7.29499995708466,7.55200004577637,19.3299999237061,1,1800.2213696874999,117.982725,Wheat,SI,CT,CI,Yes
6.30833339691162,468.100006103516,8.179000020027159,7.34700012207031,24.1499996185303,1,1794.6274448875,75.55623,Wheat,SI,CT,CI,Yes
5.54166698455811,469.399993896484,8.610000014305111,7.00799989700317,19.3999996185303,1,2341.5275227000006,125.615505,Wheat,SI,CT,CI,Yes
3.71666669845581,560.0,8.122000098228451,8.0,15.460000038147,1,2113.2381638874995,76.511205,Wheat,SI,CT,CI,Yes
5.07500028610229,609.600036621094,15.8700001239777,7.5460000038147,21.5799999237061,1,2313.277484125,109.55409,Wheat,SI,CT,CI,Yes
9.84166717529297,663.100036621094,6.92399978637695,7.94600009918213,21.2000007629395,1,1966.4154999999987,141.90596537627385,Wheat,SI,CT,CI,Yes
12.6500005722046,620.0,4.86399978399277,7.85299968719482,18.7299995422363,1,2476.449184225,171.922365,Wheat,SI,CT,CI,Yes
11.466667175293,736.299987792969,6.935999989509581,7.40899991989136,21.5799999237061,1,2238.475,278.749995,Wheat,SI,CT,CI,Yes
5.07500028610229,609.600036621094,6.905999779701229,7.80999994277954,21.3799991607666,1,1773.227500000001,141.90596537627385,Wheat,SI,CT,CI,Yes
13.1583337783813,708.0,7.20600008964539,6.77099990844727,21.5900001525879,1,2250.8964407874996,103.7982,Wheat,SI,CT,CI,Yes
9.71666717529297,573.400024414062,8.27600002288818,6.91599988937378,21.4699993133545,1,2935.4749972375,105.84258,Wheat,SI,CT,CI,Yes
9.71666717529297,573.400024414062,7.23399996757507,7.57100009918213,20.0400009155273,1,1995.1838343625,159.792405,Wheat,SI,CT,CI,Yes
12.3916673660278,713.299987792969,6.21999979019165,8.02200031280518,19.1399993896484,1,2465.806879075,130.512075,Wheat,SI,CT,CI,Yes
12.3916673660278,713.299987792969,6.38000011444092,8.0,20.2800006866455,1,2204.2468708375,138.0,Wheat,SI,CT,CI,Yes
7.45000028610229,404.300018310547,8.140000104904171,7.26399993896484,20.0799999237061,1,2618.188154725,106.408875,Wheat,SI,CT,CI,Yes
5.54166698455811,469.399993896484,8.6599999666214,7.4060001373291,20.6399993896484,1,2658.7694692749997,130.791675,Wheat,SI,CT,CI,Yes
7.45000028610229,404.300018310547,8.68299961090088,6.36800003051758,19.9347820281982,1,2618.5873298125002,173.283555,Wheat,SI,CT,CI,Yes
2.70833325386047,496.700012207031,6.99000000953674,7.77600002288818,20.7199993133545,1,2838.54578125,94.241865,Wheat,SI,CT,CI,Yes
7.45000028610229,404.300018310547,10.728000402450599,6.91200017929077,20.8400001525879,1,2046.573445675,140.378355,Wheat,SI,CT,CI,Yes
4.20000028610229,417.100006103516,10.4359996318817,6.42000007629395,19.1599998474121,1,2253.7201628875,101.95347,Wheat,SI,CT,CI,Yes
2.72499990463257,542.0,19.048999547958402,6.79200029373169,20.0,1,1975.5968011375003,160.70142,Wheat,SI,CT,CI,Yes
3.23333334922791,546.299987792969,15.019999742507899,7.59600019454956,14.6599998474121,1,2320.6281224125005,46.955145,Wheat,SI,CT,CI,Yes
6.00833320617676,681.600036621094,7.09800004959106,7.44099998474121,21.5799999237061,1,1334.3018567124996,69.10134,Wheat,SI,CT,CI,Yes
2.35000014305115,589.200012207031,10.2289998531342,6.95700025558472,21.25,1,1840.4454999999996,141.90596537627385,Wheat,SI,CT,CI,Yes
1.79999995231628,496.800018310547,27.558000087738,7.49900007247925,19.75,1,1236.8987499999998,141.90596537627385,Wheat,SI,CT,CI,Yes
4.0,337.300018310547,11.5160000324249,6.53999996185303,20.2999992370605,1,2741.6898560874997,129.036705,Wheat,SI,CT,CI,Yes
0.550000071525574,389.700012207031,19.559999704361,7.78499984741211,17.3400001525879,1,2685.7392019374997,118.063635,Wheat,SI,CT,CI,Yes
5.91666698455811,345.600006103516,12.5979995727539,7.59899997711182,16.2700004577637,1,2501.3765504874996,108.391215,Wheat,SI,CT,CI,Yes
4.0,337.300018310547,12.512999773025498,7.32500028610229,21.5599994659424,1,2539.302555775,107.678175,Wheat,SI,CT,CI,Yes
3.45833349227905,389.800018310547,16.050000190734902,7.125,21.9400005340576,1,2355.7684222749995,98.94741,Wheat,SI,CT,CI,Yes
3.95000004768372,407.800018310547,11.159999370575001,8.04199981689453,19.4799995422363,1,3337.7542214124996,178.985445,Wheat,SI,CT,CI,Yes
-0.349999964237213,378.5,12.4940001964569,6.80000019073486,20.8899993896484,1,2482.31875,67.3875,Wheat,SI,CT,CI,Yes
-2.75000023841858,261.0,15.1769995689392,6.36600017547607,16.6499996185303,1,2294.0765903875,104.065905,Wheat,SI,CT,CI,Yes
0.550000071525574,389.700012207031,13.554999828338602,7.27699995040894,21.9099998474121,1,1239.0024999999998,125.05395067452915,Wheat,SI,CT,CI,Yes
1.08333337306976,398.200012207031,13.0120003223419,7.62200021743774,23.2999992370605,1,3043.8414948999994,170.419995,Wheat,SI,CT,CI,Yes
-0.883333444595337,367.700012207031,15.5839991569519,7.33200025558472,21.6800003051758,1,3084.75625,121.59375,Wheat,SI,CT,CI,Yes
2.53333330154419,374.600006103516,5.53200006484985,5.95599985122681,7.55999994277954,1,2522.4396703375,109.460865,Wheat,SI,CT,CI,Yes
2.65000009536743,84.5,5.15999972820282,7.95599985122681,12.8400001525879,1,3620.4401406999996,183.822105,Wheat,SI,CT,CI,Yes
4.39166688919067,130.800003051758,5.1690000295639,8.09099960327148,18.2900009155273,1,2753.3097279624994,144.04026,Wheat,SI,CT,CI,Yes
2.54999995231628,205.200012207031,9.82400000095367,7.65499973297119,22.0499992370605,1,3492.7366328499993,137.929605,Wheat,SI,CT,CI,Yes
1.76666676998138,233.300003051758,5.9049999713897705,8.31799983978271,9.39000034332275,1,3219.13453585,209.09604,Wheat,SI,CT,CI,Yes
10.5749998092651,161.800003051758,6.93000018596649,6.66700029373169,19.2588233947754,1,2702.8647673375,244.601805,Wheat,SI,CT,CI,Yes
9.76666641235352,142.5,11.2000000476837,7.80000019073486,21.0,1,5328.323659074999,525.308025,Wheat,SI,CT,CI,Yes
10.5749998092651,161.800003051758,5.72300016880035,6.57299995422363,10.6000003814697,1,4413.343615149999,479.64516,Wheat,SI,CT,CI,Yes
9.98333358764648,148.800003051758,10.8850002288818,7.79500007629395,21.5499992370605,1,3654.8283633250003,314.85576,Wheat,SI,CT,CI,Yes
10.3083333969116,225.300003051758,11.2000000476837,7.80000019073486,21.0,1,2818.047499999999,261.2303030283113,Wheat,SI,CT,CI,Yes
9.15833377838135,244.199996948242,4.61800009012222,7.06300020217896,9.84000015258789,1,1263.1,54.0,Wheat,SI,CT,CI,Yes
7.97500038146973,251.900009155273,7.38399982452393,7.33599996566772,19.1499996185303,1,3472.0375,367.125,Wheat,SI,CT,CI,Yes
10.5749998092651,161.800003051758,10.5280005931854,7.33200025558472,21.0,1,5424.3790365999985,533.72433,Wheat,SI,CT,CI,Yes
8.42500019073486,379.300018310547,7.37499952316284,7.59999990463257,20.5,1,2105.251666666665,261.2303030283113,Wheat,SI,CT,CI,Yes
7.80000019073486,438.400024414062,7.4099999666214,7.58400011062622,20.4799995422363,1,2171.2940903875,168.731805,Wheat,SI,CT,CI,Yes
6.59999990463257,498.399993896484,9.76499974727631,7.68200016021729,22.2299995422363,1,2213.60039005,130.894935,Wheat,SI,CT,CI,Yes
6.59999990463257,498.399993896484,15.292999744415301,6.86199998855591,22.6800003051758,1,1955.1859375,131.30625,Wheat,SI,CT,CI,Yes
9.125,482.200012207031,7.89999961853027,7.3600001335144,20.2000007629395,1,1712.1521216874999,125.85,Wheat,SI,CT,CI,Yes
10.375,157.0,10.164999961853,7.63500022888184,21.4500007629395,1,2731.0154687499994,261.2303030283113,Wheat,SI,CT,CI,Yes
10.0666666030884,193.800003051758,10.4760003089905,7.51900005340576,12.960000038147,1,4387.631450687501,369.096765,Wheat,SI,CT,CI,Yes
7.97500038146973,251.900009155273,7.66299962997437,7.57800006866455,20.5400009155273,1,1386.3499972374998,75.649995,Wheat,SI,CT,CI,Yes
0.591666579246521,195.800003051758,12.078000307083101,7.45000028610229,19.6200008392334,1,2566.1745156999996,152.58807,Wheat,SI,CT,CI,Yes
4.08333349227905,119.5,25.9680008888245,6.64100027084351,42.189998626709,1,3022.4723999124994,162.66855,Wheat,SI,CT,CI,Yes
11.1333332061768,192.800003051758,10.1370000839233,7.73699998855591,18.1700000762939,1,3094.3772629375,182.328795,Wheat,SI,CT,CI,Yes
10.5166664123535,202.400009155273,9.82299983501434,8.05300045013428,21.2999992370605,1,2969.2198911999994,126.89466,Wheat,SI,CT,CI,Yes
11.1666669845581,171.300003051758,12.929000854492202,7.15700006484985,14.6199998855591,1,2942.628076923078,201.24864772584652,Wheat,SI,CT,CI,Yes
10.5333337783813,154.100006103516,7.1320003271102905,7.87400007247925,19.4899997711182,1,3082.8736328125,275.88984,Wheat,SI,CT,CI,Yes
8.04166698455811,143.300003051758,7.88100004196167,7.28800010681152,23.3500003814697,1,3165.8709824499992,175.463745,Wheat,SI,CT,CI,Yes
9.01666736602783,174.600006103516,10.7959997653961,7.0620002746582,21.2000007629395,1,2894.9449300374995,172.249995,Wheat,SI,CT,CI,Yes
5.5,131.0,11.5109992027283,7.91300010681152,19.1700000762939,1,2210.1078188875,117.683865,Wheat,SI,CT,CI,Yes
9.51666641235352,154.600006103516,8.7610000371933,7.84700012207031,22.4899997711182,1,2947.5343730875,184.898745,Wheat,SI,CT,CI,Yes
10.3333330154419,101.699996948242,13.0980002880096,7.76700019836426,23.1200008392334,1,3500.725,75.9,Wheat,SI,CT,CI,Yes
2.63333344459534,411.0,13.173999786377,7.59200000762939,21.0,1,3193.8596147874996,209.458365,Wheat,SI,CT,CI,Yes
11.8833332061768,66.4000015258789,5.04799962043762,7.90000009536743,22.0,1,2829.2249944749997,358.727775,Wheat,SI,CT,CI,Yes
12.1416664123535,80.9000015258789,6.92300021648407,7.83500003814697,15.789999961853,1,2514.0799090749997,260.58213,Wheat,SI,CT,CI,Yes
13.1166667938232,43.5999984741211,5.87100028991699,7.71700000762939,10.7600002288818,1,2532.5409999999997,201.24864772584652,Wheat,SI,CT,CI,Yes
11.2583341598511,26.2999992370605,17.1920001506805,6.49399995803833,13.4899997711182,1,3130.1573342124993,184.399995,Wheat,SI,CT,CI,Yes
10.5583333969116,108.700004577637,5.83000004291534,7.89900016784668,17.7800006866455,1,3433.0602068499998,267.198585,Wheat,SI,CT,CI,Yes
11.2666664123535,98.2000045776367,7.70900011062622,7.77899980545044,23.5100002288818,1,3059.9315792499992,306.97755,Wheat,SI,CT,CI,Yes
10.5583333969116,108.700004577637,5.62999963760376,7.74700021743774,20.6399993896484,1,3443.35,194.79999,Wheat,SI,CT,CI,Yes
11.3000001907349,70.5999984741211,8.50800037384033,7.12599992752075,19.8999996185303,1,3058.3335477999995,256.30263,Wheat,SI,CT,CI,Yes
11.4083337783813,99.7000045776367,6.66899979114532,7.4850001335144,20.8999996185303,1,3316.9627033375,309.314475,Wheat,SI,CT,CI,Yes
11.4083337783813,99.7000045776367,6.42799973487854,7.66800022125244,18.7800006866455,1,3049.6692285625,306.16794,Wheat,SI,CT,CI,Yes
13.4833335876465,62.8000030517578,9.65300023555756,7.7519998550415,25.3500003814697,1,2933.633333333334,201.24864772584652,Wheat,SI,CT,CI,Yes
11.6750001907349,111.200004577637,16.9130003452301,6.70100021362305,10.7700004577637,1,3073.7930981125,328.40373,Wheat,SI,CT,CI,Yes
9.72500038146973,187.800003051758,11.603000164032,7.39800024032593,13.8900003433228,1,3149.7519983124994,269.785365,Wheat,SI,CT,CI,Yes
8.96666717529297,203.300003051758,16.8790006637573,6.78299999237061,16.4300003051758,1,3090.7165428625,253.760115,Wheat,SI,CT,CI,Yes
12.4916667938232,49.6000022888184,6.8920004367828405,7.42399978637695,19.0799999237061,1,3284.2060937499996,351.445305,Wheat,SI,CT,CI,Yes
8.31666660308838,157.400009155273,9.43000018596649,7.54699993133545,18.3099994659424,1,3535.15,297.499995,Wheat,SI,CT,CI,Yes
10.9000005722046,132.5,14.8280000686646,6.9040002822876,12.2200002670288,1,3180.5512769875,402.50739,Wheat,SI,CT,CI,Yes
11.875,112.300003051758,6.01999998092651,7.69000005722046,26.6000003814697,1,3283.0677852249996,299.115375,Wheat,SI,CT,CI,Yes
13.1999998092651,98.0,24.1530013084412,5.9040002822876,4.42999982833862,1,3192.3559939,267.63165,Wheat,SI,CT,CI,Yes
11.875,112.300003051758,21.1080002784729,5.97599983215332,8.72000026702881,1,3037.968303025,306.604635,Wheat,SI,CT,CI,Yes
13.1999998092651,98.0,14.782999753952,6.92500019073486,20.5900001525879,1,3147.9442382875,344.784855,Wheat,SI,CT,CI,Yes
11.3916664123535,86.3000030517578,16.177000999450698,6.78800010681152,14.4899997711182,1,3289.3591031499996,261.00687,Wheat,SI,CT,CI,Yes
12.8000001907349,51.7000007629395,19.5390009880066,6.41599988937378,8.13000011444092,1,3047.2074968124994,330.676665,Wheat,SI,CT,CI,Yes
12.8000001907349,51.7000007629395,15.0139999389648,6.88000011444092,10.7200002670288,1,3191.6823827124995,199.022715,Wheat,SI,CT,CI,Yes
13.375,56.3000030517578,11.5289998054504,7.5770001411438,26.0100002288818,1,3246.9975915249993,252.588105,Wheat,SI,CT,CI,Yes
13.1833333969116,88.0,7.110999822616581,7.75600004196167,22.2099990844727,1,3312.3634659625,383.34432,Wheat,SI,CT,CI,Yes
13.1833333969116,88.0,8.25399994850159,7.7810001373291,22.3600006103516,1,2978.1614349624992,194.073105,Wheat,SI,CT,CI,Yes
13.4333333969116,56.5,8.36099982261658,7.8270001411438,16.2700004577637,1,3028.0484007624996,321.82209,Wheat,SI,CT,CI,Yes
14.0583333969116,42.2000007629395,19.080001115799,6.12200021743774,11.1800003051758,1,2875.4448543624994,242.558415,Wheat,SI,CT,CI,Yes
14.0583333969116,42.2000007629395,19.080001115799,6.12200021743774,11.1800003051758,1,2826.7453674624994,200.7165,Wheat,SI,CT,CI,Yes
14.0583333969116,42.2000007629395,23.522000312805197,5.97300004959106,4.73999977111816,1,2757.3621701125,183.46281,Wheat,SI,CT,CI,Yes
13.5083332061768,49.7000007629395,16.7599999904633,6.1710000038147,14.8100004196167,1,3045.1675,274.26468,Wheat,SI,CT,CI,Yes
9.84166717529297,314.800018310547,9.37099993228912,7.82200002670288,21.5200004577637,1,2673.185741275,114.582885,Wheat,SI,CT,CI,Yes
8.55833339691162,355.600006103516,10.794999599456801,8.14000034332275,19.75,1,3199.8114333624994,153.804255,Wheat,SI,CT,CI,Yes
6.24166679382324,286.700012207031,9.02499973773956,7.83400011062622,18.7000007629395,1,3772.737142857144,201.24864772584652,Wheat,SI,CT,CI,Yes
2.54999995231628,256.0,4.53999996185303,8.24300003051758,6.76000022888184,1,3252.2901082374997,135.596415,Wheat,SI,CT,CI,Yes
2.95000004768372,490.400024414062,20.3719997406006,6.86399984359741,22.8799991607666,1,2759.6763046749998,65.47356,Wheat,SI,CT,CI,Yes
5.47499990463257,385.100006103516,5.82799971103668,8.22800064086914,8.88000011444092,1,2954.2524347875,141.510165,Wheat,SI,CT,CI,Yes
5.85000038146973,241.5,8.85999977588654,7.76000022888184,14.8999996185303,1,2979.3166920624994,95.614365,Wheat,SI,CT,CI,Yes
7.77500009536743,279.0,5.75199961662292,8.09400081634521,25.7299995422363,1,2739.9605678499997,169.299825,Wheat,SI,CT,CI,Yes
7.06666660308838,189.700012207031,5.74100017547607,7.94099998474121,18.8999996185303,1,2921.2579140249995,245.00337,Wheat,SI,CT,CI,Yes
5.67500019073486,243.100006103516,6.95699989795685,7.83500003814697,18.3299999237061,1,2587.836664975,126.3858,Wheat,SI,CT,CI,Yes
16.9833335876465,1599.20007324219,9.82400000095367,4.30700016021729,22.5499992370605,1,3062.6525484625,175.986975,Wheat,SI,CT,CI,Yes
3.17499995231628,232.199996948242,8.98599982261658,8.09899997711182,24.4599990844727,1,2584.7799200499994,158.55531,Wheat,SI,CT,CI,Yes
7.56666660308838,246.0,10.872999429702801,8.18900012969971,19.7700004577637,1,2370.7434980874996,137.33133,Wheat,SI,CT,CI,Yes
4.47500038146973,156.100006103516,7.07099974155426,8.00699996948242,22.8999996185303,1,1950.0221874999997,145.45125,Wheat,SI,CT,CI,Yes
4.30833339691162,259.399993896484,7.10500001907349,8.06900024414062,18.5599994659424,1,2463.2728376124996,124.467285,Wheat,SI,CT,CI,Yes
6.52500009536743,205.800003051758,6.53899967670441,7.78000020980835,22.8999996185303,1,1917.2099815374997,123.97317,Wheat,SI,CT,CI,Yes
3.89166688919067,250.400009155273,8.18700015544891,8.06400012969971,24.3799991607666,1,2713.75515625,151.88109,Wheat,SI,CT,CI,Yes
7.73333358764648,157.199996948242,10.635000467300399,7.67000007629395,19.8600006103516,1,2942.7792019375,213.995445,Wheat,SI,CT,CI,Yes
4.85000038146973,331.5,5.57399988174438,7.20100021362305,21.3500003814697,1,2544.2398523874995,235.796715,Wheat,SI,CT,CI,Yes
2.42500019073486,230.800003051758,13.284000158309901,7.67700004577637,21.8500003814697,1,2841.5153219124995,171.027375,Wheat,SI,CT,CI,Yes
