MAT,MAP,SOC,pH,Clay,Duration,C_input,N_input,Planting_system,Return,Tillage,Irrigation,Topdressing
13.4083337783813,496.899993896484,5.9039998054504395,7.706999779,16.4699993133545,1,6197.54108403646,398.5058965372258,Wheat_maize,SI,CT,CI,Yes
13.9750003814697,517.0,6.1410003900528,7.295000076,13.7700004577637,1,7059.744991795697,477.12759139784896,Wheat_maize,SI,CT,CI,Yes
13.0833330154419,460.0,6.37799978256226,6.992000103,13.4099998474121,1,6282.43119,415.8586666666665,Wheat_maize,SI,CT,CI,Yes
13.4083337783813,496.899993896484,5.96200048923492,8.005999565,17.7600002288818,1,6438.077258196721,419.4923044496482,Wheat_maize,SI,CT,CI,Yes
13.0833330154419,460.0,4.98299986124039,7.545000076,13.7741937637329,1,5967.572134945397,399.9435444617785,Wheat_maize,SI,CT,CI,Yes
11.6916666030884,517.599975585938,6.416000127792359,7.1300001139999996,17.0,1,6648.13375,539.8320000000001,Wheat_maize,SI,CT,CI,Yes
13.9416666030884,542.0,6.50799989700317,7.159999847,20.9599990844727,1,6864.794045401068,441.22223875482086,Wheat_maize,SI,CT,CI,Yes
13.9499998092651,506.200012207031,4.32500004768372,8.149999619,14.25,1,6356.237221513349,361.0443125242718,Wheat_maize,SI,CT,CI,Yes
14.8000001907349,523.200012207031,6.122999787330629,7.454999924,15.7272729873657,1,6831.756187757747,453.06203048659614,Wheat_maize,SI,CT,CI,Yes
14.8000001907349,523.200012207031,6.29999995231628,6.5,9.0,1,7023.610934944255,418.1231080057804,Wheat_maize,SI,CT,CI,Yes
13.9499998092651,506.200012207031,5.2009999752044695,5.929999828,14.5243902206421,1,6731.960189300307,390.34388522830994,Wheat_maize,SI,CT,CI,Yes
15.1666669845581,544.400024414062,6.31999969482422,6.650000095,10.1999998092651,1,7090.634491232055,366.0063891958067,Wheat_maize,SI,CT,CI,Yes
14.7333335876465,538.600036621094,6.28499984741211,6.574999809,9.44999980926514,1,7088.75609173804,404.39381621028735,Wheat_maize,SI,CT,CI,Yes
13.1000003814697,567.200012207031,4.99799996614456,7.876999855,14.3800001144409,1,6446.527393559064,386.2338065263024,Wheat_maize,SI,CT,CI,Yes
14.8000001907349,523.200012207031,6.80599987506866,6.4949998860000004,13.1099996566772,1,7083.077240155,440.5668209781123,Wheat_maize,SI,CT,CI,Yes
13.9499998092651,506.200012207031,3.3500000834465,3.994999886,13.9074077606201,1,6418.794088432303,430.8738189669946,Wheat_maize,SI,CT,CI,Yes
15.1666669845581,544.400024414062,6.53800010681152,7.373000145,16.9799995422363,1,7043.860249809898,353.23924835907377,Wheat_maize,SI,CT,CI,Yes
15.1666669845581,544.400024414062,6.29999995231628,6.5,9.0,1,7538.057753243977,396.43883496503474,Wheat_maize,SI,CT,CI,Yes
15.0749998092651,543.200012207031,6.22500002384186,6.875,11.25,1,7254.504542477269,482.07316987697936,Wheat_maize,SI,CT,CI,Yes
14.7333335876465,538.600036621094,6.42000019550323,6.487999916,9.89999961853027,1,7191.68092294119,437.46874016206294,Wheat_maize,SI,CT,CI,Yes
14.8000001907349,523.200012207031,6.38800024986267,6.843999863,12.3599996566772,1,7589.74231153041,468.0406084290623,Wheat_maize,SI,CT,CI,Yes
12.9250001907349,621.400024414062,5.4720002412796,7.874000072,17.4599990844727,1,7063.028083884298,547.7297920535069,Wheat_maize,SI,CT,CI,Yes
12.9250001907349,621.400024414062,5.51199972629547,7.431999683,23.0599994659424,1,6930.806748347759,455.8298789409125,Wheat_maize,SI,CT,CI,Yes
12.341667175293,640.200012207031,5.57200014591217,8.048000336,15.0600004196167,1,6608.640077567898,616.0629545753284,Wheat_maize,SI,CT,CI,Yes
13.5749998092651,579.900024414062,7.00800001621246,7.78000021,19.1000003814697,1,6593.35857871708,466.3548242409469,Wheat_maize,SI,CT,CI,Yes
11.5666666030884,560.299987792969,5.037000179290771,7.357999802,18.2600002288818,1,6356.862218959237,711.053651344316,Wheat_maize,SI,CT,CI,Yes
11.1750001907349,659.100036621094,6.42099976539612,6.678999901,16.1700000762939,1,7439.680415137613,679.3593754184328,Wheat_maize,SI,CT,CI,Yes
11.7250003814697,636.099975585938,6.27499997615814,7.677000046,18.5799999237061,1,7077.563185178875,566.9481260647354,Wheat_maize,SI,CT,CI,Yes
15.3083333969116,598.400024414062,7.72700011730194,7.298999786,26.3400001525879,1,7358.685955842503,645.3831383588267,Wheat_maize,SI,CT,CI,Yes
15.3083333969116,598.400024414062,6.29999995231628,6.5,9.0,1,6916.86696951924,562.5763853707037,Wheat_maize,SI,CT,CI,Yes
14.9499998092651,602.600036621094,7.44599997997284,7.993999958,30.1200008392334,1,7026.296018267014,450.5776781097222,Wheat_maize,SI,CT,CI,Yes
11.375,640.900024414062,8.97000014781952,7.862999916,14.5600004196167,1,5342.884643049825,344.20740482611245,Wheat_maize,SI,CT,CI,Yes
15.0083332061768,603.799987792969,6.0379999876022294,7.933000088,16.7999992370605,1,6501.395010885268,462.4889499653976,Wheat_maize,SI,CT,CI,Yes
15.1166667938232,552.300048828125,6.38500034809113,7.893000126,15.6099996566772,1,6289.116397410001,350.11438166666665,Wheat_maize,SI,CT,CI,Yes
15.2333335876465,568.799987792969,5.498999953269959,8.045000076,17.2399997711182,1,6505.2270300565615,701.3107554865961,Wheat_maize,SI,CT,CI,Yes
15.3083333969116,598.400024414062,6.3679999113082895,6.540999889,9.85999965667725,1,6985.780931116934,933.0049341715521,Wheat_maize,SI,CT,CI,Yes
15.1166667938232,552.300048828125,6.1250001192092896,8.008000374,16.7600002288818,1,7143.34078346099,514.9687632637822,Wheat_maize,SI,CT,CI,Yes
15.3083333969116,598.400024414062,6.73500001430511,6.599999905,13.25,1,6824.253210324949,573.5473957549445,Wheat_maize,SI,CT,CI,Yes
15.2333335876465,568.799987792969,6.466000080108641,7.928999901,24.7199993133545,1,7464.42750798202,394.96688090086013,Wheat_maize,SI,CT,CI,Yes
14.2416667938232,584.200012207031,4.15200024843216,8.154000282,13.3800001144409,1,5864.550447310319,327.9623289544757,Wheat_maize,SI,CT,CI,Yes
14.8000001907349,523.200012207031,4.62999999523163,5.385000229,16.8333339691162,1,6672.189118,433.5,Wheat_maize,SI,CT,CI,Yes
15.0666666030884,552.100036621094,4.03899997472763,8.168000221,13.289999961853,1,7146.1729547547875,434.6091801063829,Wheat_maize,SI,CT,CI,Yes
15.0666666030884,552.100036621094,6.4819997549057,7.864999771,19.9200000762939,1,6835.437094882813,493.24803548659617,Wheat_maize,SI,CT,CI,Yes
15.0666666030884,552.100036621094,6.574999690055851,6.611000061,10.4399995803833,1,7085.645899555389,386.07462554272496,Wheat_maize,SI,CT,CI,Yes
15.0666666030884,552.100036621094,7.21700012683868,7.69299984,19.7800006866455,1,7029.696968354271,420.48246739234315,Wheat_maize,SI,CT,CI,Yes
15.0666666030884,552.100036621094,5.86800038814545,7.967999935,21.1599998474121,1,7376.483497322044,454.3281295787366,Wheat_maize,SI,CT,CI,Yes
14.8000001907349,523.200012207031,4.62999999523163,5.385000229,16.8333339691162,1,7066.848467610126,387.2615321887222,Wheat_maize,SI,CT,CI,Yes
15.1666669845581,544.400024414062,6.04499995708466,7.925000191,17.7299995422363,1,7258.998863553979,450.1533916421387,Wheat_maize,SI,CT,CI,Yes
15.3083333969116,559.5,5.7769995927810704,7.953999996,19.5300006866455,1,6680.5811518075,328.1527499999996,Wheat_maize,SI,CT,CI,Yes
15.0749998092651,543.200012207031,5.662000179290771,8.038000107,16.2800006866455,1,6853.961644215155,325.84027522854876,Wheat_maize,SI,CT,CI,Yes
15.3083333969116,559.5,5.8090001344680795,7.901000023,19.6200008392334,1,6350.857061030552,385.81281767441817,Wheat_maize,SI,CT,CI,Yes
15.3083333969116,559.5,5.53600013256073,7.962999821,18.9099998474121,1,6813.084243851261,421.8386916465257,Wheat_maize,SI,CT,CI,Yes
15.1166667938232,552.300048828125,6.15799963474274,8.015999794,19.6200008392334,1,6593.058472382813,447.170050308698,Wheat_maize,SI,CT,CI,Yes
14.9416666030884,546.799987792969,5.60899972915649,8.086999893,15.4799995422363,1,6554.888993604063,515.5628604865962,Wheat_maize,SI,CT,CI,Yes
15.091667175293,565.900024414062,5.40800034999847,7.96600008,17.7800006866455,1,6524.894612067577,419.8767050563948,Wheat_maize,SI,CT,CI,Yes
15.3083333969116,559.5,5.9039998054504395,8.038000107,19.0200004577637,1,6183.708052547499,366.46030357142854,Wheat_maize,SI,CT,CI,Yes
15.2333335876465,568.799987792969,8.5809999704361,7.190000057,16.5,1,6730.397445605261,527.9541804651161,Wheat_maize,SI,CT,CI,Yes
13.9833335876465,510.300018310547,4.1809999942779505,8.140999794,13.5299997329712,1,6723.335409729119,451.089875193622,Wheat_maize,SI,CT,CI,Yes
12.3916664123535,467.600006103516,8.37700009346008,7.056000233,19.3999996185303,1,6453.588341525423,516.6778389988631,Wheat_maize,SI,CT,CI,Yes
13.9833335876465,510.300018310547,6.3049995899200395,7.196000099,14.25,1,6957.966767803029,354.4368611208032,Wheat_maize,SI,CT,CI,Yes
13.5,486.300018310547,5.62300026416779,7.785999775,15.8299999237061,1,6479.643764747688,437.2414537017252,Wheat_maize,SI,CT,CI,Yes
14.4333333969116,562.0,5.314000248909,7.970000267,17.3999996185303,1,6965.056802321098,306.0730838597835,Wheat_maize,SI,CT,CI,Yes
13.9833335876465,510.300018310547,6.12600028514862,7.604000092,21.3099994659424,1,7048.471803585196,397.04650110036306,Wheat_maize,SI,CT,CI,Yes
8.91666698455811,477.800018310547,5.10299980640411,8.095999718,16.6499996185303,1,7213.414784280938,492.88669661139915,Wheat_maize,SI,CT,CI,Yes
14.2916669845581,517.5,6.258000135421749,6.710000038,10.2600002288818,1,7226.429723549794,809.1316761420345,Wheat_maize,SI,CT,CI,Yes
14.4333333969116,562.0,8.99399995803833,5.938000202,31.2682933807373,1,6487.3860729584885,461.4220764244119,Wheat_maize,SI,CT,CI,Yes
13.9833335876465,510.300018310547,6.49999976158142,8.0,21.0,1,6514.455286786444,355.35688153429635,Wheat_maize,SI,CT,CI,Yes
13.5,486.300018310547,6.78900003433228,7.190999985,15.4700002670288,1,6650.248419476244,551.932008430258,Wheat_maize,SI,CT,CI,Yes
14.7166662216187,566.099975585938,4.86299991607666,8.131999969,11.6400003433228,1,7157.299018068604,521.4733923529411,Wheat_maize,SI,CT,CI,Yes
14.2916669845581,517.5,4.5620000362396205,7.84499979,12.7799997329712,1,6861.739397341347,572.0032827906977,Wheat_maize,SI,CT,CI,Yes
14.7333335876465,538.600036621094,5.58099985122681,7.290999889,9.65999984741211,1,7113.13579871125,524.40859,Wheat_maize,SI,CT,CI,Yes
14.091667175293,551.700012207031,5.06900012493134,8.147000313,12.1199998855591,1,6719.222118722055,315.001907863752,Wheat_maize,SI,CT,CI,Yes
13.9833335876465,510.300018310547,6.02699995040894,7.875,16.4699993133545,1,6805.982156990958,423.12901722314746,Wheat_maize,SI,CT,CI,Yes
13.5,486.300018310547,6.191999912261959,7.635000229,16.7199993133545,1,7212.708226781735,365.7395329078847,Wheat_maize,SI,CT,CI,Yes
14.7333335876465,538.600036621094,8.561999797821041,6.602000237,19.6200008392334,1,7245.248329705462,409.47265844870043,Wheat_maize,SI,CT,CI,Yes
13.9833335876465,510.300018310547,6.29999995231628,6.5,9.0,1,6916.375540047709,408.82498292105623,Wheat_maize,SI,CT,CI,Yes
4.99166679382324,358.300018310547,12.566000223159799,7.419000149,22.0900001525879,1,3278.6870477032135,237.47782548659615,Wheat_maize,SI,CT,CI,Yes
4.11666679382324,378.100006103516,13.4899997711182,5.87100029,26.8255805969238,1,3861.6628684964035,243.03290548659615,Wheat_maize,SI,CT,CI,Yes
5.50833320617676,329.600006103516,14.2620003223419,7.170000076,24.3799991607666,1,4518.359568106798,167.85719420863282,Wheat_maize,SI,CT,CI,Yes
11.5666666030884,560.299987792969,5.860999822616581,7.523999691,21.8700008392334,1,6999.097200191617,466.44582035928545,Wheat_maize,SI,CT,CI,Yes
7.34166669845581,428.399993896484,4.4420000910759,7.303999901,13.4099998474121,1,4691.392294595855,217.28921059917866,Wheat_maize,SI,CT,CI,Yes
14.7583332061768,651.099975585938,5.6580001115798995,7.980999947,17.8099994659424,1,6115.808847826085,468.92506458400635,Wheat_maize,SI,CT,CI,Yes
14.5250005722046,628.299987792969,5.18100023269653,7.926000118,16.2700004577637,1,6402.865844122698,353.89338988345145,Wheat_maize,SI,CT,CI,Yes
14.7416667938232,646.299987792969,6.21600031852722,7.974999905,22.9699993133545,1,6809.1409177071055,399.405513390378,Wheat_maize,SI,CT,CI,Yes
13.9500007629395,629.0,4.75800007581711,7.931000233,17.3099994659424,1,6469.891063029247,495.26592869565,Wheat_maize,SI,CT,CI,Yes
14.4833335876465,647.300048828125,5.31599998474121,7.961999893,17.6200008392334,1,6449.441495258312,386.85487810345643,Wheat_maize,SI,CT,CI,Yes
14.7166662216187,566.099975585938,5.64000010490417,7.980000019,17.7999992370605,1,7130.344251607021,418.952688817105,Wheat_maize,SI,CT,CI,Yes
14.7583332061768,651.099975585938,5.51400005817413,7.97300005,17.7299995422363,1,6247.712011351563,447.170050308698,Wheat_maize,SI,CT,CI,Yes
14.6000003814697,569.200012207031,5.5680000782012895,7.975999832,17.7600002288818,1,7482.848844735912,467.5252963907283,Wheat_maize,SI,CT,CI,Yes
14.4416666030884,609.5,6.2180000543594405,7.735000134,14.4799995422363,1,6540.946157916396,354.1798224344651,Wheat_maize,SI,CT,CI,Yes
14.4833335876465,647.300048828125,5.48799991607666,7.971000195,17.7700004577637,1,6013.437592042241,447.52544981132087,Wheat_maize,SI,CT,CI,Yes
14.7583332061768,651.099975585938,5.26199996471405,7.959000111,17.5900001525879,1,6621.030909999703,454.087596552552,Wheat_maize,SI,CT,CI,Yes
14.4750003814697,597.300048828125,5.33399999141693,7.962999821,17.6299991607666,1,6811.9917685233595,466.59659539775055,Wheat_maize,SI,CT,CI,Yes
14.4416666030884,609.5,6.00000023841858,8.0,18.0,1,6689.450969175363,296.89649000907434,Wheat_maize,SI,CT,CI,Yes
14.091667175293,551.700012207031,5.39200007915497,8.095999718,14.1599998474121,1,7374.1059278688,539.0325759773812,Wheat_maize,SI,CT,CI,Yes
14.3916664123535,565.400024414062,4.69799995422363,7.986999989,12.9499998092651,1,5471.2033292507085,447.170050308698,Wheat_maize,SI,CT,CI,Yes
13.9416666030884,542.0,5.4140001535415605,8.078000069,14.1899995803833,1,6476.02596887509,474.88051452961673,Wheat_maize,SI,CT,CI,Yes
14.5250005722046,628.299987792969,5.18999993801117,7.954999924,17.5499992370605,1,6175.312599331467,295.06230085009884,Wheat_maize,SI,CT,CI,Yes
14.4750003814697,597.300048828125,5.65500020980835,7.953999996,16.3700008392334,1,6203.765978201654,370.8107274374389,Wheat_maize,SI,CT,CI,Yes
13.9750003814697,517.0,6.152999997138981,7.888999939,22.3400001525879,1,6826.470321649652,433.76495553675653,Wheat_maize,SI,CT,CI,Yes
14.091667175293,551.700012207031,6.70300006866455,8.0,23.5100002288818,1,6014.526223839082,402.64226243439543,Wheat_maize,SI,CT,CI,Yes
13.9416666030884,542.0,5.389000177383419,7.846000195,12.4399995803833,1,6687.985258532189,500.8011469430116,Wheat_maize,SI,CT,CI,Yes
14.9833335876465,555.099975585938,5.774999856948851,8.050000191,18.75,1,7712.593809796088,401.08210155831694,Wheat_maize,SI,CT,CI,Yes
14.9833335876465,555.099975585938,5.53400039672852,7.97300005,17.8500003814697,1,7040.718485365086,439.20849627907035,Wheat_maize,SI,CT,CI,Yes
14.7166662216187,566.099975585938,7.35700011253357,7.986999989,30.3400001525879,1,6697.368041702734,443.08398548659613,Wheat_maize,SI,CT,CI,Yes
14.7166662216187,566.099975585938,5.06900012493134,8.147000313,12.1199998855591,1,7352.998193706933,456.0564004545465,Wheat_maize,SI,CT,CI,Yes
14.7166662216187,566.099975585938,5.39200007915497,8.095999718,14.1599998474121,1,7309.546791887153,459.6273091151602,Wheat_maize,SI,CT,CI,Yes
14.9416666030884,546.799987792969,6.1210000514984095,7.997000217,19.0200004577637,1,7092.797194945386,479.18432002444996,Wheat_maize,SI,CT,CI,Yes
14.6000003814697,569.200012207031,4.63899999856949,8.114999771,12.1000003814697,1,6403.716547281552,355.59789283181124,Wheat_maize,SI,CT,CI,Yes
14.6000003814697,569.200012207031,5.69800019264221,8.053999901,16.0799999237061,1,7163.170514897581,436.4002408276882,Wheat_maize,SI,CT,CI,Yes
14.7166662216187,566.099975585938,5.13300001621246,8.109999657,13.25,1,7597.233065346272,508.9884529228482,Wheat_maize,SI,CT,CI,Yes
9.43333339691162,503.100006103516,5.56900024414062,8.055999756,17.1700000762939,1,6654.451735584416,278.4210182613183,Wheat_maize,SI,CT,CI,Yes
10.6166667938232,588.799987792969,6.57999992370605,8.0,21.0,1,5988.983504766949,260.90750002813934,Wheat_maize,SI,CT,CI,Yes
9.875,651.299987792969,5.5790001153945905,8.057999611,17.9099998474121,1,6069.034642857143,392.0464285714288,Wheat_maize,SI,CT,CI,Yes
10.8333339691162,660.700012207031,6.376000046730041,7.952000141,21.3199996948242,1,6718.223372340426,309.6780073006478,Wheat_maize,SI,CT,CI,Yes
9.875,651.299987792969,6.32699966430664,8.013999939,20.3700008392334,1,5839.36235781836,318.91070642055473,Wheat_maize,SI,CT,CI,Yes
10.8333339691162,660.700012207031,5.04499971866608,8.109999657,16.0499992370605,1,7093.802323529411,420.84466353761104,Wheat_maize,SI,CT,CI,Yes
10.841667175293,638.200012207031,4.46400016546249,8.128000259,14.1599998474121,1,7285.79410302267,332.90231281898605,Wheat_maize,SI,CT,CI,Yes
10.5333337783813,602.200012207031,5.8950001001358,7.360000134,20.4456520080566,1,6539.179038630653,334.7351084090269,Wheat_maize,SI,CT,CI,Yes
10.5333337783813,602.200012207031,6.28399968147278,8.008000374,20.0400009155273,1,6780.9880915254225,363.6529237569529,Wheat_maize,SI,CT,CI,Yes
11.5833330154419,684.5,6.3949996232986495,8.0,20.3700008392334,1,6543.65678251307,210.77583144166584,Wheat_maize,SI,CT,CI,Yes
12.7333335876465,686.900024414062,6.2169998884201005,7.979000092,20.0300006866455,1,6400.191750000002,309.9052450115798,Wheat_maize,SI,CT,CI,Yes
10.3249998092651,754.700012207031,6.559999585151671,8.0,21.0,1,7355.128857142856,357.76657381687454,Wheat_maize,SI,CT,CI,Yes
11.8166666030884,633.400024414062,5.02099990844727,8.102000237,16.4099998474121,1,5328.767281149999,250.76338376529674,Wheat_maize,SI,CT,CI,Yes
11.8166666030884,633.400024414062,4.58400011062622,8.128000259,14.8800001144409,1,6379.359080821312,181.23757992805753,Wheat_maize,SI,CT,CI,Yes
10.2583332061768,502.400024414062,4.77700024843216,8.093999863,15.1700000762939,1,6071.22650432324,318.91070642055473,Wheat_maize,SI,CT,CI,Yes
9.54166698455811,588.900024414062,7.537000179290771,7.96600008,19.7900009155273,1,7037.146439331305,281.7467509683279,Wheat_maize,SI,CT,CI,Yes
8.19166660308838,678.400024414062,6.89000010490417,8.0,20.8799991607666,1,5672.80080873108,318.91070642055473,Wheat_maize,SI,CT,CI,Yes
11.0666666030884,527.600036621094,5.36400020122528,8.048000336,16.4799995422363,1,7875.6153435643555,394.21207222772244,Wheat_maize,SI,CT,CI,Yes
11.0666666030884,527.600036621094,3.94199997186661,8.213000298,10.7700004577637,1,7542.849155462186,422.7092060212709,Wheat_maize,SI,CT,CI,Yes
10.8666667938232,586.299987792969,13.970000743866,7.75,20.0,1,5630.751357142857,386.6768964307682,Wheat_maize,SI,CT,CI,Yes
10.0583333969116,541.5,5.25799989700317,8.088999748,15.5699996948242,1,7427.798354810497,263.86268221574346,Wheat_maize,SI,CT,CI,Yes
14.1833333969116,627.100036621094,5.23800015449524,8.076000214,16.6200008392334,1,6881.728099149187,277.9526425451263,Wheat_maize,SI,CT,CI,Yes
14.1833333969116,627.100036621094,6.29700005054474,8.013999939,20.3700008392334,1,6338.567679553408,185.86241590909097,Wheat_maize,SI,CT,CI,Yes
13.7750005722046,640.700012207031,5.39699971675873,8.074000359,17.4899997711182,1,5550.180774086841,319.02362876529673,Wheat_maize,SI,CT,CI,Yes
12.5500001907349,614.799987792969,4.94000017642975,8.100000381,15.8400001525879,1,6157.1964592685545,348.56909876529676,Wheat_maize,SI,CT,CI,Yes
13.6666669845581,594.5,6.8349999189376796,7.859000206,19.1700000762939,1,7005.950279654018,318.91070642055473,Wheat_maize,SI,CT,CI,Yes
12.7333335876465,693.600036621094,5.04999995231628,8.100000381,16.5,1,6371.991362943638,318.91070642055473,Wheat_maize,SI,CT,CI,Yes
12.7333335876465,693.600036621094,4.5100000500679,8.050000191,16.2199993133545,1,5355.534313675,477.14418999999975,Wheat_maize,SI,CT,CI,Yes
13.7750005722046,640.700012207031,5.253999829292299,7.748000145,17.8125,1,5831.085893805861,379.66829876529675,Wheat_maize,SI,CT,CI,Yes
13.6666669845581,697.5,4.42800015211105,7.875,14.1300001144409,1,6062.338743050337,399.4999771621623,Wheat_maize,SI,CT,CI,Yes
14.2250003814697,680.0,4.52800005674362,8.13599968,14.8800001144409,1,5850.991802562314,328.20574376529675,Wheat_maize,SI,CT,CI,Yes
14.6916666030884,707.5,9.42499995231628,6.970000267,22.1000003814697,1,7242.258264598428,440.7055474015738,Wheat_maize,SI,CT,CI,Yes
12.5500001907349,614.799987792969,4.3320000171661395,8.133999825,14.460000038147,1,5228.319002060547,318.91070642055473,Wheat_maize,SI,CT,CI,Yes
9.44166660308838,434.5,5.457000136375429,8.020999908,18.0599994659424,1,6858.028458999999,358.29495765525826,Wheat_maize,SI,CT,CI,Yes
13.6666669845581,594.5,5.04199981689453,8.093999863,16.2000007629395,1,5996.695759697266,357.4057487652967,Wheat_maize,SI,CT,CI,Yes
12.4166669845581,641.799987792969,6.18099987506866,8.001999855,19.1700000762939,1,5579.7911543125,349.28648999999984,Wheat_maize,SI,CT,CI,Yes
13.6666669845581,594.5,4.75899994373322,8.125,14.3599996566772,1,6186.029263232826,320.1036287652967,Wheat_maize,SI,CT,CI,Yes
12.6500005722046,570.200012207031,6.19799971580505,8.005999565,19.4400005340576,1,6702.112469091911,447.30907852941186,Wheat_maize,SI,CT,CI,Yes
12.6500005722046,570.200012207031,7.87199974060059,7.506999969,20.5900001525879,1,5891.001376631577,381.6960102868369,Wheat_maize,SI,CT,CI,Yes
10.716667175293,638.5,7.774999737739559,7.467999935,26.8500003814697,1,6355.3056242660705,317.051587301588,Wheat_maize,SI,CT,CI,Yes
12.4166669845581,641.799987792969,4.64399993419647,8.128000259,15.2399997711182,1,5879.0354915125,318.2223299999998,Wheat_maize,SI,CT,CI,Yes
10.7416667938232,620.400024414062,6.09399974346161,8.027999878,19.7399997711182,1,5348.406133902393,357.91439053191476,Wheat_maize,SI,CT,CI,Yes
12.5500001907349,614.799987792969,5.91399967670441,8.038000107,19.0799999237061,1,5868.109881753326,343.0898840366973,Wheat_maize,SI,CT,CI,Yes
10.7416667938232,620.400024414062,6.14199995994568,8.013999939,19.4400005340576,1,6143.7401047381545,356.9498454358062,Wheat_maize,SI,CT,CI,Yes
10.2833337783813,571.799987792969,6.104999780654909,8.020000458,19.4699993133545,1,6355.364846153845,400.60880380910424,Wheat_maize,SI,CT,CI,Yes
10.2833337783813,571.799987792969,7.75999963283539,7.424000263,20.2800006866455,1,5711.859711538464,277.15495765525804,Wheat_maize,SI,CT,CI,Yes
10.3333330154419,636.900024414062,5.51400005817413,8.06799984,17.9400005340576,1,6451.714176617132,364.03887373917405,Wheat_maize,SI,CT,CI,Yes
10.8666667938232,586.299987792969,5.71699976921082,8.053999901,18.5699996948242,1,4919.759589379481,271.8002801886792,Wheat_maize,SI,CT,CI,Yes
10.8666667938232,586.299987792969,6.219000220298771,8.008000374,18.6000003814697,1,5591.9903496625,221.64970500000004,Wheat_maize,SI,CT,CI,Yes
10.6500005722046,498.5,6.33499979972839,8.0,20.0100002288818,1,4656.218243787842,318.91070642055473,Wheat_maize,SI,CT,CI,Yes
6.52500009536743,294.899993896484,4.43399995565414,8.169000626,9.39000034332275,1,6652.4930480734765,468.52945516102693,Wheat_maize,SI,CT,CI,Yes
8.40833377838135,313.5,7.26700007915497,7.912000179,18.9300003051758,1,6792.093092587209,421.6702579941855,Wheat_maize,SI,CT,CI,Yes
4.55000019073486,284.700012207031,13.123999834060701,7.516000271,22.0,1,4115.984218547297,133.78538135135142,Wheat_maize,SI,CT,CI,Yes
7.41666698455811,176.0,11.7870008945465,7.426000118,20.9099998474121,1,6229.053043509105,262.21911812587615,Wheat_maize,SI,CT,CI,Yes
5.95000028610229,273.800018310547,20.9019994735718,6.842999935,36.8400001525879,1,6652.4930480734765,468.52945516102693,Wheat_maize,SI,CT,CI,Yes
4.81666660308838,197.900009155273,12.0000004768372,7.300000191,21.0,1,4837.367471417395,188.73130029641266,Wheat_maize,SI,CT,CI,Yes
8.05000019073486,337.100006103516,7.54500031471252,6.506000042,12.5200004577637,1,5935.739239943337,262.21911812587615,Wheat_maize,SI,CT,CI,Yes
8.16666698455811,355.200012207031,11.940000057220498,7.30700016,20.9699993133545,1,5952.31849566868,251.2129499787655,Wheat_maize,SI,CT,CI,Yes
6.26666688919067,340.0,7.61000037193298,7.342000008,16.7700004577637,1,5213.028478805289,211.60545893939423,Wheat_maize,SI,CT,CI,Yes
5.59166669845581,331.300018310547,4.35900002717972,6.843999863,19.25,1,4777.246590285671,141.99598081260308,Wheat_maize,SI,CT,CI,Yes
5.60833358764648,331.600006103516,6.78000032901764,7.264999866,15.4499998092651,1,5285.2549398294495,265.8799549215048,Wheat_maize,SI,CT,CI,Yes
4.30833339691162,324.800018310547,16.9729995727539,7.426000118,25.1000003814697,1,4921.179348006657,153.70161689960247,Wheat_maize,SI,CT,CI,Yes
8.05833339691162,322.5,4.54800009727478,8.163999557,10.039999961853,1,6219.618947641585,342.66564699094846,Wheat_maize,SI,CT,CI,Yes
6.90000009536743,436.700012207031,8.61599981784821,6.55700016,23.1200008392334,1,6319.572511814546,368.96898722222227,Wheat_maize,SI,CT,CI,Yes
9.15833377838135,417.900024414062,6.3730001449585005,7.982999802,20.1599998474121,1,6810.450549036952,501.2141817662998,Wheat_maize,SI,CT,CI,Yes
8.10000038146973,382.600006103516,6.54399991035461,7.271999836,16.5200004577637,1,5934.099816479796,326.6634006752678,Wheat_maize,SI,CT,CI,Yes
8.60833358764648,383.800018310547,4.09999996423721,8.300000191,6.0,1,5482.33879868421,297.338292998126,Wheat_maize,SI,CT,CI,Yes
7.80833387374878,467.900024414062,13.320000171661398,7.387000084,23.2800006866455,1,5482.33879868421,297.338292998126,Wheat_maize,SI,CT,CI,Yes
8.72500038146973,359.0,5.77600002288818,8.076999664,16.5100002288818,1,7842.771420330579,472.80632231405025,Wheat_maize,SI,CT,CI,Yes
6.96666669845581,386.300018310547,12.4669992923737,7.617000103,21.8899993896484,1,6419.280578328345,349.62523667561913,Wheat_maize,SI,CT,CI,Yes
8.58333396911621,279.100006103516,4.79000002145767,6.527999878,5.90000009536743,1,6447.070884743874,376.36791590192973,Wheat_maize,SI,CT,CI,Yes
0.450000017881393,426.100006103516,6.23099982738495,8.284999847,8.90999984741211,1,7719.626384615385,139.1496520249395,Wheat_maize,SI,CT,CI,Yes
-1.70000004768372,493.0,12.603000402450599,6.457000256,22.4300003051758,1,5388.25287049,174.61104,Wheat_maize,SI,CT,CI,Yes
0.450000017881393,426.100006103516,15.3799998760223,7.840000153,23.7999992370605,1,4155.721061061215,227.8183845624751,Wheat_maize,SI,CT,CI,Yes
1.70833337306976,285.200012207031,5.7469999790191695,6.899000168,12.210000038147,1,4047.1824096412856,219.09331956247507,Wheat_maize,SI,CT,CI,Yes
0.0999997928738594,507.700012207031,17.0719993114471,6.638999939,22.1299991607666,1,4049.1336885187575,229.90153956247508,Wheat_maize,SI,CT,CI,Yes
9.48333358764648,97.7000045776367,5.719000101089479,7.712999821,30.5699996948242,1,5381.798032654664,262.21911812587615,Wheat_maize,SI,CT,CI,Yes
7.81666660308838,118.600006103516,8.86900007724762,7.763000011,25.0699996948242,1,6601.699304605199,599.6373882158579,Wheat_maize,SI,CT,CI,Yes
9.48333358764648,97.7000045776367,10.003000497818,7.781000137,23.0900001525879,1,7631.784901181562,566.5385057049897,Wheat_maize,SI,CT,CI,Yes
4.97499990463257,334.900024414062,13.1319999694824,7.28000021,22.5,1,6303.491158945296,262.21911812587615,Wheat_maize,SI,CT,CI,Yes
5.19999980926514,342.899993896484,12.1200001239777,7.370000362,21.6000003814697,1,4759.2186249999995,114.22665666666666,Wheat_maize,SI,CT,CI,Yes
4.90833330154419,338.799987792969,10.8880007266998,7.21600008,19.4699993133545,1,3977.0317525399996,136.07494,Wheat_maize,SI,CT,CI,Yes
4.63333320617676,310.600006103516,12.0160007476807,7.300000191,21.0200004577637,1,3905.2411631800005,127.37245999999999,Wheat_maize,SI,CT,CI,Yes
5.40833330154419,367.100006103516,12.0000004768372,7.300000191,21.0,1,3906.8761262816815,132.37366018691569,Wheat_maize,SI,CT,CI,Yes
5.19999980926514,342.899993896484,13.2560002803802,5.703999996,27.2588233947754,1,5795.889552466151,302.3352739016316,Wheat_maize,SI,CT,CI,Yes
5.97499990463257,362.5,11.007999181747401,6.278000355,22.0,1,3872.97013768,95.05266499999995,Wheat_maize,SI,CT,CI,Yes
3.53333330154419,380.799987792969,23.4060001373291,6.650000095,38.0200004577637,1,3872.97013768,95.05266499999995,Wheat_maize,SI,CT,CI,Yes
4.97499990463257,334.900024414062,11.728000640869102,7.081000328,21.1134014129639,1,3872.97013768,95.05266499999995,Wheat_maize,SI,CT,CI,Yes
-0.774999976158142,482.899993896484,19.0279996395111,7.160000324,22.7399997711182,1,4275.730431375617,387.18255456247505,Wheat_maize,SI,CT,CI,Yes
5.01666688919067,455.600006103516,12.331999540328999,7.346000195,22.0300006866455,1,5482.33879868421,297.338292998126,Wheat_maize,SI,CT,CI,Yes
6.65000009536743,442.100006103516,13.904000520706198,7.504000187,22.6599998474121,1,5482.33879868421,297.338292998126,Wheat_maize,SI,CT,CI,Yes
2.25,274.800018310547,13.044000864028899,7.240000248,22.5599994659424,1,4170.615032555051,262.21911812587615,Wheat_maize,SI,CT,CI,Yes
4.67500019073486,365.200012207031,4.17500019073486,6.764999866,10.5500001907349,1,3256.383462963077,106.4159373076923,Wheat_maize,SI,CT,CI,Yes
4.27500009536743,326.800018310547,12.746000289917001,7.449000359,19.7399997711182,1,4624.510600651838,204.8983045624751,Wheat_maize,SI,CT,CI,Yes
3.97500014305115,329.800018310547,20.934000015258796,6.81000042,34.25,1,4003.5824761284202,80.19150973684211,Wheat_maize,SI,CT,CI,Yes
3.70833325386047,338.0,8.33999991416931,7.015999794,15.4899997711182,1,3389.6248138247574,106.10454967637482,Wheat_maize,SI,CT,CI,Yes
8.875,523.200012207031,7.90399968624115,6.388000011,23.1200008392334,1,6409.975251163156,451.8583966526323,Wheat_maize,SI,CT,CI,Yes
8.93333339691162,454.0,7.161999940872191,6.945000172,22.8400001525879,1,5674.297500000001,299.27890281746033,Wheat_maize,SI,CT,CI,Yes
10.125,453.800018310547,6.37699961662292,7.509999752,21.8999996185303,1,5385.696442461743,481.5525156933527,Wheat_maize,SI,CT,CI,Yes
15.6666669845581,820.0,6.17200016975403,7.958000183,26.1200008392334,1,6388.974344210941,574.1750016238382,Wheat_maize,SI,CT,CI,Yes
15.6666669845581,820.0,8.99800002574921,7.407999992,33.5531921386719,1,6525.105514126983,539.5587849560611,Wheat_maize,SI,CT,CI,Yes
15.841667175293,940.5,6.96600019931793,7.611999989,20.3099994659424,1,6424.09448770241,559.8001232910735,Wheat_maize,SI,CT,CI,Yes
16.3666667938232,1021.10003662109,4.24199998378754,8.289999962,6.30000019073486,1,6466.009971342022,678.6402510538117,Wheat_maize,SI,CT,CI,Yes
15.7250003814697,965.099975585938,8.88200044631958,7.346000195,28.75,1,6879.185358581172,593.7304595080072,Wheat_maize,SI,CT,CI,Yes
15.7250003814697,965.099975585938,7.17900037765503,8.029999733,27.5300006866455,1,6437.259620159555,603.1001429019793,Wheat_maize,SI,CT,CI,Yes
16.8250007629395,1174.20007324219,5.04700005054474,8.06099987,12.3030300140381,1,6668.1442887980775,560.5162842280317,Wheat_maize,SI,CT,CI,Yes
16.908332824707,1270.0,4.624000191688539,2.828000069,38.0444450378418,1,6889.478199621211,539.5561109659945,Wheat_maize,SI,CT,CI,Yes
15.1166667938232,946.600036621094,8.125,6.448999882,20.0599994659424,1,6329.765929254698,551.1293010972029,Wheat_maize,SI,CT,CI,Yes
15.4416666030884,1018.20001220703,9.613000154495241,7.399000168,21.9300003051758,1,6469.353329457563,536.4002019296989,Wheat_maize,SI,CT,CI,Yes
15.4416666030884,1018.20001220703,9.805000424385069,7.920000076,33.3600006103516,1,6510.4892369671325,570.4947855882352,Wheat_maize,SI,CT,CI,Yes
15.8249998092651,1076.40002441406,6.75100028514862,8.105000496,12.0,1,6521.42725953857,555.6645214285711,Wheat_maize,SI,CT,CI,Yes
16.125,1073.30004882812,7.7799999713897705,4.992000103,21.3768119812012,1,5009.859138305921,560.5162842280317,Wheat_maize,SI,CT,CI,Yes
15.2750005722046,1057.5,7.6280003786087,8.0,30.7600002288818,1,6454.690512227666,622.2629024872834,Wheat_maize,SI,CT,CI,Yes
16.1499996185303,1364.59997558594,9.17200028896332,7.878000259,19.8299999237061,1,6592.496268212883,463.77037586649556,Wheat_maize,SI,CT,CI,Yes
16.6749992370605,1346.20007324219,11.1699998378754,7.690000057,20.9500007629395,1,5806.409042342596,513.1658783967168,Wheat_maize,SI,CT,CI,Yes
15.6750001907349,999.400024414062,6.44900023937225,6.508999825,24.1204814910889,1,6841.665985855587,598.0000979411766,Wheat_maize,SI,CT,CI,Yes
15.841667175293,1052.5,6.4450001716613805,8.085000038,13.3500003814697,1,6227.868201065481,541.1214083967168,Wheat_maize,SI,CT,CI,Yes
16.5583343505859,1017.70001220703,12.1379995346069,6.026000023,38.4099998474121,1,6423.2939785462495,580.0288221428572,Wheat_maize,SI,CT,CI,Yes
17.1833343505859,1660.90002441406,17.8349995613098,5.934000015,30.5957450866699,1,4479.871581527499,389.3593861531589,Wheat_maize,SI,CT,CI,Yes
17.0166664123535,1738.0,12.9259991645813,2.979000092,43.2641525268555,1,5510.1077471634635,413.2584748856531,Wheat_maize,SI,CT,CI,Yes
18.3833332061768,1660.80004882812,19.2750000953674,6.410000324,35.2099990844727,1,5449.964924374999,413.2584748856531,Wheat_maize,SI,CT,CI,Yes
17.9916667938232,1497.09997558594,12.250000238418599,6.562000275,23.9500007629395,1,5269.793577760418,413.2584748856531,Wheat_maize,SI,CT,CI,Yes
17.125,1621.80004882812,13.506000041961702,5.934000015,21.75,1,5043.336249322918,413.2584748856531,Wheat_maize,SI,CT,CI,Yes
17.9333343505859,1768.90002441406,21.4039993286133,4.761000156,43.7653045654297,1,5702.52143522625,417.99999,Wheat_maize,SI,CT,CI,Yes
18.0500011444092,1793.80004882812,8.72300028800964,7.585000038,35.2599983215332,1,4756.5955820089275,413.2584748856531,Wheat_maize,SI,CT,CI,Yes
18.0500011444092,1793.80004882812,16.259000301361098,5.820000172,25.0,1,4413.322681874999,413.2584748856531,Wheat_maize,SI,CT,CI,Yes
17.1666660308838,1905.30004882812,15.4639995098114,5.421999931,28.5100002288818,1,4427.342673124999,413.2584748856531,Wheat_maize,SI,CT,CI,Yes
19.5249996185303,1673.30004882812,10.255999565124501,5.171999931,39.3103446960449,1,4689.361400104168,413.2584748856531,Wheat_maize,SI,CT,CI,Yes
17.9333343505859,1768.90002441406,14.1069996356964,5.850000381,41.1134033203125,1,4481.211745999999,413.2584748856531,Wheat_maize,SI,CT,CI,Yes
17.0583343505859,1490.60009765625,16.2870001792908,6.922000408,29.0699996948242,1,5848.333733465908,413.2584748856531,Wheat_maize,SI,CT,CI,Yes
17.0583343505859,1490.60009765625,14.558999538421599,6.242000103,22.4300003051758,1,6668.31513888889,369.4628787324942,Wheat_maize,SI,CT,CI,Yes
17.7749996185303,1481.30004882812,24.731998443603498,6.440000057,28.8099994659424,1,5126.242572743055,413.2584748856531,Wheat_maize,SI,CT,CI,Yes
17.9583339691162,1553.0,21.3800001144409,5.975000381,36.6300010681152,1,5459.972271874998,413.2584748856531,Wheat_maize,SI,CT,CI,Yes
17.7749996185303,1481.30004882812,24.731998443603498,6.440000057,28.8099994659424,1,4910.002149715909,452.4384511531589,Wheat_maize,SI,CT,CI,Yes
18.1083335876465,1655.30004882812,18.3490002155304,6.11400032,19.75,1,6942.72005,313.18287873249415,Wheat_maize,SI,CT,CI,Yes
18.2749996185303,1570.80004882812,15.8039999008179,6.34100008,26.7399997711182,1,6343.853999999999,280.5,Wheat_maize,SI,CT,CI,Yes
17.9833335876465,1575.30004882812,25.081000328064,5.138999939,40.7200012207031,1,5104.184152138014,269.6617597058824,Wheat_maize,SI,CT,CI,Yes
17.9833335876465,1575.30004882812,14.2620003223419,6.571000099,24.6599998474121,1,5246.8221204525,305.112495,Wheat_maize,SI,CT,CI,Yes
17.9833335876465,1575.30004882812,15.328000783920299,6.326000214,19.4799995422363,1,5831.5360321650005,344.73076000000003,Wheat_maize,SI,CT,CI,Yes
17.6166667938232,1696.0,21.8020009994507,5.477000237,19.1599998474121,1,4672.46971875,496.9628787324942,Wheat_maize,SI,CT,CI,Yes
18.2250003814697,1889.09997558594,19.242000579834,5.552999973,11.9899997711182,1,4900.449133343751,413.2584748856531,Wheat_maize,SI,CT,CI,Yes
18.2250003814697,1889.09997558594,27.2829985618591,5.037000179,37.7200012207031,1,4743.290365104169,413.2584748856531,Wheat_maize,SI,CT,CI,Yes
17.125,2049.80004882812,29.5219993591309,4.847000122,49.4000015258789,1,5372.010531249999,264.4628787324942,Wheat_maize,SI,CT,CI,Yes
18.2250003814697,1889.09997558594,16.1070001125336,5.853000164,19.6800003051758,1,4713.5962500000005,225.2625,Wheat_maize,SI,CT,CI,Yes
17.125,1621.80004882812,18.7800002098083,5.820000172,32.6161613464355,1,4781.027465187497,413.2584748856531,Wheat_maize,SI,CT,CI,Yes
17.125,1621.80004882812,12.2889995574951,6.11400032,23.7700004577637,1,8071.544928097499,247.90908,Wheat_maize,SI,CT,CI,Yes
16.8833332061768,1773.80004882812,20.618999004364,5.59800005,39.0699996948242,1,4302.4254954524995,315.48333,Wheat_maize,SI,CT,CI,Yes
17.658332824707,1631.90002441406,13.508999347686801,6.294000149,27.5100002288818,1,5785.402268705357,396.9049711531589,Wheat_maize,SI,CT,CI,Yes
17.5833339691162,1799.30004882812,22.9690003395081,5.196000099,35.75,1,4535.839484776785,413.2584748856531,Wheat_maize,SI,CT,CI,Yes
17.6166667938232,1696.0,16.5900003910065,5.637000084,27.1599998474121,1,4711.663817143675,324.7496223529412,Wheat_maize,SI,CT,CI,Yes
17.5499992370605,1811.90002441406,14.402999877929702,5.510000229,32.0499992370605,1,6705.528771900685,431.02092667769966,Wheat_maize,SI,CT,CI,Yes
17.408332824707,1917.30004882812,13.615000247955301,6.990000248,23.4099998474121,1,7525.39946875,518.4628787324941,Wheat_maize,SI,CT,CI,Yes
17.1666660308838,1905.30004882812,33.2089996337891,5.967000008,30.1100006103516,1,4653.340427723214,413.2584748856531,Wheat_maize,SI,CT,CI,Yes
16.9583339691162,943.799987792969,7.48400032520294,6.894999981,19.3125,1,6412.5620227728405,461.48920257575764,Wheat_maize,SI,CT,CI,Yes
16.4916667938232,965.200012207031,6.31600022315979,7.047999859,25.3777770996094,1,6500.1521614108005,463.1568874734802,Wheat_maize,SI,CT,CI,Yes
16.5750007629395,1013.5,8.938000202178959,7.339000225,24.1399993896484,1,6068.5440174999985,462.59733726040116,Wheat_maize,SI,CT,CI,Yes
16.1499996185303,966.200012207031,9.62000012397766,7.895999908,24.1399993896484,1,6174.193454639999,600.369675,Wheat_maize,SI,CT,CI,Yes
16.966667175293,978.400024414062,8.99600028991699,7.610000134,23.6200008392334,1,6230.960775625,462.59733726040116,Wheat_maize,SI,CT,CI,Yes
16.966667175293,978.400024414062,8.740000128746031,7.81799984,31.1399993896484,1,6426.882707232144,462.59733726040116,Wheat_maize,SI,CT,CI,Yes
16.5750007629395,912.600036621094,6.570000052452089,7.7449998860000004,21.8999996185303,1,6412.4233025100475,356.83245437933624,Wheat_maize,SI,CT,CI,Yes
16.5500011444092,924.600036621094,6.70300006866455,8.0,23.5100002288818,1,6809.614674929999,437.24205000000006,Wheat_maize,SI,CT,CI,Yes
16.966667175293,978.400024414062,8.37800025939941,6.997000217,33.3899993896484,1,6462.172997726249,436.5,Wheat_maize,SI,CT,CI,Yes
16.8583335876465,1007.70001220703,8.66800010204315,7.89800024,28.4200000762939,1,5987.653177077133,436.4820274734801,Wheat_maize,SI,CT,CI,Yes
16.5750007629395,912.600036621094,6.59200012683868,8.0,22.6399993896484,1,7177.005005917993,451.7927592144615,Wheat_maize,SI,CT,CI,Yes
16.1499996185303,966.200012207031,9.76000010967255,7.421999931,22.6399993896484,1,7021.584781247589,535.7741681152388,Wheat_maize,SI,CT,CI,Yes
15.966667175293,857.0,5.39600014686584,8.043999672,16.5799999237061,1,6339.07468302923,395.99004461538516,Wheat_maize,SI,CT,CI,Yes
15.9000005722046,897.799987792969,7.61500000953674,7.900000095,32.5200004577637,1,6711.551672066089,461.5600442208997,Wheat_maize,SI,CT,CI,Yes
16.3666667938232,1021.10003662109,10.155000686645499,7.302000046,23.0200004577637,1,5766.452468708141,479.68472564797565,Wheat_maize,SI,CT,CI,Yes
16.4916667938232,965.200012207031,10.069999694824201,7.215000153,24.2199993133545,1,6647.669663007622,446.59839832807546,Wheat_maize,SI,CT,CI,Yes
16.2583332061768,888.5,5.478000044822689,8.135000229,15.210000038147,1,6022.459272916667,462.59733726040116,Wheat_maize,SI,CT,CI,Yes
16.466667175293,933.900024414062,7.67000019550323,7.532000065,20.3299999237061,1,6653.701266313748,474.7105624734802,Wheat_maize,SI,CT,CI,Yes
16.4833335876465,971.5,7.2680002450943,7.520999908,21.1200008392334,1,7098.738094079476,529.959848467231,Wheat_maize,SI,CT,CI,Yes
16.466667175293,933.900024414062,7.48400032520294,7.636000156,22.5900001525879,1,6436.881779636248,490.58513747348013,Wheat_maize,SI,CT,CI,Yes
17.3083343505859,1595.59997558594,11.6209995746613,4.915999889,27.8850574493408,1,6111.030208333332,464.864649786921,Wheat_maize,SI,CT,CI,Yes
14.8833332061768,672.200012207031,6.04299962520599,6.198999882,19.4874992370605,1,6844.974093216146,443.61170383981187,Wheat_maize,SI,CT,CI,Yes
15.5666666030884,652.799987792969,6.45299971103668,8.026000023,19.7700004577637,1,6219.699531586058,465.48384203127864,Wheat_maize,SI,CT,CI,Yes
15.2916669845581,625.799987792969,6.23499989509583,7.423999786,18.53125,1,6366.158829440277,366.0827282716051,Wheat_maize,SI,CT,CI,Yes
14.6500005722046,595.600036621094,5.370000004768371,7.965000153,17.6499996185303,1,7202.138040483289,545.6166176644758,Wheat_maize,SI,CT,CI,Yes
13.841667175293,611.5,6.42300009727478,7.169000149,15.6899995803833,1,7731.324090665463,477.7451092627604,Wheat_maize,SI,CT,CI,Yes
14.4416666030884,575.0,5.7459998130798295,7.923999786,17.4599990844727,1,7405.840380494322,662.5589801694914,Wheat_maize,SI,CT,CI,Yes
12.7250003814697,699.5,7.314000129699711,6.763000011,21.5400009155273,1,6379.855615250979,373.96402762886464,Wheat_maize,SI,CT,CI,Yes
15.0416669845581,830.900024414062,5.75299978256226,7.237999916,11.2200002670288,1,7487.700611681335,466.75007346363,Wheat_maize,SI,CT,CI,Yes
14.25,563.100036621094,6.02400004863739,7.907000065,16.9500007629395,1,6904.886592531399,436.1317612463472,Wheat_maize,SI,CT,CI,Yes
13.1500005722046,630.200012207031,7.74999976158142,6.552999973,22.6800003051758,1,7183.825970113078,442.1683535059766,Wheat_maize,SI,CT,CI,Yes
13.0083341598511,776.700012207031,6.904000043869019,6.934999943,17.5400009155273,1,6979.12580499284,346.5199286078522,Wheat_maize,SI,CT,CI,Yes
13.5333337783813,687.799987792969,6.38100028038025,6.800000191,15.1499996185303,1,7054.681729815945,402.358150262131,Wheat_maize,SI,CT,CI,Yes
14.8833332061768,672.200012207031,6.04299962520599,6.198999882,19.4874992370605,1,6359.163396304575,454.9767522924899,Wheat_maize,SI,CT,CI,Yes
12.6833333969116,677.700012207031,8.36000025272369,6.479000092,21.7099990844727,1,6567.636728757045,478.22300302817007,Wheat_maize,SI,CT,CI,Yes
12.4250001907349,714.900024414062,8.18599998950958,6.833000183,16.5900001525879,1,5846.603796432291,443.61170383981187,Wheat_maize,SI,CT,CI,Yes
13.3500003814697,795.700012207031,5.46899974346161,4.756000042,19.8732395172119,1,6338.329221960118,350.32834926108296,Wheat_maize,SI,CT,CI,Yes
14.1083335876465,623.5,6.14600002765656,7.386000156,19.4300003051758,1,6319.776375385437,482.17022657290227,Wheat_maize,SI,CT,CI,Yes
14.1083335876465,623.5,6.2929999828338605,7.269999981,16.9200000762939,1,6647.408649540001,279.48398113696487,Wheat_maize,SI,CT,CI,Yes
13.841667175293,611.5,9.32699978351593,7.175999641,18.8400001525879,1,6892.642429007103,312.12108414634133,Wheat_maize,SI,CT,CI,Yes
14.0166673660278,740.700012207031,6.32000029087067,7.522999763,19.6200008392334,1,6892.760448764024,348.2845992687386,Wheat_maize,SI,CT,CI,Yes
14.1083335876465,623.5,6.16200029850006,7.256000042,13.5,1,6923.047563560547,291.99167999999634,Wheat_maize,SI,CT,CI,Yes
14.0166673660278,740.700012207031,5.7779997587204,7.40500021,14.0799999237061,1,6941.995775761382,445.9239111617312,Wheat_maize,SI,CT,CI,Yes
14.0666666030884,739.900024414062,5.04899978637695,7.867000103,15.1599998474121,1,7051.516875276511,502.98905771422636,Wheat_maize,SI,CT,CI,Yes
14.2666673660278,665.299987792969,5.86199998855591,8.008999825,17.2199993133545,1,7511.303162090774,376.37169930379673,Wheat_maize,SI,CT,CI,Yes
15.6583337783813,765.0,9.96800005435944,6.942000389,21.0,1,6479.687780623749,700.158045,Wheat_maize,SI,CT,CI,Yes
15.7916669845581,728.600036621094,5.42900025844574,8.020999908,16.2600002288818,1,7614.802234375,305.53905499999996,Wheat_maize,SI,CT,CI,Yes
14.7750005722046,713.799987792969,6.80000007152557,7.031000137,17.2299995422363,1,7799.849318871449,400.3293859271512,Wheat_maize,SI,CT,CI,Yes
15.216667175293,684.700012207031,6.52099967002869,6.71600008,12.7299995422363,1,6778.201850368815,530.3214982022714,Wheat_maize,SI,CT,CI,Yes
15.216667175293,684.700012207031,8.3050000667572,6.575999737,13.8400001525879,1,7379.703854150173,435.6842712430938,Wheat_maize,SI,CT,CI,Yes
15.4833335876465,677.100036621094,6.4609998464584395,7.722000122,17.6100006103516,1,7431.651918676274,492.27975076709265,Wheat_maize,SI,CT,CI,Yes
14.0083332061768,788.700012207031,7.25000023841858,6.830999851,20.75,1,6834.169566695435,461.8117097826075,Wheat_maize,SI,CT,CI,Yes
15.0666666030884,675.400024414062,6.63399994373322,6.849999905,19.4300003051758,1,6776.310331398191,488.90972832551887,Wheat_maize,SI,CT,CI,Yes
13.3083333969116,762.0,9.143000245094301,6.599999905,21.7399997711182,1,6441.622254616703,403.7116016034095,Wheat_maize,SI,CT,CI,Yes
13.4416666030884,770.700012207031,8.45600008964539,6.404000282,21.6800003051758,1,6629.4439592237495,383.4625099999985,Wheat_maize,SI,CT,CI,Yes
13.375,870.700012207031,8.50800037384033,6.49600029,19.1299991607666,1,6844.954000238031,331.5916424226393,Wheat_maize,SI,CT,CI,Yes
13.4499998092651,808.599975585938,7.627000212669371,7.767000198,19.7600002288818,1,6518.6064554826135,300.6276663629403,Wheat_maize,SI,CT,CI,Yes
13.4499998092651,798.300048828125,10.5900001525879,7.180999756,22.1399993896484,1,6026.485407457889,433.318819899496,Wheat_maize,SI,CT,CI,Yes
15.5666666030884,933.100036621094,7.511000037193299,7.866000175,26.3099994659424,1,6421.549271001823,476.9621329729731,Wheat_maize,SI,CT,CI,Yes
13.4499998092651,808.599975585938,7.9070001840591395,7.346000195,21.9500007629395,1,6220.393982929926,608.085045325078,Wheat_maize,SI,CT,CI,Yes
14.375,856.299987792969,6.05399966239929,7.462999821,22.4400005340576,1,6137.7374053887515,427.5324664317126,Wheat_maize,SI,CT,CI,Yes
14.0083332061768,788.700012207031,5.9020000696182295,7.099999905,14.5200004577637,1,6498.780533808685,327.2830831578946,Wheat_maize,SI,CT,CI,Yes
14.1583337783813,890.0,7.7999997138977095,6.508999825,16.1599998474121,1,6905.717687051171,412.2906472929933,Wheat_maize,SI,CT,CI,Yes
14.0083332061768,788.700012207031,7.03400015830994,7.440999985,16.7900009155273,1,6099.888553175033,504.7627015231792,Wheat_maize,SI,CT,CI,Yes
15.1166667938232,946.600036621094,8.02299976348877,6.582000256,22.2600002288818,1,5902.25335202719,295.7382230824196,Wheat_maize,SI,CT,CI,Yes
14.7416667938232,646.299987792969,5.702000260353089,7.979000092,18.2700004577637,1,6615.561755031184,399.86028600508706,Wheat_maize,SI,CT,CI,Yes
14.4000005722046,599.600036621094,5.89700043201447,7.993999958,17.9699993133545,1,6872.588026615522,526.2500118064668,Wheat_maize,SI,CT,CI,Yes
15.1416673660278,595.0,5.390999913215641,7.940000057,19.6100006103516,1,6834.4150798675755,472.58254488664704,Wheat_maize,SI,CT,CI,Yes
15.5666666030884,652.799987792969,4.15699988603592,8.291000366,6.3600001335144,1,7166.314547431252,544.4357588057406,Wheat_maize,SI,CT,CI,Yes
15.0250005722046,574.799987792969,4.95600014925003,7.941999912,17.4200000762939,1,7047.3706378272645,438.80741397776296,Wheat_maize,SI,CT,CI,Yes
15.375,630.900024414062,5.64000010490417,7.929999828,16.1100006103516,1,7552.992519494184,491.47617137614657,Wheat_maize,SI,CT,CI,Yes
15.0250005722046,574.799987792969,5.62200009822845,7.979000092,17.7900009155273,1,7194.123424382667,365.4183659490369,Wheat_maize,SI,CT,CI,Yes
14.4000005722046,599.600036621094,5.86000025272369,7.980999947,18.6700000762939,1,7336.818400701808,436.42433443769255,Wheat_maize,SI,CT,CI,Yes
15.5666666030884,652.799987792969,5.8599996566772505,7.980000019,19.1200008392334,1,7263.258646018661,373.4391497368363,Wheat_maize,SI,CT,CI,Yes
15.2916669845581,625.799987792969,5.53200006484985,7.973999977,17.7399997711182,1,6809.24152890625,443.61170383981187,Wheat_maize,SI,CT,CI,Yes
14.9250001907349,583.600036621094,6.40100002288818,7.997000217,20.7000007629395,1,7223.175299678329,565.1502990927085,Wheat_maize,SI,CT,CI,Yes
14.9250001907349,583.600036621094,5.8370000123977706,7.97300005,19.1399993896484,1,7108.31767337125,489.148120649868,Wheat_maize,SI,CT,CI,Yes
15.2916669845581,625.799987792969,5.595999956130981,7.948999882,20.2299995422363,1,6946.710532768009,536.3754380746266,Wheat_maize,SI,CT,CI,Yes
14.9499998092651,602.600036621094,6.33899986743927,7.993000031,20.7199993133545,1,6722.082472926333,406.59111344759293,Wheat_maize,SI,CT,CI,Yes
15.375,630.900024414062,4.89300012588501,7.93200016,18.3999996185303,1,6853.177323146641,410.49103999999966,Wheat_maize,SI,CT,CI,Yes
15.091667175293,565.900024414062,5.3460001945495605,8.079999924,14.5900001525879,1,6329.974095870599,466.0039244135397,Wheat_maize,SI,CT,CI,Yes
14.4416666030884,575.0,5.5620002746582,7.962999821,17.1900005340576,1,6947.1217222638625,610.7467115772887,Wheat_maize,SI,CT,CI,Yes
14.0416669845581,582.299987792969,5.80200016498566,7.988999844,17.8899993896484,1,6002.454130773502,465.61398793193695,Wheat_maize,SI,CT,CI,Yes
14.25,563.100036621094,6.39400005340576,7.032999992,18.1000003814697,1,7055.537819585477,635.1778365984742,Wheat_maize,SI,CT,CI,Yes
15.591667175293,687.0,6.21500015258789,8.0,19.2900009155273,1,6821.067612021058,443.61170383981187,Wheat_maize,SI,CT,CI,Yes
15.7083339691162,744.200012207031,4.31999981403351,8.183000565,9.19999980926514,1,6869.893576079257,344.7987222922909,Wheat_maize,SI,CT,CI,Yes
15.6916675567627,782.200012207031,4.14799988269806,7.694000244,5.98999977111816,1,6237.28081607878,330.5290572222221,Wheat_maize,SI,CT,CI,Yes
15.7083339691162,744.200012207031,5.89200019836426,7.993999958,17.9400005340576,1,6706.491447153561,364.0011178068259,Wheat_maize,SI,CT,CI,Yes
15.7916669845581,728.600036621094,5.24399995803833,7.958000183,17.5799999237061,1,6179.142083292822,536.3986207333846,Wheat_maize,SI,CT,CI,Yes
15.125,650.900024414062,5.50599992275238,8.078000069,14.8800001144409,1,6452.683058319176,444.8208988693145,Wheat_maize,SI,CT,CI,Yes
15.125,650.900024414062,6.00000023841858,8.0,18.0,1,6449.820804211262,410.8113598453611,Wheat_maize,SI,CT,CI,Yes
15.591667175293,687.0,5.27400016784668,7.695000172,16.1499996185303,1,6855.085755566468,497.79591521739144,Wheat_maize,SI,CT,CI,Yes
15.9916667938232,710.200012207031,6.57999992370605,7.920000076,16.9099998474121,1,6763.444054235961,351.9279197802198,Wheat_maize,SI,CT,CI,Yes
15.2833337783813,722.800048828125,5.074000358581539,7.737999916,16.25,1,5739.037752018228,397.8030979387861,Wheat_maize,SI,CT,CI,Yes
15.2833337783813,722.800048828125,8.15599977970123,6.377000332,23.4300003051758,1,7286.961270108023,452.09981370673506,Wheat_maize,SI,CT,CI,Yes
15.2833337783813,722.800048828125,3.83200019598007,8.184000015,12.7200002670288,1,5528.819260975371,391.9165036766743,Wheat_maize,SI,CT,CI,Yes
15.966667175293,781.799987792969,6.38999998569489,7.175000191,14.3999996185303,1,6322.509534444693,350.58585472672524,Wheat_maize,SI,CT,CI,Yes
15.3083333969116,805.599975585938,3.92800003290176,8.175999641,12.960000038147,1,6216.436160149591,393.66455035656986,Wheat_maize,SI,CT,CI,Yes
15.7916669845581,720.0,5.544000267982479,8.072000504,15.1199998855591,1,6867.290916770227,340.880160930737,Wheat_maize,SI,CT,CI,Yes
15.9916667938232,683.0,5.297000408172609,8.111000061,13.5600004196167,1,6810.928314460742,379.1960419233667,Wheat_maize,SI,CT,CI,Yes
15.9916667938232,683.0,7.92199969291687,7.777999878,16.3299999237061,1,6586.970626727591,354.3586318757276,Wheat_maize,SI,CT,CI,Yes
15.7916669845581,720.0,6.5420001745224,7.52300024,14.7938146591187,1,7018.270271322562,402.25637893350006,Wheat_maize,SI,CT,CI,Yes
15.9916667938232,710.200012207031,5.76600015163422,8.06799984,15.0299997329712,1,6033.742220715855,297.39899663764845,Wheat_maize,SI,CT,CI,Yes
15.625,630.700012207031,5.57600021362305,7.979000092,19.1100006103516,1,5082.4242430749155,292.14768522618556,Wheat_maize,SI,CT,CI,Yes
12.3500003814697,900.0,5.47599971294403,7.563999653,22.75,1,7036.4253147770705,409.5802998168347,Wheat_maize,SI,CT,CI,Yes
15.0083332061768,773.200012207031,5.48600018024445,6.18200016,20.3614463806152,1,5285.505601030189,317.5971096443589,Wheat_maize,SI,CT,CI,Yes
15.0083332061768,773.200012207031,6.20299994945526,8.005999565,19.4699993133545,1,5323.6886626516525,368.4149262876028,Wheat_maize,SI,CT,CI,Yes
15.625,630.700012207031,5.103000402450561,7.989999771,15.3299999237061,1,5309.974664813912,316.370086417617,Wheat_maize,SI,CT,CI,Yes
13.5416669845581,790.0,5.304999947547911,8.062999725,16.9799995422363,1,5703.008709988807,416.4091812009303,Wheat_maize,SI,CT,CI,Yes
15.0083332061768,773.200012207031,6.20899975299835,6.861999989,11.1300001144409,1,5621.6674489144225,329.8126583780966,Wheat_maize,SI,CT,CI,Yes
15.9916667938232,710.200012207031,5.76600015163422,8.06799984,15.0299997329712,1,6445.336734491455,426.8876067192447,Wheat_maize,SI,CT,CI,Yes
16.2749996185303,767.0,6.95199966430664,7.053999901,23.1399993896484,1,6044.14809103303,352.8922160526356,Wheat_maize,SI,CT,CI,Yes
16.2749996185303,767.0,9.59399998188019,6.806000233,41.1800003051758,1,6798.129052366338,383.0650714617533,Wheat_maize,SI,CT,CI,Yes
15.5083332061768,840.200012207031,8.384000062942501,6.953000069,28.7000007629395,1,5917.952994900017,439.0043981299177,Wheat_maize,SI,CT,CI,Yes
16.2749996185303,767.0,6.31200015544891,6.590000153,9.72000026702881,1,5885.2943008931215,157.886318150289,Wheat_maize,SI,CT,CI,Yes
16.2250003814697,947.700012207031,9.182000160217289,5.503000259,35.0219764709473,1,5871.916775635851,343.7184950863864,Wheat_maize,SI,CT,CI,Yes
15.0583333969116,708.299987792969,5.35700023174286,7.888000011,16.3299999237061,1,6342.6872179822585,427.807998503755,Wheat_maize,SI,CT,CI,Yes
15.0083332061768,603.799987792969,4.46099996566772,8.166999817,8.76000022888184,1,7283.60133760174,517.4375668011512,Wheat_maize,SI,CT,CI,Yes
15.1750001907349,614.799987792969,6.29999995231628,6.5,9.0,1,7047.948622059086,442.5247129985586,Wheat_maize,SI,CT,CI,Yes
15.5250005722046,635.700012207031,6.14499986171722,8.015000343,14.9700002670288,1,7001.689177978176,447.3895932152927,Wheat_maize,SI,CT,CI,Yes
15.5250005722046,635.700012207031,4.69899982213974,8.017000198,14.3500003814697,1,6842.563409594197,265.21399843064216,Wheat_maize,SI,CT,CI,Yes
11.9333333969116,668.100036621094,7.32999980449677,7.235000134,22.3500003814697,1,6070.41640073771,336.7966315662516,Wheat_maize,SI,CT,CI,Yes
15.5250005722046,635.700012207031,4.07200008630753,8.171999931,12.6000003814697,1,7145.751165269317,518.3170266206033,Wheat_maize,SI,CT,CI,Yes
15.1750001907349,614.799987792969,6.51099979877472,7.498000145,17.9400005340576,1,7619.796358962101,477.37532233909144,Wheat_maize,SI,CT,CI,Yes
15.8916664123535,643.799987792969,6.33300006389618,8.0,20.6100006103516,1,7273.560093277012,547.7504815726377,Wheat_maize,SI,CT,CI,Yes
15.8916664123535,643.799987792969,5.49199998378754,8.111000061,14.7299995422363,1,7234.201065818379,498.0217536464196,Wheat_maize,SI,CT,CI,Yes
15.8916664123535,643.799987792969,5.53799986839294,8.104000092,13.5900001525879,1,6905.690591374272,481.03627194759963,Wheat_maize,SI,CT,CI,Yes
15.7416667938232,632.5,4.34700012207031,8.261000633,7.55999994277954,1,7041.13957119123,359.35363327695524,Wheat_maize,SI,CT,CI,Yes
15.7416667938232,632.5,5.5259996652603105,8.084000587,8.30000019073486,1,7127.66227533857,440.21727663677837,Wheat_maize,SI,CT,CI,Yes
15.7416667938232,632.5,6.35299980640411,7.835000038,18.9300003051758,1,6527.437354242236,452.3773487543442,Wheat_maize,SI,CT,CI,Yes
15.8916664123535,643.799987792969,7.416000366210939,6.81799984,15.5600004196167,1,7109.361049840322,460.91965034864455,Wheat_maize,SI,CT,CI,Yes
14.75,664.799987792969,5.00699996948242,8.109000206,15.5200004577637,1,7050.7667105543005,297.0270128396071,Wheat_maize,SI,CT,CI,Yes
14.75,664.799987792969,5.91600000858307,8.031999588,18.8400001525879,1,7007.376059004999,490.4305664285714,Wheat_maize,SI,CT,CI,Yes
14.75,664.799987792969,6.00199997425079,8.015000343,18.5100002288818,1,6834.530755481772,397.8030979387861,Wheat_maize,SI,CT,CI,Yes
15.2833337783813,722.800048828125,5.7530003786087,8.038999557,16.4400005340576,1,7207.377892776103,423.9942270873595,Wheat_maize,SI,CT,CI,Yes
14.1583337783813,611.700012207031,6.73500001430511,7.909999847,18.7199993133545,1,6801.377283902575,431.9311900583077,Wheat_maize,SI,CT,CI,Yes
15.9333333969116,630.799987792969,4.22800004482269,8.270999908,7.53000020980835,1,7116.454661966377,401.63538188796775,Wheat_maize,SI,CT,CI,Yes
15.1500005722046,636.5,6.10399961471558,7.765999794,21.5400009155273,1,6984.437127565994,506.8248980771798,Wheat_maize,SI,CT,CI,Yes
14.9499998092651,602.600036621094,4.97400015592575,8.161999702,11.5200004577637,1,7445.965807623729,542.4715949492055,Wheat_maize,SI,CT,CI,Yes
15.125,650.900024414062,7.94700026512146,7.995999813,33.1599998474121,1,6958.74443179984,450.0972320120485,Wheat_maize,SI,CT,CI,Yes
15.125,650.900024414062,6.05800032615662,7.171000004,17.9677410125732,1,7112.033594835669,531.8464742868462,Wheat_maize,SI,CT,CI,Yes
15.1500005722046,636.5,6.8149995803833,7.997000217,24.0,1,6837.1858297218105,413.9530786308872,Wheat_maize,SI,CT,CI,Yes
15.9916667938232,683.0,6.0860002040863,8.003000259,18.5100002288818,1,6283.882521096357,239.24629841889254,Wheat_maize,SI,CT,CI,Yes
16.2416667938232,848.700012207031,7.79100000858307,6.688000202,13.7700004577637,1,6715.9895573574995,568.443225,Wheat_maize,SI,CT,CI,Yes
15.3083333969116,805.599975585938,5.87499976158142,7.054999828,11.4899997711182,1,6316.164029326816,433.2472178658961,Wheat_maize,SI,CT,CI,Yes
15.966667175293,781.799987792969,6.48299992084503,7.909999847,20.25,1,7044.1077216673175,353.0314582349799,Wheat_maize,SI,CT,CI,Yes
16.1499996185303,802.0,8.42199981212616,6.948999882,26.8899993896484,1,7303.426241464397,441.35416004596834,Wheat_maize,SI,CT,CI,Yes
16.1499996185303,802.0,8.32800030708313,6.940999985,33.1100006103516,1,7039.33389632798,409.9467269799188,Wheat_maize,SI,CT,CI,Yes
16.2250003814697,947.700012207031,10.1889991760254,6.25399971,27.6100006103516,1,7183.92688817125,384.2102687543442,Wheat_maize,SI,CT,CI,Yes
16.2416667938232,848.700012207031,7.83200025558472,7.791999817,27.6200008392334,1,6348.296731591758,308.7554115153879,Wheat_maize,SI,CT,CI,Yes
14.1750001907349,696.200012207031,4.26800012588501,8.145999908,14.1999998092651,1,5233.213786949951,308.1204,Wheat_maize,SI,CT,CI,Yes
12.4416666030884,791.900024414062,5.817000269889831,7.903999805,20.2299995422363,1,5249.51566422088,387.0201912952646,Wheat_maize,SI,CT,CI,Yes
14.1750001907349,696.200012207031,4.89100009202957,8.107000351,16.0699996948242,1,5032.974031153846,449.83224704158476,Wheat_maize,SI,CT,CI,Yes
14.2250003814697,680.0,4.34500008821487,8.13999939,13.9499998092651,1,6280.682426129622,444.680476479199,Wheat_maize,SI,CT,CI,Yes
15.5583333969116,851.5,9.9700003862381,5.866000175,20.4888896942139,1,5459.424936935861,342.0945740267035,Wheat_maize,SI,CT,CI,Yes
16.0249996185303,904.5,10.2300000190735,5.938000202,30.6200008392334,1,6104.565378576059,337.05598288732426,Wheat_maize,SI,CT,CI,Yes
15.5416669845581,788.400024414062,9.65099990367889,6.335999966,39.5800018310547,1,5398.534436644998,416.1767972966649,Wheat_maize,SI,CT,CI,Yes
15.5583333969116,851.5,10.0059998035431,6.510000229,40.9199981689453,1,6340.000241365,378.3814384025195,Wheat_maize,SI,CT,CI,Yes
15.6750001907349,829.5,10.8000004291534,6.275000095,26.1399993896484,1,5675.60278961127,371.9917481243499,Wheat_maize,SI,CT,CI,Yes
15.5416669845581,788.400024414062,9.787000417709349,6.088000298,34.0,1,6420.175011495774,355.6748871816865,Wheat_maize,SI,CT,CI,Yes
16.1083335876465,848.900024414062,12.2459995746613,7.133999825,34.1199989318848,1,6282.730239891618,345.4921899019615,Wheat_maize,SI,CT,CI,Yes
16.7416667938232,859.600036621094,9.61399972438812,6.394000053,20.5100002288818,1,5890.657516573425,294.9646011565363,Wheat_maize,SI,CT,CI,Yes
17.0083332061768,834.799987792969,9.69500005245209,7.105000019,41.6300010681152,1,6271.342883647045,339.9281153803446,Wheat_maize,SI,CT,CI,Yes
17.0083332061768,834.799987792969,10.0839996337891,7.472000122,51.3199996948242,1,6586.982064354577,439.2942230272836,Wheat_maize,SI,CT,CI,Yes
15.9583339691162,816.400024414062,6.3709998130798295,8.161999702,22.5599994659424,1,6812.706307719296,358.83983381674295,Wheat_maize,SI,CT,CI,Yes
15.7833337783813,727.900024414062,6.25299990177155,7.927000046,15.3999996185303,1,6588.988993164726,446.83376017421733,Wheat_maize,SI,CT,CI,Yes
15.875,732.0,6.72100007534027,8.06000042,24.3199996948242,1,6521.661343700285,397.8030979387861,Wheat_maize,SI,CT,CI,Yes
15.875,732.0,5.00599980354309,8.140000343,11.7700004577637,1,7098.788105073506,452.81417629400596,Wheat_maize,SI,CT,CI,Yes
15.875,732.0,6.7059999704361,8.093000412,24.4300003051758,1,7172.226565102981,497.9283150000001,Wheat_maize,SI,CT,CI,Yes
15.9583339691162,816.400024414062,6.033999919891359,8.12899971,19.5100002288818,1,6970.033460616921,458.27763630591915,Wheat_maize,SI,CT,CI,Yes
15.966667175293,857.0,7.00500011444092,8.074999809,26.6000003814697,1,7037.258080804522,459.96597715228705,Wheat_maize,SI,CT,CI,Yes
16.3250007629395,893.0,7.60399997234344,7.982999802,30.7399997711182,1,7055.103576852619,454.1462124648953,Wheat_maize,SI,CT,CI,Yes
16.7999992370605,1204.0,9.67599987983704,6.565000057,21.4899997711182,1,4965.2995,259.35,Wheat_maize,SI,CT,CI,Yes
17.0416660308838,1094.19995117188,8.60000014305115,6.426000118,20.9400005340576,1,6533.449940436735,294.6514020863307,Wheat_maize,SI,CT,CI,Yes
17.125,1084.30004882812,13.137999773025498,5.782999992,29.0699996948242,1,6182.354084122267,347.129960040775,Wheat_maize,SI,CT,CI,Yes
15.9916667938232,683.0,6.05400025844574,7.730000019,16.3799991607666,1,6624.336547933081,296.7520734653466,Wheat_maize,SI,CT,CI,Yes
16.1333332061768,809.300048828125,7.035000324249269,8.005999565,26.1700000762939,1,6516.243309028214,390.49291132653127,Wheat_maize,SI,CT,CI,Yes
16.1333332061768,809.300048828125,5.497999787330629,8.163000107,15.7700004577637,1,7409.710683078589,413.16855535322907,Wheat_maize,SI,CT,CI,Yes
16.5750007629395,912.600036621094,8.59300017356873,7.945000172,38.4599990844727,1,6733.592180627989,443.67505968679404,Wheat_maize,SI,CT,CI,Yes
16.2749996185303,854.400024414062,8.20500016212463,7.460999966,36.6199989318848,1,5957.942186666667,397.8030979387861,Wheat_maize,SI,CT,CI,Yes
15.9500007629395,749.900024414062,7.81300008296967,8.0,32.2099990844727,1,6673.368207692105,368.25073829695555,Wheat_maize,SI,CT,CI,Yes
16.2749996185303,854.400024414062,7.77600049972534,8.0,31.9200000762939,1,6685.730862502445,472.29366264232993,Wheat_maize,SI,CT,CI,Yes
16.4583339691162,913.400024414062,8.01400005817413,7.986999989,33.189998626709,1,7008.1132586254225,439.08879149681525,Wheat_maize,SI,CT,CI,Yes
16.4416675567627,938.700012207031,9.9779999256134,7.0,29.9300003051758,1,7134.786475373014,496.14654832718537,Wheat_maize,SI,CT,CI,Yes
16.4416675567627,938.700012207031,10.621999502182,6.8699998860000004,45.5900001525879,1,7121.510201008517,349.8675844695458,Wheat_maize,SI,CT,CI,Yes
16.6833343505859,1000.80004882812,10.5280005931854,7.243999958,43.310001373291,1,6557.790387001748,375.3269596088295,Wheat_maize,SI,CT,CI,Yes
16.6916675567627,1028.0,10.7439994812012,5.237999916,29.8400001525879,1,5930.21395882568,335.9262314978904,Wheat_maize,SI,CT,CI,Yes
16.6916675567627,1028.0,10.105999708175698,6.263000011,34.9799995422363,1,6245.022124640345,419.80064872119846,Wheat_maize,SI,CT,CI,Yes
16.375,942.599975585938,9.30399954319,6.451999664,19.6399993896484,1,6990.967992145474,375.65492145569783,Wheat_maize,SI,CT,CI,Yes
16.4416675567627,938.700012207031,11.138999462127702,6.34800005,26.4899997711182,1,6021.351842707207,336.01075299392113,Wheat_maize,SI,CT,CI,Yes
16.4416675567627,938.700012207031,8.13400030136108,6.947000027,30.0200004577637,1,6477.314122656662,324.6399278687767,Wheat_maize,SI,CT,CI,Yes
16.6833343505859,1000.80004882812,9.613000154495241,6.298000336,33.6500015258789,1,6083.3920275625005,358.920585000001,Wheat_maize,SI,CT,CI,Yes
14.1583337783813,611.700012207031,6.36600017547607,7.315999985,15.2200002670288,1,6300.460281906086,431.4502567961207,Wheat_maize,SI,CT,CI,Yes
15.0166664123535,851.100036621094,5.8429998159408605,6.559999943,15.6400003433228,1,5447.199078613208,252.14633527833098,Wheat_maize,SI,CT,CI,Yes
15.4750003814697,912.5,8.85500013828278,6.536000252,13.9799995422363,1,5188.090510831781,300.67367379310537,Wheat_maize,SI,CT,CI,Yes
14.5083332061768,929.0,11.0450005531311,7.187000275,28.6700000762939,1,5751.495667388677,360.2690654512634,Wheat_maize,SI,CT,CI,Yes
16.9750003814697,843.600036621094,9.860000014305111,5.901000023,44.4130439758301,1,5033.961006310355,288.9389125403949,Wheat_maize,SI,CT,CI,Yes
14.0583333969116,1158.90002441406,12.5999999046326,6.164000034,40.5200004577637,1,5866.466892580642,272.39794271572566,Wheat_maize,SI,CT,CI,Yes
14.8166666030884,1229.59997558594,11.66100025177,6.3800001139999996,31.4899997711182,1,5372.013418596622,310.95676333501564,Wheat_maize,SI,CT,CI,Yes
16.7749996185303,1216.90002441406,12.3199999332428,6.276000023,42.310001373291,1,4799.4045165249845,398.0515857168783,Wheat_maize,SI,CT,CI,Yes
16.7749996185303,1216.90002441406,10.8930003643036,5.225999832,22.9599990844727,1,6075.733499577404,434.9343163833769,Wheat_maize,SI,CT,CI,Yes
16.7749996185303,1216.90002441406,8.648999929428099,6.90199995,18.0322589874268,1,5004.130654669736,334.353071052632,Wheat_maize,SI,CT,CI,Yes
17.2833347320557,858.299987792969,9.77400004863739,6.906000137,32.0400009155273,1,4516.856104642855,371.42907168131336,Wheat_maize,SI,CT,CI,Yes
16.8500003814697,872.100036621094,6.65800034999847,6.909999847,17.9680843353271,1,4852.9211282277165,271.7817145893698,Wheat_maize,SI,CT,CI,Yes
13.9333333969116,1041.59997558594,11.5020000934601,6.484000206,45.0099983215332,1,4817.524296711357,461.82491618876446,Wheat_maize,SI,CT,CI,Yes
16.8500003814697,872.100036621094,10.0619995594025,7.204999924,28.4699993133545,1,5756.883511713986,432.93034383237534,Wheat_maize,SI,CT,CI,Yes
17.0249996185303,884.700012207031,6.99200034141541,6.458000183,17.6105270385742,1,5987.024736594556,397.10249893805315,Wheat_maize,SI,CT,CI,Yes
18.0833339691162,1542.90002441406,11.0199999809265,6.46900034,25.5900001525879,1,4750.471458333332,308.5479763178761,Wheat_maize,SI,CT,CI,Yes
14.8500003814697,1450.40002441406,13.5159993171692,6.1300001139999996,22.1800003051758,1,5005.524760051516,444.33155118651905,Wheat_maize,SI,CT,CI,Yes
15.0166664123535,1358.80004882812,10.8899998664856,5.720000267,22.4500007629395,1,4895.159504378794,452.41895248287733,Wheat_maize,SI,CT,CI,Yes
13.3666667938232,1251.90002441406,11.0790002346039,6.28000021,36.3899993896484,1,5126.081646104323,476.02584239214866,Wheat_maize,SI,CT,CI,Yes
14.9166669845581,1447.60009765625,11.3540005683899,6.868999958,33.9500007629395,1,5468.167821349738,369.071982190359,Wheat_maize,SI,CT,CI,Yes
12.5166673660278,1124.70007324219,12.3540008068085,6.276000023,42.4300003051758,1,5674.65854626579,427.537064130839,Wheat_maize,SI,CT,CI,Yes
23.9750003814697,1691.59997558594,11.0350000858307,6.247000217,22.9400005340576,1,5671.910845435854,378.4176881044107,Wheat_maize,SI,CT,CI,Yes
24.2416667938232,1846.69995117188,11.254999637603799,6.815000057,22.6399993896484,1,4781.4045028125,370.686410571371,Wheat_maize,SI,CT,CI,Yes
23.4583339691162,1820.10009765625,10.3880000114441,6.291999817,23.3199996948242,1,4791.905261690703,370.686410571371,Wheat_maize,SI,CT,CI,Yes
23.3833332061768,2174.10009765625,11.090999841690099,7.051000118,25.6499996185303,1,4221.988411532453,370.686410571371,Wheat_maize,SI,CT,CI,Yes
20.841667175293,1226.59997558594,26.8079996109009,5.387000084,44.4599990844727,1,3716.7959809096737,209.4845802655302,Wheat_maize,SI,CT,CI,Yes
20.2250003814697,1266.5,13.9690005779266,6.309999943,45.8699989318848,1,3857.4109154156067,265.6353340926523,Wheat_maize,SI,CT,CI,Yes
20.783332824707,1219.90002441406,27.516000270843502,4.800000191,48.8800010681152,1,3727.9862292654025,233.25355450236944,Wheat_maize,SI,CT,CI,Yes
20.7999992370605,1134.40002441406,21.559998989105196,5.079999924,38.8400001525879,1,4187.851891951952,186.62878702834738,Wheat_maize,SI,CT,CI,Yes
19.6333332061768,1007.70001220703,30.699999332428,4.800000191,50.0,1,4368.5530499999995,222.4256789202388,Wheat_maize,SI,CT,CI,Yes
19.8999996185303,1296.40002441406,21.4359998703003,5.208000183,47.5999984741211,1,3883.742647861507,244.35830621148114,Wheat_maize,SI,CT,CI,Yes
20.3333339691162,1342.59997558594,12.301000356674201,6.138999939,40.4343452453613,1,3677.969880755773,290.7270818754373,Wheat_maize,SI,CT,CI,Yes
21.8333339691162,1221.09997558594,11.352000236511198,6.513000011,41.3125,1,4097.058858928573,232.45044082500084,Wheat_maize,SI,CT,CI,Yes
17.1333332061768,1342.5,10.938000679016099,6.006999969,20.5108699798584,1,5198.360025810435,354.104327343519,Wheat_maize,SI,CT,CI,Yes
17.9166660308838,1125.59997558594,10.353000164032,3.996000051,21.7088603973389,1,4954.589477027026,429.02371073232086,Wheat_maize,SI,CT,CI,Yes
17.9500007629395,1130.59997558594,11.6490006446838,6.640999794,20.5499992370605,1,4940.997251351351,335.16053505664513,Wheat_maize,SI,CT,CI,Yes
18.125,1194.70007324219,8.75800013542175,7.93200016,21.0,1,4650.29789444052,372.76852975629174,Wheat_maize,SI,CT,CI,Yes
18.5,1113.0,12.454000711441001,6.774000168,20.6200008392334,1,4702.771390902775,378.73067781828223,Wheat_maize,SI,CT,CI,Yes
17.9500007629395,1130.59997558594,10.292999744415301,5.582000256,27.8539333343506,1,5137.032377036196,360.3803879978215,Wheat_maize,SI,CT,CI,Yes
15.0083332061768,1427.0,13.473000526428201,5.117000103,20.9899997711182,1,4945.677329255319,388.28207760983673,Wheat_maize,SI,CT,CI,Yes
17.9166660308838,1125.59997558594,12.8170001506805,6.477000237,20.5100002288818,1,4766.9814269736835,389.9954034776979,Wheat_maize,SI,CT,CI,Yes
19.216667175293,1125.80004882812,7.97100007534027,6.201000214,20.9135799407959,1,4790.063146153843,360.52647255664493,Wheat_maize,SI,CT,CI,Yes
18.5750007629395,1196.40002441406,12.519000768661499,6.203999996,20.4799995422363,1,4794.204258308894,359.12424473406435,Wheat_maize,SI,CT,CI,Yes
19.2333335876465,1130.70007324219,12.2300004959106,6.700000286,20.8999996185303,1,5280.730834792626,316.652643351576,Wheat_maize,SI,CT,CI,Yes
15.4083337783813,1193.59997558594,12.6209998130798,5.391000271,28.0699996948242,1,5008.525775000001,372.9205702679128,Wheat_maize,SI,CT,CI,Yes
15.5166664123535,1248.09997558594,10.430999994278,4.471000195,20.2597408294678,1,5329.273149933749,401.2777777777778,Wheat_maize,SI,CT,CI,Yes
17.8083343505859,1154.40002441406,10.557000637054399,7.28000021,20.7800006866455,1,4599.488863567838,328.16268844221105,Wheat_maize,SI,CT,CI,Yes
15.4416666030884,1387.19995117188,7.54400014877319,6.40899992,20.8470592498779,1,4595.425045987499,318.8019777464787,Wheat_maize,SI,CT,CI,Yes
17.1666660308838,1351.5,12.118999958038298,5.3800001139999996,20.296703338623,1,4881.048119670846,265.29290115987453,Wheat_maize,SI,CT,CI,Yes
15.716667175293,1267.40002441406,11.7789995670319,5.544000149,34.9897956848145,1,5067.007598371771,854.6847080981595,Wheat_maize,SI,CT,CI,Yes
15.625,1228.90002441406,11.7750000953674,6.385000229,44.75,1,5080.276195851716,348.4762557604563,Wheat_maize,SI,CT,CI,Yes
15.625,1228.90002441406,11.5110003948212,5.460999966,29.5699996948242,1,5733.2327765873015,438.2994636280737,Wheat_maize,SI,CT,CI,Yes
15.4416666030884,1387.19995117188,12.1329998970032,5.493000031,21.9899997711182,1,5000.9487353310415,442.2408856882587,Wheat_maize,SI,CT,CI,Yes
15.875,1402.30004882812,13.6319994926453,5.642000198,23.2299995422363,1,4700.306759797297,322.7074945161046,Wheat_maize,SI,CT,CI,Yes
15.8500003814697,1342.5,12.2920000553131,5.019999981,22.4699993133545,1,4855.841324999999,223.26964285714286,Wheat_maize,SI,CT,CI,Yes
15.6500005722046,1337.59997558594,7.61500000953674,6.715000153,16.4099998474121,1,5005.934369752066,370.7158036516862,Wheat_maize,SI,CT,CI,Yes
17.2999992370605,1044.70007324219,8.24000000953674,7.960000038,21.0,1,4894.335339642858,350.8223662113683,Wheat_maize,SI,CT,CI,Yes
17.2999992370605,1044.70007324219,11.2000000476837,7.800000191,21.0,1,4981.781325833332,350.8223662113683,Wheat_maize,SI,CT,CI,Yes
17.2999992370605,1044.70007324219,11.2000000476837,7.800000191,21.0,1,5484.535976923076,317.53254079566,Wheat_maize,SI,CT,CI,Yes
17.3666667938232,1143.40002441406,11.2000000476837,7.800000191,21.0,1,6419.337162499999,341.4229254110447,Wheat_maize,SI,CT,CI,Yes
17.2999992370605,1044.70007324219,9.56000030040741,7.592999935,24.9699993133545,1,5831.504197940735,363.3015301011817,Wheat_maize,SI,CT,CI,Yes
17.3666667938232,1143.40002441406,11.016000509262101,7.211999893,21.1200008392334,1,5675.439643108093,328.6864306779661,Wheat_maize,SI,CT,CI,Yes
17.5583324432373,1447.20007324219,11.7949998378754,6.592999935,23.7399997711182,1,4496.8703725,350.8223662113683,Wheat_maize,SI,CT,CI,Yes
17.2999992370605,1044.70007324219,11.2000000476837,7.800000191,21.0,1,5568.6059411549995,191.26575,Wheat_maize,SI,CT,CI,Yes
17.3666667938232,1143.40002441406,10.5019998550415,7.361999989,20.9200000762939,1,5585.12691136125,278.098325,Wheat_maize,SI,CT,CI,Yes
17.3666667938232,1143.40002441406,10.681999921798699,7.532000065,21.2000007629395,1,6083.60232359948,315.92693153652414,Wheat_maize,SI,CT,CI,Yes
16.908332824707,1547.20007324219,24.293999671936,6.346000195,29.1399993896484,1,5658.68594037397,242.9095552941177,Wheat_maize,SI,CT,CI,Yes
17.3666667938232,1143.40002441406,11.1450004577637,7.624000072,21.2199993133545,1,5123.623866228749,353.19336,Wheat_maize,SI,CT,CI,Yes
18.4583339691162,1477.70007324219,13.4020006656647,5.843999863,20.4599990844727,1,4789.710673025465,261.27421317813764,Wheat_maize,SI,CT,CI,Yes
18.3583335876465,1326.59997558594,12.093000411987301,6.293000221,20.6100006103516,1,4790.692593188588,302.2985477419357,Wheat_maize,SI,CT,CI,Yes
15.1916666030884,1040.80004882812,10.142999887466399,6.769000053,24.0200004577637,1,6264.974797124166,405.3377666666666,Wheat_maize,SI,CT,CI,Yes
18.283332824707,871.100036621094,11.1779999732971,5.8800001139999996,34.7099990844727,1,5707.388059203308,554.0734432352943,Wheat_maize,SI,CT,CI,Yes
18.7916679382324,1138.5,11.9959998130798,6.274000168,21.4799995422363,1,5871.309234944352,299.1054268965517,Wheat_maize,SI,CT,CI,Yes
18.8250007629395,1161.30004882812,10.7959997653961,5.896999836,20.6206893920898,1,4193.054495452499,230.39999,Wheat_maize,SI,CT,CI,Yes
17.033332824707,1144.09997558594,12.8639996051788,5.020999908,21.7099990844727,1,4987.681662394881,299.7788748263238,Wheat_maize,SI,CT,CI,Yes
15.7750005722046,1153.5,9.62599992752075,6.894999981,21.1100006103516,1,5256.561324489796,460.0839285714285,Wheat_maize,SI,CT,CI,Yes
17.3666667938232,1005.10003662109,9.91599977016449,6.94299984,21.2099990844727,1,6066.990899628214,387.17868404426554,Wheat_maize,SI,CT,CI,Yes
17.2999992370605,1044.70007324219,11.2000000476837,7.800000191,21.0,1,6167.73694422,378.84016499999996,Wheat_maize,SI,CT,CI,Yes
16.7749996185303,970.799987792969,11.1740005016327,7.794000149,21.0,1,6124.373213339999,411.59387080032366,Wheat_maize,SI,CT,CI,Yes
16.7749996185303,970.799987792969,11.2000000476837,7.800000191,21.0,1,5331.025082478749,235.82770499999998,Wheat_maize,SI,CT,CI,Yes
17.5666675567627,1053.40002441406,8.921999931335451,7.43200016,20.7800006866455,1,5819.68533516977,352.5542520189269,Wheat_maize,SI,CT,CI,Yes
17.5666675567627,1053.40002441406,6.7519998550414995,8.065999985,17.7000007629395,1,5183.066988682499,370.7430983333334,Wheat_maize,SI,CT,CI,Yes
17.2416667938232,1006.5,8.49699974060059,7.388000011,20.75,1,5405.868740952945,312.96350871638185,Wheat_maize,SI,CT,CI,Yes
13.4916667938232,869.700012207031,14.5000004768372,5.099999905,20.0,1,5873.125943508521,350.8223662113683,Wheat_maize,SI,CT,CI,Yes
14.1666669845581,844.700012207031,12.365000247955301,5.506000042,21.9400005340576,1,4649.429019923347,450.3069934671535,Wheat_maize,SI,CT,CI,Yes
15.716667175293,944.100036621094,10.592000484466599,7.743999958,21.0,1,5709.903265169018,336.35928360515027,Wheat_maize,SI,CT,CI,Yes
14.3583335876465,1063.69995117188,11.7930006980896,6.607999802,20.5400009155273,1,5662.58790785195,420.2620525609757,Wheat_maize,SI,CT,CI,Yes
13.1000003814697,779.100036621094,10.7200002670288,5.604000092,16.3999996185303,1,4670.463104999999,317.19165810483923,Wheat_maize,SI,CT,CI,Yes
15.6000003814697,1022.70001220703,10.7920002937317,6.467999935,20.8400001525879,1,6411.693905684084,339.3936929268287,Wheat_maize,SI,CT,CI,Yes
16.4916667938232,1081.0,8.424999713897709,7.949999809,21.0,1,5239.520181567632,426.06792393854766,Wheat_maize,SI,CT,CI,Yes
18.0833339691162,1134.80004882812,8.38800013065338,7.952000141,21.0,1,5616.615109417653,306.2041347945202,Wheat_maize,SI,CT,CI,Yes
17.8000011444092,1112.59997558594,7.64800012111664,7.992000103,21.0,1,5804.855422661629,424.3179600000002,Wheat_maize,SI,CT,CI,Yes
18.1083335876465,1302.30004882812,13.147000074386598,6.207000256,20.4099998474121,1,4630.8629293905815,271.91146908355813,Wheat_maize,SI,CT,CI,Yes
18.1083335876465,1302.30004882812,13.806999921798699,5.666999817,20.2099990844727,1,5284.6533314968865,394.5882666037735,Wheat_maize,SI,CT,CI,Yes
16.9833335876465,1599.20007324219,11.7139995098114,5.710000038,21.9099998474121,1,4183.900348604651,262.228953488372,Wheat_maize,SI,CT,CI,Yes
17.1000003814697,1469.5,12.9449999332428,6.343999863,20.4599990844727,1,4916.42203125,193.2028846153845,Wheat_maize,SI,CT,CI,Yes
17.4583339691162,1686.0,11.2310004234314,6.701000214,19.4400005340576,1,5587.374499959075,279.46427571428575,Wheat_maize,SI,CT,CI,Yes
12.5250005722046,1282.30004882812,10.233000516891499,5.458000183,21.8125,1,5950.656490306123,327.99210908451414,Wheat_maize,SI,CT,CI,Yes
15.3583335876465,1274.90002441406,10.949000120163,6.445000172,20.7399997711182,1,3879.8525400000003,232.63049999999993,Wheat_maize,SI,CT,CI,Yes
15.3916673660278,1611.30004882812,12.8090000152588,6.254000187,20.7399997711182,1,5424.664233333331,211.04292541104465,Wheat_maize,SI,CT,CI,Yes
17.9500007629395,1164.20007324219,8.98400008678436,7.471000195,20.6700000762939,1,5406.315178002966,380.46543559322015,Wheat_maize,SI,CT,CI,Yes
17.6166667938232,1236.80004882812,9.44599986076355,7.566999912,20.8700008392334,1,5079.840594776249,373.5557175000001,Wheat_maize,SI,CT,CI,Yes
17.9500007629395,1164.20007324219,8.12900006771088,7.96600008,21.0,1,4596.570428274659,321.6250071212121,Wheat_maize,SI,CT,CI,Yes
17.9500007629395,1164.20007324219,7.8329998254776,7.940000057,20.6399993896484,1,5871.143135651249,345.7592479213483,Wheat_maize,SI,CT,CI,Yes
17.6750011444092,1102.70007324219,8.46199989318848,7.947999954,21.0,1,4823.63664478092,381.68252587912167,Wheat_maize,SI,CT,CI,Yes
16.6000003814697,1165.30004882812,8.03099989891052,7.964000225,20.7299995422363,1,5110.98757024875,355.5665950000006,Wheat_maize,SI,CT,CI,Yes
17.5583324432373,1447.20007324219,9.26700055599213,5.477000237,26.0941181182861,1,4898.643944203123,350.8223662113683,Wheat_maize,SI,CT,CI,Yes
17.091667175293,1283.90002441406,6.46899998188019,5.677000046,20.8533325195312,1,5494.2460883368185,314.82538601265827,Wheat_maize,SI,CT,CI,Yes
15.3916673660278,1611.30004882812,11.1699998378754,7.173999786,18.3500003814697,1,5103.8126999999995,453.93,Wheat_maize,SI,CT,CI,Yes
17.5583324432373,1447.20007324219,17.6289999485016,6.385000229,14.6700000762939,1,4712.529276321922,279.9144230769231,Wheat_maize,SI,CT,CI,Yes
17.4583339691162,1686.0,10.568000078201301,6.62100029,24.8099994659424,1,5181.827875000001,243.1507031888224,Wheat_maize,SI,CT,CI,Yes
18.7666664123535,1273.59997558594,10.915000438690202,6.251999855,20.5531921386719,1,5494.231664921875,350.8223662113683,Wheat_maize,SI,CT,CI,Yes
19.2083339691162,1178.0,10.557000637054399,5.103000164,20.4444446563721,1,4646.021585106382,265.34361702127654,Wheat_maize,SI,CT,CI,Yes
18.7666664123535,1273.59997558594,13.279000520706198,6.098999977,20.3700008392334,1,4471.368230764105,323.3662721893491,Wheat_maize,SI,CT,CI,Yes
17.9750003814697,1139.80004882812,10.2540004253387,6.633999825,21.7199993133545,1,4669.602183426818,250.87418181818197,Wheat_maize,SI,CT,CI,Yes
17.9750003814697,1139.80004882812,12.9100000858307,5.165999889,21.5,1,4575.2816930409535,232.57974071391584,Wheat_maize,SI,CT,CI,Yes
17.9750003814697,1139.80004882812,13.684999942779502,5.460999966,22.6000003814697,1,5431.210962452829,323.44103861859196,Wheat_maize,SI,CT,CI,Yes
17.033332824707,1144.09997558594,13.236000537872298,5.612999916,24.7399997711182,1,5595.517834640519,280.3078518816328,Wheat_maize,SI,CT,CI,Yes
17.2666664123535,1292.80004882812,11.969000101089499,6.775000095,20.6100006103516,1,4317.876386576249,310.98318000000006,Wheat_maize,SI,CT,CI,Yes
17.783332824707,1227.0,13.806999921798699,5.666999817,20.2099990844727,1,5248.82003125,350.8223662113683,Wheat_maize,SI,CT,CI,Yes
18.1750011444092,1097.5,12.210000753402701,6.803999901,20.6565647125244,1,5103.0775844775,348.9628245454546,Wheat_maize,SI,CT,CI,Yes
18.6166667938232,1088.09997558594,13.6090004444122,5.828999996,20.2700004577637,1,5034.857573412915,273.9581011111111,Wheat_maize,SI,CT,CI,Yes
17.783332824707,1227.0,13.0659997463226,5.732999802,20.8799991607666,1,5094.361416845412,306.9722658682636,Wheat_maize,SI,CT,CI,Yes
17.783332824707,1227.0,13.452000617981,5.540999889,28.2700004577637,1,4428.231527728469,287.71830663265325,Wheat_maize,SI,CT,CI,Yes
16.9750003814697,1326.40002441406,14.335000514984099,5.235000134,20.0499992370605,1,6010.575640192862,361.0262502409638,Wheat_maize,SI,CT,CI,Yes
16.9750003814697,1326.40002441406,10.9080004692078,6.907999992,20.6399993896484,1,5008.448996327019,471.00883384615383,Wheat_maize,SI,CT,CI,Yes
17.6499996185303,1296.0,14.0710008144379,5.450999737,20.1299991607666,1,4677.002702571428,339.78642857142887,Wheat_maize,SI,CT,CI,Yes
18.125,1230.90002441406,13.3120000362396,6.072000027,20.3600006103516,1,5184.293244457499,384.823125,Wheat_maize,SI,CT,CI,Yes
13.1666669845581,1171.09997558594,13.1090009212494,6.31400013,40.7200012207031,1,6183.173964922481,431.1159486668587,Wheat_maize,SI,CT,CI,Yes
16.908332824707,1547.20007324219,10.915000438690202,7.184999943,20.75,1,4385.8495584375,350.8223662113683,Wheat_maize,SI,CT,CI,Yes
13.1916666030884,1239.59997558594,10.468000173568699,6.519999981,22.9300003051758,1,6456.41102272727,338.7229254110446,Wheat_maize,SI,CT,CI,Yes
12.1083335876465,1125.30004882812,11.9200003147125,6.833000183,33.7400016784668,1,5464.358629248428,378.87141887650415,Wheat_maize,SI,CT,CI,Yes
10.1416664123535,917.700012207031,12.851999998092701,5.834000111,22.7000007629395,1,6234.157688109999,538.8118566666667,Wheat_maize,SI,CT,CI,Yes
11.8250007629395,1085.0,8.30399990081787,7.705999851,20.9799995422363,1,5035.692653619282,376.50897688524594,Wheat_maize,SI,CT,CI,Yes
11.8250007629395,1085.0,13.429000377655,5.43599987,20.7700004577637,1,5827.978002016129,490.33663508846405,Wheat_maize,SI,CT,CI,Yes
11.8250007629395,1085.0,16.1570012569427,7.1300001139999996,20.1100006103516,1,4568.845499999999,259.575,Wheat_maize,SI,CT,CI,Yes
16.3916664123535,1299.0,12.7369999885559,5.97699976,20.3099994659424,1,4878.6436822767655,261.98073288990827,Wheat_maize,SI,CT,CI,Yes
14.2833337783813,1154.30004882812,14.115999937057499,5.336999893,20.1800003051758,1,5220.959363437758,379.2385650000002,Wheat_maize,SI,CT,CI,Yes
16.3916664123535,1299.0,8.610000014305111,7.940000057,21.0,1,5750.080418333863,332.55402409090914,Wheat_maize,SI,CT,CI,Yes
17.9166679382324,1217.0,13.510000705719001,5.596000195,21.7399997711182,1,5279.023576354168,350.8223662113683,Wheat_maize,SI,CT,CI,Yes
18.0666675567627,1044.70007324219,8.53600025177002,7.944000244,21.0,1,4384.924433593618,289.6536686842105,Wheat_maize,SI,CT,CI,Yes
18.0666675567627,1044.70007324219,8.57299983501434,7.941999912,21.0,1,4555.610890860216,380.18139424855485,Wheat_maize,SI,CT,CI,Yes
17.9166679382324,1217.0,8.424999713897709,7.949999809,21.0,1,5142.06474024923,361.22420336538386,Wheat_maize,SI,CT,CI,Yes
6.36666679382324,774.700012207031,8.765000104904171,7.34499979,21.3299999237061,1,5261.915560730253,385.93201632013563,Wheat_maize,SI,CT,CI,Yes
7.52500009536743,782.799987792969,6.74299955368042,7.59499979,21.2700004577637,1,6362.007537499998,338.62292541104466,Wheat_maize,SI,CT,CI,Yes
1.77500009536743,745.200012207031,12.1280002593994,7.400000095,20.9200000762939,1,6283.8793318181815,391.6062587443779,Wheat_maize,SI,CT,CI,Yes
6.75833368301392,685.900024414062,6.643999814987181,7.760000229,21.1599998474121,1,5382.966494736843,439.52292541104464,Wheat_maize,SI,CT,CI,Yes
3.90833330154419,704.0,6.94999992847443,7.25,21.5,1,6050.922882952498,469.5166566666667,Wheat_maize,SI,CT,CI,Yes
3.90833330154419,704.0,6.91100001335144,7.704999924,20.8899993896484,1,5723.672719320162,286.24532369565225,Wheat_maize,SI,CT,CI,Yes
1.00833332538605,690.799987792969,8.69400024414062,6.626999855,19.0300006866455,1,5546.039849999999,209.4,Wheat_maize,SI,CT,CI,Yes
3.09166669845581,667.700012207031,7.89900004863739,6.763999939,20.9599990844727,1,3990.0163063443415,350.8223662113683,Wheat_maize,SI,CT,CI,Yes
-0.133333370089531,669.900024414062,16.401000022888198,6.809000015,20.9899997711182,1,3627.672858931449,350.8223662113683,Wheat_maize,SI,CT,CI,Yes
8.41666698455811,903.5,6.8180000782012895,7.270999908,21.6100006103516,1,5603.015378078819,294.13006826818753,Wheat_maize,SI,CT,CI,Yes
3.55833339691162,715.600036621094,6.40599966049194,7.946000099,21.1800003051758,1,5498.987464285714,216.3642857142857,Wheat_maize,SI,CT,CI,Yes
1.45000004768372,903.400024414062,9.00799989700317,6.308000088,18.1599998474121,1,4648.7589375,277.725,Wheat_maize,SI,CT,CI,Yes
3.74166679382324,745.800048828125,6.67199969291687,7.291999817,21.7600002288818,1,5399.724193069305,172.14792541104467,Wheat_maize,SI,CT,CI,Yes
1.81666684150696,716.400024414062,25.2859997749329,6.978000164,16.2199993133545,1,2655.1681234094276,350.8223662113683,Wheat_maize,SI,CT,CI,Yes
3.24166679382324,610.700012207031,9.966999888420101,7.191999912,20.8999996185303,1,5151.029665908749,162.375,Wheat_maize,SI,CT,CI,Yes
4.84166669845581,737.600036621094,8.36499989032745,7.073999882,25.2099990844727,1,5151.006075,254.86875,Wheat_maize,SI,CT,CI,Yes
2.04999995231628,753.100036621094,29.632999897003202,7.464000225,20.0,1,3677.5242380230934,350.8223662113683,Wheat_maize,SI,CT,CI,Yes
6.61666679382324,606.0,8.42400014400482,7.138999939,29.9500007629395,1,3601.7954010977546,350.8223662113683,Wheat_maize,SI,CT,CI,Yes
14.5083341598511,1019.5,11.318000555038502,5.806000233,20.7272720336914,1,7084.530546503285,500.79469212574844,Wheat_maize,SI,CT,CI,Yes
11.125,949.100036621094,6.94100022315979,7.264999866,21.4899997711182,1,5126.052012655868,292.5613876271186,Wheat_maize,SI,CT,CI,Yes
14.1583337783813,1039.90002441406,11.705000400543199,6.859000206,22.0300006866455,1,5392.8648,606.8154929577468,Wheat_maize,SI,CT,CI,Yes
14.2916669845581,889.700012207031,10.3939998149872,6.230999947,23.6100006103516,1,5941.072032200675,294.9681202702702,Wheat_maize,SI,CT,CI,Yes
17.2999992370605,1044.70007324219,11.2000000476837,7.800000191,21.0,1,5358.836719670298,444.15711522935806,Wheat_maize,SI,CT,CI,Yes
14.8000001907349,941.400024414062,12.483999729156501,6.546000004,45.0400009155273,1,6180.701011886167,469.02343513100504,Wheat_maize,SI,CT,CI,Yes
14.3833332061768,831.100036621094,13.7960004806519,6.041999817,32.7999992370605,1,5907.024228413016,392.7888615517239,Wheat_maize,SI,CT,CI,Yes
14.3833332061768,831.100036621094,11.6349995136261,6.063000202,35.060001373291,1,4633.557931632924,373.94980509433975,Wheat_maize,SI,CT,CI,Yes
10.3916664123535,1021.30004882812,9.45900022983551,6.093999863,21.4200000762939,1,5686.522288111888,336.02292541104475,Wheat_maize,SI,CT,CI,Yes
13.0333337783813,863.200012207031,11.2800002098083,6.580999851,37.5499992370605,1,5590.059087062465,347.9433554895102,Wheat_maize,SI,CT,CI,Yes
10.4000005722046,1046.70007324219,12.476999759674099,5.656000137,20.75,1,5258.194746280565,337.2725317102571,Wheat_maize,SI,CT,CI,Yes
12.8916664123535,1016.60003662109,14.926000833511399,5.165999889,20.4799995422363,1,5923.29301421933,376.95438161709984,Wheat_maize,SI,CT,CI,Yes
8.21666717529297,910.900024414062,14.775999784469601,5.639999866,22.5599994659424,1,5505.574737382587,398.00434656192544,Wheat_maize,SI,CT,CI,Yes
9.49166679382324,983.600036621094,10.571000576019301,6.421000004,20.9699993133545,1,4955.064283018868,305.0466981132075,Wheat_maize,SI,CT,CI,Yes
9.49166679382324,983.600036621094,10.1400005817413,6.613999844,34.1599998474121,1,4669.244527391342,375.5330989024394,Wheat_maize,SI,CT,CI,Yes
11.0,928.599975585938,11.136000156402599,5.840000153,20.9400005340576,1,5906.310620483462,382.79544449501435,Wheat_maize,SI,CT,CI,Yes
12.4916667938232,953.100036621094,9.15399968624115,5.763999939,22.4242420196533,1,6289.568528192565,350.8223662113683,Wheat_maize,SI,CT,CI,Yes
15.2666673660278,1213.0,8.50099980831146,4.624000072,25.8356170654297,1,5254.229448365759,297.564634798392,Wheat_maize,SI,CT,CI,Yes
15.4083337783813,1199.30004882812,13.7999999523163,5.646999836,27.78125,1,4163.605366874999,359.49858344859615,Wheat_maize,SI,CT,CI,Yes
14.8833332061768,1203.70007324219,11.3470005989075,6.565999985,31.6299991607666,1,4551.082327619611,363.6212059658454,Wheat_maize,SI,CT,CI,Yes
14.9000005722046,1174.20007324219,13.2950007915497,6.099999905,28.5,1,4128.162219517044,359.49858344859615,Wheat_maize,SI,CT,CI,Yes
14.466667175293,1254.30004882812,15.2830004692078,6.177999973,23.9699993133545,1,4597.667608492823,323.6590909090907,Wheat_maize,SI,CT,CI,Yes
15.25,1178.30004882812,12.836000919342002,6.669000149,36.7700004577637,1,5033.361703733032,317.8541947663482,Wheat_maize,SI,CT,CI,Yes
14.9000005722046,1174.20007324219,12.923001050949098,5.977000237,38.9199981689453,1,5095.7328191666675,302.5870095451521,Wheat_maize,SI,CT,CI,Yes
15.2833337783813,1159.0,11.7330002784729,5.881000042,29.8999996185303,1,4958.88243649355,333.02160808929307,Wheat_maize,SI,CT,CI,Yes
15.4250001907349,1172.30004882812,14.5000004768372,5.099999905,20.0,1,4913.526542239777,362.1610966906866,Wheat_maize,SI,CT,CI,Yes
18.8250007629395,1161.30004882812,9.3230003118515,7.498000145,20.8400001525879,1,6240.842657142855,261.7142857142858,Wheat_maize,SI,CT,CI,Yes
15.9166669845581,1151.80004882812,15.146000385284399,6.65199995,35.9000015258789,1,5075.133,448.99285714285713,Wheat_maize,SI,CT,CI,Yes
15.6666669845581,1272.0,10.8480000495911,5.605999947,33.3870964050293,1,4288.9065,536.3014285714287,Wheat_maize,SI,CT,CI,Yes
15.6666669845581,1272.0,9.5959997177124,4.825000286,27.5476188659668,1,4082.5587705154635,342.9850515463916,Wheat_maize,SI,CT,CI,Yes
17.9500007629395,1158.80004882812,11.396000385284399,5.977000237,30.1399993896484,1,4666.579823866212,296.82443786358715,Wheat_maize,SI,CT,CI,Yes
17.0166664123535,1141.09997558594,10.9839999675751,5.531000137,35.5200004577637,1,4274.694987142857,372.28913174113757,Wheat_maize,SI,CT,CI,Yes
16.7416667938232,1242.0,13.827999830246,6.151000023,31.0499992370605,1,3979.977216903407,359.49858344859615,Wheat_maize,SI,CT,CI,Yes
15.4583339691162,1364.80004882812,18.9059996604919,5.608000278,31.0300006866455,1,4607.660841836734,324.92341745542376,Wheat_maize,SI,CT,CI,Yes
16.3083343505859,1304.80004882812,15.7879996299744,5.274000168,27.6800003051758,1,4839.538131879699,306.1409362524163,Wheat_maize,SI,CT,CI,Yes
16.3166675567627,1185.80004882812,11.232000589370701,5.667000294,34.4000015258789,1,4959.20273217566,342.93333216757736,Wheat_maize,SI,CT,CI,Yes
16.3166675567627,1185.80004882812,13.8059997558594,5.886000156,22.1700000762939,1,4879.76463336714,294.08470947223054,Wheat_maize,SI,CT,CI,Yes
16.3166675567627,1185.80004882812,11.440999507904099,5.715000153,27.5599994659424,1,4971.1775408992025,301.3489431987161,Wheat_maize,SI,CT,CI,Yes
16.3000011444092,1237.70007324219,11.3779997825623,5.585000038,38.189998626709,1,4076.0028505133832,267.4478816260161,Wheat_maize,SI,CT,CI,Yes
15.8500003814697,1342.5,15.105000734329199,6.859000206,27.2199993133545,1,4566.32925614986,310.3519888839953,Wheat_maize,SI,CT,CI,Yes
15.875,1402.30004882812,17.6639997959137,5.160000324,37.4000015258789,1,4748.3194105897155,297.65150344710185,Wheat_maize,SI,CT,CI,Yes
16.7416667938232,1242.0,15.519000291824302,5.993000031,33.2000007629395,1,4033.480262070313,359.49858344859615,Wheat_maize,SI,CT,CI,Yes
16.75,1231.5,12.28600025177,6.281000137,45.0200004577637,1,4711.669654869106,406.23999,Wheat_maize,SI,CT,CI,Yes
13.4750003814697,1088.30004882812,10.110000371933,4.870999813,22.4777774810791,1,4951.0592435882345,357.0372830016423,Wheat_maize,SI,CT,CI,Yes
15.4083337783813,1199.30004882812,13.7999999523163,5.646999836,27.78125,1,4630.67543680606,305.47631554868616,Wheat_maize,SI,CT,CI,Yes
14.9833335876465,1102.30004882812,12.7230000495911,5.789000034,27.5799999237061,1,5117.402630819672,309.4942839659624,Wheat_maize,SI,CT,CI,Yes
14.3250007629395,1166.20007324219,10.820000171661398,4.484000206,23.411111831665,1,4841.377339932886,430.56742512560606,Wheat_maize,SI,CT,CI,Yes
14.0000009536743,1118.0,11.068000793457,5.700000286,33.9300003051758,1,4922.5296054436985,351.0633982799686,Wheat_maize,SI,CT,CI,Yes
12.4750003814697,983.900024414062,5.77600002288818,4.224999905,30.0769233703613,1,5007.315190833333,393.3853222173286,Wheat_maize,SI,CT,CI,Yes
13.5583333969116,974.799987792969,12.4599993228912,5.104000092,21.8500003814697,1,4009.6478210183213,405.42949294520486,Wheat_maize,SI,CT,CI,Yes
15.8000001907349,1021.70001220703,11.8889999389648,5.855000019,38.1300010681152,1,4721.100451685394,347.69662921348316,Wheat_maize,SI,CT,CI,Yes
15.8000001907349,1021.70001220703,11.6439998149872,6.705000401,37.2900009155273,1,4810.133020047847,321.6138309892583,Wheat_maize,SI,CT,CI,Yes
15.4750003814697,1183.90002441406,11.7720007896423,6.615000248,39.9099998474121,1,4792.707448051948,382.195170702177,Wheat_maize,SI,CT,CI,Yes
15.7583332061768,1204.90002441406,10.9399998188019,5.850000381,35.2999992370605,1,4850.241130376345,298.21166630335006,Wheat_maize,SI,CT,CI,Yes
15.4750003814697,1183.90002441406,12.487000226974502,5.740000248,36.6300010681152,1,4680.89445,293.71019200899525,Wheat_maize,SI,CT,CI,Yes
16.3083343505859,1304.80004882812,14.6560001373291,6.096000195,27.9599990844727,1,4618.515712820514,283.98429657630294,Wheat_maize,SI,CT,CI,Yes
15.4416666030884,1190.5,11.0199999809265,5.175000191,42.6300010681152,1,4201.1168271875,359.49858344859615,Wheat_maize,SI,CT,CI,Yes
15.4416666030884,1190.5,10.9560000896454,5.793000221,35.1399993896484,1,4060.501206249999,359.49858344859615,Wheat_maize,SI,CT,CI,Yes
17.7749996185303,1295.20007324219,13.2620000839233,5.723999977,37.3800010681152,1,4033.1536187179468,227.1158350378414,Wheat_maize,SI,CT,CI,Yes
17.7749996185303,1295.20007324219,21.5019989013672,4.800000191,48.8499984741211,1,4634.617396874999,285.1419888839953,Wheat_maize,SI,CT,CI,Yes
15.6333341598511,1182.5,11.1280000209808,5.873000145,38.2599983215332,1,4624.4895,200.79999999999998,Wheat_maize,SI,CT,CI,Yes
16.4500007629395,1157.0,10.8480000495911,4.93500042,42.4300003051758,1,4862.383343093922,349.02215462985157,Wheat_maize,SI,CT,CI,Yes
16.4500007629395,1157.0,11.5279996395111,6.105999947,31.7900009155273,1,4864.439625,182.3875,Wheat_maize,SI,CT,CI,Yes
16.4500007629395,1157.0,11.1419999599457,6.376000404,34.5299987792969,1,4691.4466207923215,189.98772214285714,Wheat_maize,SI,CT,CI,Yes
15.8000001907349,1021.70001220703,10.2300000190735,4.926000118,39.3448257446289,1,4737.726584989892,351.8409376710577,Wheat_maize,SI,CT,CI,Yes
17.8250007629395,1280.40002441406,10.802000761032101,5.374000072,45.9555549621582,1,4322.049898809525,307.1698460268524,Wheat_maize,SI,CT,CI,Yes
14.8333339691162,1195.90002441406,12.211999893188501,5.263999939,25.8199996948242,1,3992.334924356619,359.49858344859615,Wheat_maize,SI,CT,CI,Yes
15.5583333969116,1005.0,11.224000453949,5.8800001139999996,39.0,1,4440.2076067012495,330.84872117647046,Wheat_maize,SI,CT,CI,Yes
16.8000011444092,1176.5,11.180000305175799,5.646000385,38.7200012207031,1,3842.4391608717106,359.49858344859615,Wheat_maize,SI,CT,CI,Yes
16.9500007629395,1189.09997558594,13.0690002441406,6.129000187,29.3400001525879,1,4725.3853638,326.6414888839951,Wheat_maize,SI,CT,CI,Yes
19.6416664123535,1132.59997558594,13.126000165939299,5.322000027,34.9199981689453,1,4151.3042817077185,325.26840647579843,Wheat_maize,SI,CT,CI,Yes
15.6166667938232,1266.70007324219,14.16100025177,6.326000214,25.2954540252686,1,3828.068519479166,359.49858344859615,Wheat_maize,SI,CT,CI,Yes
15.7583332061768,1231.09997558594,8.99200022220612,4.443000317,40.9135818481445,1,4962.185747034777,528.6221418987341,Wheat_maize,SI,CT,CI,Yes
15.7583332061768,1231.09997558594,13.0379998683929,6.378000259,29.5306129455566,1,4605.655894736844,384.94698888399535,Wheat_maize,SI,CT,CI,Yes
16.8000011444092,1176.5,19.3009996414185,5.598999977,37.2799987792969,1,3978.7943700183832,359.49858344859615,Wheat_maize,SI,CT,CI,Yes
15.125,925.299987792969,11.416000127792401,7.171999931,28.8899993896484,1,4268.837275159724,408.67246426093504,Wheat_maize,SI,CT,CI,Yes
16.5583343505859,903.0,10.5739998817444,7.062000275,23.3299999237061,1,5808.50556111825,550.7949773521855,Wheat_maize,SI,CT,CI,Yes
16.5583343505859,903.0,10.2310001850128,7.269999981,22.1900005340576,1,4249.177180124999,408.67246426093504,Wheat_maize,SI,CT,CI,Yes
15.7583341598511,891.200012207031,11.8299996852875,7.274000168,35.3535346984863,1,4832.479328187251,398.67131474103553,Wheat_maize,SI,CT,CI,Yes
15.2833337783813,978.799987792969,13.4439992904663,6.944000244,43.2000007629395,1,4575.869102379808,408.67246426093504,Wheat_maize,SI,CT,CI,Yes
14.4916667938232,961.200012207031,11.7709994316101,6.789999962,33.8899993896484,1,4502.862339960937,408.67246426093504,Wheat_maize,SI,CT,CI,Yes
16.4250011444092,834.400024414062,11.405999660491899,6.778999805,21.8199996948242,1,6606.946573261681,369.0787763793103,Wheat_maize,SI,CT,CI,Yes
15.3583335876465,1008.10003662109,11.3870000839233,7.379000187,25.783504486084,1,6566.996728027681,442.4626297577854,Wheat_maize,SI,CT,CI,Yes
15.7750005722046,922.600036621094,11.5209996700287,6.346000195,26.0400009155273,1,5724.717012286195,430.6157394992743,Wheat_maize,SI,CT,CI,Yes
17.2833347320557,975.400024414062,15.250999927520802,7.102000237,26.8700008392334,1,4524.334633507746,496.3389651639347,Wheat_maize,SI,CT,CI,Yes
14.4333333969116,1104.40002441406,14.4660007953644,5.417999744,20.6200008392334,1,4972.952193706896,408.67246426093504,Wheat_maize,SI,CT,CI,Yes
13.5749998092651,876.800048828125,9.99199986457825,6.602000237,21.6200008392334,1,4552.47668219178,406.70410458904087,Wheat_maize,SI,CT,CI,Yes
14.1666669845581,1054.70007324219,10.2680003643036,6.402999878,22.6767673492432,1,4794.221476118589,391.4159444618721,Wheat_maize,SI,CT,CI,Yes
16.8500003814697,845.299987792969,9.05799984931946,6.234000206,21.7764701843262,1,6094.699825961539,574.1759515384615,Wheat_maize,SI,CT,CI,Yes
16.8500003814697,845.299987792969,11.6600000858307,6.203999996,21.6800003051758,1,4951.581394463372,572.3877287671226,Wheat_maize,SI,CT,CI,Yes
16.4250011444092,834.400024414062,13.0919992923737,6.855999947,37.7200012207031,1,4662.5141593749995,408.67246426093504,Wheat_maize,SI,CT,CI,Yes
17.5416660308838,855.200012207031,13.3149993419647,6.360000134,45.3600006103516,1,4686.062912656249,408.67246426093504,Wheat_maize,SI,CT,CI,Yes
19.4416675567627,820.900024414062,6.97999954223633,5.304000378,16.3600006103516,1,4280.821392545457,408.67246426093504,Wheat_maize,SI,CT,CI,Yes
19.125,914.799987792969,9.84499990940094,5.762000084,24.4699993133545,1,4851.727919161933,408.67246426093504,Wheat_maize,SI,CT,CI,Yes
17.4166660308838,1273.59997558594,20.576000213622997,5.309000015,31.6599998474121,1,4311.086312162115,408.67246426093504,Wheat_maize,SI,CT,CI,Yes
17.0416660308838,1453.59997558594,12.172999382019,5.215000153,25.2600002288818,1,4857.01855520838,386.73714254874596,Wheat_maize,SI,CT,CI,Yes
16.6499996185303,1144.90002441406,21.647999286651597,4.96200037,44.3400001525879,1,3988.9169343993026,408.67246426093504,Wheat_maize,SI,CT,CI,Yes
13.7083330154419,819.100036621094,10.5200004577637,5.423000336,36.9599990844727,1,4582.430421292891,408.67246426093504,Wheat_maize,SI,CT,CI,Yes
13.7083330154419,819.100036621094,12.0169997215271,5.967000008,28.4099998474121,1,5182.1474539899355,425.51320279376034,Wheat_maize,SI,CT,CI,Yes
14.8000001907349,941.400024414062,11.6949999332428,6.306000233,41.8199996948242,1,4814.090955879346,408.67246426093504,Wheat_maize,SI,CT,CI,Yes
16.625,1107.0,11.5030002593994,5.325000286,22.2900009155273,1,5145.384288333332,408.67246426093504,Wheat_maize,SI,CT,CI,Yes
13.3916664123535,879.700012207031,11.438000202179,4.911000252,37.7700004577637,1,5317.4132,341.9901498342616,Wheat_maize,SI,CT,CI,Yes
12.4916667938232,953.100036621094,13.983000516891499,5.025000095,22.0300006866455,1,5005.389331825657,408.67246426093504,Wheat_maize,SI,CT,CI,Yes
15.3583335876465,1274.90002441406,14.165999889373799,5.290999889,20.1000003814697,1,5102.648800312501,408.67246426093504,Wheat_maize,SI,CT,CI,Yes
13.5583333969116,974.799987792969,10.8469998836517,5.356999874,30.9099998474121,1,4470.88868939828,398.1294412607446,Wheat_maize,SI,CT,CI,Yes
14.1916666030884,918.5,13.760000467300399,5.039999962,24.6000003814697,1,4655.904337499999,475.2234831675966,Wheat_maize,SI,CT,CI,Yes
13.8000001907349,1041.0,11.6040003299713,5.805000305,45.0099983215332,1,5349.178019999999,408.67246426093504,Wheat_maize,SI,CT,CI,Yes
13.1333341598511,1006.5,8.06800007820129,6.625999928,21.8999996185303,1,4842.2302549999995,408.67246426093504,Wheat_maize,SI,CT,CI,Yes
13.9916667938232,1010.30004882812,16.0370004177094,5.191999912,21.9599990844727,1,5479.043992436975,385.6911764705877,Wheat_maize,SI,CT,CI,Yes
16.9416675567627,888.700012207031,12.487000226974502,5.28000021,23.8199996948242,1,4853.389497974545,397.7423491414138,Wheat_maize,SI,CT,CI,Yes
11.875,856.0,9.276000261306761,6.375999928,21.4799995422363,1,3880.610686,408.67246426093504,Wheat_maize,SI,CT,CI,Yes
20.5666675567627,1309.70007324219,16.0640001296997,5.910000324,37.6300010681152,1,3464.480911875,408.67246426093504,Wheat_maize,SI,CT,CI,Yes
19.4916667938232,1217.59997558594,12.335000038147,5.23900032,38.7700004577637,1,4612.165312762526,411.467832198067,Wheat_maize,SI,CT,CI,Yes
18.0666675567627,997.0,12.619999647140501,5.587999821,27.4599990844727,1,4481.908913758209,381.65016179104464,Wheat_maize,SI,CT,CI,Yes
18.7333335876465,1134.0,20.5979990959167,5.513999939,37.5800018310547,1,4066.5400253676466,348.3862282656339,Wheat_maize,SI,CT,CI,Yes
17.8083343505859,961.299987792969,12.5450003147125,4.970000267,26.6000003814697,1,4479.334853283886,361.7118796073299,Wheat_maize,SI,CT,CI,Yes
20.341667175293,1513.5,12.397999763488802,5.014000416,43.3699989318848,1,3268.3425204081623,256.0132790859622,Wheat_maize,SI,CT,CI,Yes
20.658332824707,1485.0,15.377999544143698,5.363999844,35.8199996948242,1,4380.820494199584,247.2902806652799,Wheat_maize,SI,CT,CI,Yes
18.9916667938232,1488.90002441406,25.5130004882812,5.116000175,42.7400016784668,1,4314.964002870814,205.85206336523328,Wheat_maize,SI,CT,CI,Yes
18.9916667938232,1488.90002441406,13.5780000686646,5.294000149,37.189998626709,1,4303.758551624131,431.03056844547604,Wheat_maize,SI,CT,CI,Yes
18.6333332061768,1196.70007324219,13.8220000267029,5.483000278,22.6299991607666,1,4595.861467873375,408.67246426093504,Wheat_maize,SI,CT,CI,Yes
16.6499996185303,1144.90002441406,10.0,5.579999924,27.8099994659424,1,4696.51409638875,301.68248785482155,Wheat_maize,SI,CT,CI,Yes
17.5750007629395,1101.09997558594,12.208000421523998,5.580000401,39.7799987792969,1,4702.757930366345,408.67246426093504,Wheat_maize,SI,CT,CI,Yes
19.1750011444092,1389.70007324219,14.2599999904633,4.971000195,31.5300006866455,1,4232.867586004734,408.67246426093504,Wheat_maize,SI,CT,CI,Yes
19.7583332061768,1539.90002441406,10.7700002193451,4.915999889,30.3899993896484,1,4007.845979338237,408.67246426093504,Wheat_maize,SI,CT,CI,Yes
18.466667175293,1381.80004882812,10.961999893188501,4.967999935,33.5400009155273,1,4024.7460646775794,408.67246426093504,Wheat_maize,SI,CT,CI,Yes
18.9916667938232,1457.40002441406,11.3100004196167,5.638000011,29.8799991607666,1,3802.8911442527165,408.67246426093504,Wheat_maize,SI,CT,CI,Yes
19.3333339691162,1458.40002441406,13.5780000686646,5.073999882,28.3700008392334,1,3954.286578638393,408.67246426093504,Wheat_maize,SI,CT,CI,Yes
16.5416679382324,883.200012207031,13.2660007476807,5.940000057,20.3333339691162,1,3907.0430993229165,408.67246426093504,Wheat_maize,SI,CT,CI,Yes
17.4250011444092,780.200012207031,14.3020009994507,5.262000084,20.0599994659424,1,4015.0543001562487,408.67246426093504,Wheat_maize,SI,CT,CI,Yes
16.5416679382324,883.200012207031,18.9610004425049,5.46600008,29.4699993133545,1,3905.2434903977246,408.67246426093504,Wheat_maize,SI,CT,CI,Yes
15.7416667938232,942.000061035156,13.632000684738198,5.722000122,20.2600002288818,1,4604.620466892358,408.67246426093504,Wheat_maize,SI,CT,CI,Yes
15.7833337783813,996.900024414062,12.256000041961702,6.93599987,20.6800003051758,1,4049.079149453124,408.67246426093504,Wheat_maize,SI,CT,CI,Yes
15.7833337783813,996.900024414062,13.1140005588531,6.234000206,20.4200000762939,1,4806.647459579999,340.5916299999999,Wheat_maize,SI,CT,CI,Yes
18.1083335876465,1053.5,17.3409998416901,5.495999813,26.4699993133545,1,5144.928375906534,435.68478340490753,Wheat_maize,SI,CT,CI,Yes
19.4416675567627,896.500061035156,12.6240003108978,6.303999901,23.3600006103516,1,4072.053035260418,408.67246426093504,Wheat_maize,SI,CT,CI,Yes
15.2833337783813,978.799987792969,12.92799949646,6.990000248,40.8199996948242,1,4312.09026578125,408.67246426093504,Wheat_maize,SI,CT,CI,Yes
15.125,925.299987792969,9.80000019073486,6.550000191,21.3068180084229,1,6336.381433458162,447.4928029620855,Wheat_maize,SI,CT,CI,Yes
19.0249996185303,1091.69995117188,8.37400019168854,5.937000275,22.7099990844727,1,4392.321816871921,372.2068965517242,Wheat_maize,SI,CT,CI,Yes
18.9416675567627,852.700012207031,11.8939995765686,5.40500021,30.4799995422363,1,4385.995556632653,403.07874464718964,Wheat_maize,SI,CT,CI,Yes
19.0249996185303,1091.69995117188,12.1459996700287,6.768000126,35.5,1,4811.985430743096,319.5110734499318,Wheat_maize,SI,CT,CI,Yes
23.4583339691162,1382.80004882812,11.3740003108978,5.353000164,36.560001373291,1,4510.5473671730515,392.79838409229745,Wheat_maize,SI,CT,CI,Yes
18.3916664123535,913.299987792969,10.8519995212555,6.486999989,24.2700004577637,1,4837.868370850201,431.0001012145749,Wheat_maize,SI,CT,CI,Yes
18.3916664123535,913.299987792969,7.57000029087067,3.588999987,23.6712322235107,1,4890.924145089106,394.9147757142859,Wheat_maize,SI,CT,CI,Yes
15.7750005722046,922.600036621094,9.55600023269653,5.424000263,23.2199993133545,1,4621.258592638036,418.81426380368055,Wheat_maize,SI,CT,CI,Yes
19.8000011444092,1129.09997558594,11.4300000667572,6.058000088,31.0599994659424,1,4225.436045652172,327.17312084875425,Wheat_maize,SI,CT,CI,Yes
18.908332824707,1221.40002441406,10.4040002822876,6.211999893,27.1000003814697,1,5163.167109925443,295.5644454799641,Wheat_maize,SI,CT,CI,Yes
20.9416675567627,1390.09997558594,15.3199994564056,5.019999981,23.1800003051758,1,3603.4363885281373,301.61698966110157,Wheat_maize,SI,CT,CI,Yes
18.908332824707,1221.40002441406,18.8689994812012,4.906000137,30.2900009155273,1,3881.919904847908,309.978236019306,Wheat_maize,SI,CT,CI,Yes
18.9166679382324,1130.80004882812,18.6860001087189,5.921999931,36.6199989318848,1,3824.599075542127,408.67246426093504,Wheat_maize,SI,CT,CI,Yes
17.9583339691162,958.100036621094,14.0629994869232,5.46600008,36.4947357177734,1,4505.992784683269,431.56753846153873,Wheat_maize,SI,CT,CI,Yes
20.25,1074.70007324219,20.8459997177124,7.043000221,26.8899993896484,1,4253.675040247,519.0386493725812,Wheat_maize,SI,CT,CI,Yes
20.25,1074.70007324219,30.309998989105196,4.860000134,49.4199981689453,1,3938.427035256408,426.49054708958806,Wheat_maize,SI,CT,CI,Yes
18.9166679382324,1130.80004882812,28.5549998283386,5.1300001139999996,46.810001373291,1,4566.602888732682,415.7361047835991,Wheat_maize,SI,CT,CI,Yes
18.0750007629395,884.100036621094,25.9990000724792,4.973999977,47.6699981689453,1,4546.479998805969,365.6489075621903,Wheat_maize,SI,CT,CI,Yes
19.6333332061768,1007.70001220703,21.886000633239703,5.805000305,40.3800010681152,1,4794.0976554525,470.89249499999994,Wheat_maize,SI,CT,CI,Yes
19.8833332061768,1177.80004882812,10.3600001335144,5.141999722,29.7900009155273,1,4385.096426124999,408.67246426093504,Wheat_maize,SI,CT,CI,Yes
21.6333332061768,1340.20007324219,11.529999971389799,5.021999836,37.8600006103516,1,4443.158096153844,382.82348316759493,Wheat_maize,SI,CT,CI,Yes
21.0750007629395,1266.69995117188,10.188000202179,5.815999985,24.5,1,3890.5155137362653,471.300406244518,Wheat_maize,SI,CT,CI,Yes
14.591667175293,1085.80004882812,12.710000276565601,5.013999939,22.8620681762695,1,5936.958974591572,389.89999500000056,Wheat_maize,SI,CT,CI,Yes
14.1583337783813,1149.90002441406,14.345999956131,5.552999973,20.9699993133545,1,4526.614416041668,408.67246426093504,Wheat_maize,SI,CT,CI,Yes
16.216667175293,967.599975585938,10.4089999198914,6.735000134,22.3899993896484,1,4385.935757366071,408.67246426093504,Wheat_maize,SI,CT,CI,Yes
16.0833339691162,1001.10003662109,11.850999593734699,6.770999908,32.4099998474121,1,4537.614818090278,408.67246426093504,Wheat_maize,SI,CT,CI,Yes
15.7250003814697,1055.09997558594,11.182000637054399,7.611999989,21.2600002288818,1,4759.3551243125,408.67246426093504,Wheat_maize,SI,CT,CI,Yes
16.216667175293,967.599975585938,15.559999942779502,5.199999809,21.1000003814697,1,4644.853285445805,408.67246426093504,Wheat_maize,SI,CT,CI,Yes
15.7250003814697,1055.09997558594,14.896000623703001,6.201000214,23.7199993133545,1,4476.35134453125,408.67246426093504,Wheat_maize,SI,CT,CI,Yes
16.3999996185303,1120.80004882812,13.798999786377,5.863999844,22.4300003051758,1,4981.739221544626,360.7878002904561,Wheat_maize,SI,CT,CI,Yes
13.8666667938232,1262.30004882812,14.150000810623201,5.210000038,20.1000003814697,1,4893.003359687499,408.67246426093504,Wheat_maize,SI,CT,CI,Yes
12.3249998092651,1109.40002441406,9.56000030040741,6.774000168,24.6276588439941,1,5061.059050124144,414.1920708808279,Wheat_maize,SI,CT,CI,Yes
11.1499996185303,950.5,11.180000305175799,6.385000229,21.75,1,4555.233529062501,408.67246426093504,Wheat_maize,SI,CT,CI,Yes
13.1333341598511,1006.5,9.761999845504759,6.998000145,22.0799999237061,1,4554.307330125,408.67246426093504,Wheat_maize,SI,CT,CI,Yes
19.5750007629395,1905.0,11.0280001163483,5.639999866,30.75,1,3651.641422499999,408.67246426093504,Wheat_maize,SI,CT,CI,Yes
17.9750003814697,1575.40002441406,19.099999666214,5.490000248,38.9500007629395,1,4266.435534178188,407.6244048265809,Wheat_maize,SI,CT,CI,Yes
17.4583339691162,1675.59997558594,15.7490003108978,5.412000179,33.1699981689453,1,4818.6798640148,510.92363717252397,Wheat_maize,SI,CT,CI,Yes
18.8166675567627,1974.90002441406,10.6679999828339,6.266000271,28.3333339691162,1,4830.4986380597,440.4001513432836,Wheat_maize,SI,CT,CI,Yes
19.5750007629395,1905.0,11.274000406265301,7.146000385,26.1599998474121,1,4765.61824324238,479.5408592465749,Wheat_maize,SI,CT,CI,Yes
9.40833377838135,786.100036621094,7.400000095367431,6.5,22.0,1,4640.9049653125,408.67246426093504,Wheat_maize,SI,CT,CI,Yes
12.1583337783813,1171.59997558594,12.1360003948212,6.796000004,21.0900001525879,1,4906.053946316223,279.1738799999997,Wheat_maize,SI,CT,CI,Yes
6.42500019073486,680.799987792969,14.882999658584598,6.68599987,19.3400001525879,1,5583.014782642499,183.748995,Wheat_maize,SI,CT,CI,Yes
13.9000005722046,701.400024414062,10.4209995269775,7.834000111,20.7000007629395,1,6940.809654999998,418.6162581625131,Wheat_maize,SI,CT,CI,Yes
15.0,630.700012207031,10.8560001850128,7.81400013,20.9099998474121,1,6266.872280566802,368.23614120344905,Wheat_maize,SI,CT,CI,Yes
13.9000005722046,701.400024414062,10.901999473571799,7.815999985,19.1800003051758,1,6648.389273255813,397.6448023255813,Wheat_maize,SI,CT,CI,Yes
14.6000003814697,670.800048828125,9.5770001411438,7.866000175,17.8400001525879,1,6676.449339008928,313.9969376785716,Wheat_maize,SI,CT,CI,Yes
13.216667175293,623.900024414062,8.871999979019169,7.71600008,19.5,1,6393.389272892271,345.70361179248954,Wheat_maize,SI,CT,CI,Yes
11.6666669845581,657.200012207031,7.12399959564209,7.843999863,24.2399997711182,1,7313.030750768388,496.5117530578524,Wheat_maize,SI,CT,CI,Yes
11.4416666030884,787.400024414062,8.64499986171722,7.578000069,16.375,1,5852.65979207317,431.840038650318,Wheat_maize,SI,CT,CI,Yes
15.0,630.700012207031,5.71200013160706,3.978000164,21.0,1,6643.630173339384,484.81882479452065,Wheat_maize,SI,CT,CI,Yes
13.1916666030884,729.299987792969,8.62899959087372,7.90199995,17.5400009155273,1,6733.021908741159,474.093524634146,Wheat_maize,SI,CT,CI,Yes
13.1916666030884,729.299987792969,9.562999606132509,7.874000072,18.6200008392334,1,6982.385283212499,519.7815446296297,Wheat_maize,SI,CT,CI,Yes
13.1916666030884,729.299987792969,8.01599979400635,7.885000229,17.7399997711182,1,7665.810151962196,388.4870868292684,Wheat_maize,SI,CT,CI,Yes
10.4000005722046,662.5,5.76799988746643,7.81400013,15.5,1,6145.435415084228,336.9526814093959,Wheat_maize,SI,CT,CI,Yes
11.6666669845581,675.299987792969,6.15199983119965,8.024000168,18.6599998474121,1,6147.037674967857,404.11907142857166,Wheat_maize,SI,CT,CI,Yes
11.2750005722046,696.799987792969,7.12399959564209,7.843999863,24.2399997711182,1,6007.496523048674,404.25538810055866,Wheat_maize,SI,CT,CI,Yes
10.6999998092651,850.800048828125,7.091000080108641,7.677000046,20.2900009155273,1,6069.1234821625,205.20308166666675,Wheat_maize,SI,CT,CI,Yes
11.4416666030884,787.400024414062,8.844999670982359,6.210000038,19.6499996185303,1,5721.289878571428,482.19642857142856,Wheat_maize,SI,CT,CI,Yes
13.216667175293,623.900024414062,11.344000101089499,7.743999958,16.4400005340576,1,7505.1635815733425,441.3480102143738,Wheat_maize,SI,CT,CI,Yes
13.216667175293,623.900024414062,11.3580000400543,7.802000046,16.0699996948242,1,7060.478598371819,389.45570948275883,Wheat_maize,SI,CT,CI,Yes
12.3000001907349,661.0,10.134999752044699,7.84800005,19.5300006866455,1,6577.12236004393,355.28046010300363,Wheat_maize,SI,CT,CI,Yes
14.6000003814697,670.800048828125,11.0599994659424,7.815999985,14.3199996948242,1,5596.447275528049,363.4173198780487,Wheat_maize,SI,CT,CI,Yes
12.3000001907349,661.0,6.49999976158142,8.0,21.0,1,5600.408882997208,355.1523451030036,Wheat_maize,SI,CT,CI,Yes
11.4250001907349,594.900024414062,6.67499959468842,7.920000076,20.8999996185303,1,6649.436116444512,318.316037195122,Wheat_maize,SI,CT,CI,Yes
13.216667175293,623.900024414062,9.33499991893768,6.703999996,19.3799991607666,1,5958.679235938362,358.5157506896551,Wheat_maize,SI,CT,CI,Yes
14.6000003814697,670.800048828125,9.81700003147125,7.775000095,19.2700004577637,1,7413.8746461986775,434.4002043171802,Wheat_maize,SI,CT,CI,Yes
14.6000003814697,670.800048828125,10.9899997711182,7.798000336,14.8900003433228,1,7105.83221348647,424.4529189034024,Wheat_maize,SI,CT,CI,Yes
14.6916666030884,707.5,10.678000450134299,7.822000027,20.9699993133545,1,6052.706452323119,285.7223631203003,Wheat_maize,SI,CT,CI,Yes
14.8500003814697,668.0,10.828000307083101,7.366000175,20.3799991607666,1,7808.960937553371,437.20555685393276,Wheat_maize,SI,CT,CI,Yes
14.8500003814697,668.0,9.22500014305115,7.826000214,20.9200000762939,1,6142.975257342934,372.2348602173913,Wheat_maize,SI,CT,CI,Yes
14.6750001907349,612.700012207031,7.9930001497268695,7.980000019,17.7000007629395,1,7350.206687506817,419.3003509090909,Wheat_maize,SI,CT,CI,Yes
13.6166667938232,672.400024414062,5.01500010490417,6.239999771,20.5769233703613,1,5531.409577131435,332.23218727722804,Wheat_maize,SI,CT,CI,Yes
14.6916666030884,707.5,8.518000245094301,7.837999821,17.7999992370605,1,6889.02497082968,390.19394921800944,Wheat_maize,SI,CT,CI,Yes
11.5833330154419,592.0,6.26699984073639,7.875999928,18.9699993133545,1,5607.880893389831,417.3158344336995,Wheat_maize,SI,CT,CI,Yes
10.25,682.799987792969,7.58499979972839,7.504000187,20.3799991607666,1,6591.461375266524,328.06924323713946,Wheat_maize,SI,CT,CI,Yes
11.5333337783813,598.5,5.87599992752075,8.078000069,17.1000003814697,1,6808.869136183707,420.81617449429007,Wheat_maize,SI,CT,CI,Yes
13.3500003814697,954.100036621094,12.244000434875499,6.467999935,19.1399993896484,1,6431.432879902273,334.4524963636363,Wheat_maize,SI,CT,CI,Yes
13.3583335876465,967.700012207031,10.3030002117157,7.230000019,17.7600002288818,1,5825.903208595228,405.0931575425345,Wheat_maize,SI,CT,CI,Yes
12.9333333969116,1134.0,11.147999763488802,6.954999924,21.0900001525879,1,5484.08755,338.392995,Wheat_maize,SI,CT,CI,Yes
13.3000001907349,927.0,8.28400015830994,7.007999897,17.3099994659424,1,6091.677173896429,332.69841214285714,Wheat_maize,SI,CT,CI,Yes
13.5,974.100036621094,9.08399999141693,6.78399992,21.8099994659424,1,5008.4265528974865,365.66894170391066,Wheat_maize,SI,CT,CI,Yes
14.0,843.100036621094,9.70400035381317,6.25399971,21.6000003814697,1,5760.1445801499995,320.96946500000007,Wheat_maize,SI,CT,CI,Yes
12.9333333969116,1134.0,10.641000270843499,5.815999985,17.3400001525879,1,6244.549401086955,405.2806059885999,Wheat_maize,SI,CT,CI,Yes
10.6999998092651,850.800048828125,5.2920001745224,6.561999798,11.1800003051758,1,5107.87411923077,391.5259615384615,Wheat_maize,SI,CT,CI,Yes
8.29166698455811,972.900024414062,7.156000137329101,6.743999958,14.0699996948242,1,6258.957956097559,387.716258162513,Wheat_maize,SI,CT,CI,Yes
9.39166736602783,274.600006103516,4.8309999704361,7.559000015,9.64999961853027,1,5636.553625,429.39750816251285,Wheat_maize,SI,CT,CI,Yes
10.8500003814697,480.600006103516,6.01999998092651,8.06000042,18.0,1,3792.946996938306,387.5279332655165,Wheat_maize,SI,CT,CI,Yes
14.6999998092651,905.599975585938,8.91400039196014,6.388000011,32.8899993896484,1,6598.449771471816,387.5279332655165,Wheat_maize,SI,CT,CI,Yes
15.6083335876465,967.900024414062,9.86200034618378,6.861999989,30.8700008392334,1,5507.5714966,328.2069875806452,Wheat_maize,SI,CT,CI,Yes
12.375,921.400024414062,8.8620001077652,6.248000145,22.6399993896484,1,6544.0531840169715,370.26130766746326,Wheat_maize,SI,CT,CI,Yes
12.375,921.400024414062,13.506000041961702,5.296000004,20.2800006866455,1,6578.459159060547,387.5279332655165,Wheat_maize,SI,CT,CI,Yes
15.6083335876465,967.900024414062,7.556000351905821,6.470000267,24.5799999237061,1,6456.198207074983,387.5279332655165,Wheat_maize,SI,CT,CI,Yes
13.0166664123535,1166.30004882812,7.400000095367431,6.5,22.0,1,6453.668773333335,387.5279332655165,Wheat_maize,SI,CT,CI,Yes
12.9833335876465,1105.19995117188,6.952000260353089,6.980000019,20.7199993133545,1,7266.2691863636355,426.11625816251285,Wheat_maize,SI,CT,CI,Yes
15.0,630.700012207031,5.71200013160706,3.978000164,21.0,1,4409.692632870936,251.83343558282155,Wheat_maize,SI,CT,CI,Yes
15.0166664123535,851.100036621094,9.09000039100647,6.125,23.1599998474121,1,5183.019413014526,398.33001851351344,Wheat_maize,SI,CT,CI,Yes
11.6750001907349,875.299987792969,3.9450001716613796,8.090000153,10.4899997711182,1,5493.605608209339,387.5279332655165,Wheat_maize,SI,CT,CI,Yes
11.3083333969116,882.900024414062,6.20599985122681,7.895999908,19.6800003051758,1,4714.954745178891,281.5974956953641,Wheat_maize,SI,CT,CI,Yes
12.4166669845581,844.700012207031,9.28099989891052,6.849999905,20.9500007629395,1,5302.7919999999995,260.35833333333335,Wheat_maize,SI,CT,CI,Yes
12.6416673660278,830.799987792969,11.492000818252599,6.164000034,29.7299995422363,1,5518.4658385375005,324.508005925926,Wheat_maize,SI,CT,CI,Yes
11.6750001907349,875.299987792969,9.00600016117096,6.947000027,27.3700008392334,1,5886.8000688249995,321.33906114688125,Wheat_maize,SI,CT,CI,Yes
12.6500005722046,913.600036621094,10.8039999008179,6.5,40.5,1,5657.903898763662,349.6072172093024,Wheat_maize,SI,CT,CI,Yes
10.6666669845581,908.700012207031,8.24999988079071,6.649000168,18.3600006103516,1,5471.902461646934,319.73895566037754,Wheat_maize,SI,CT,CI,Yes
4.95833349227905,282.600006103516,8.09800028800964,7.941000462,21.0,1,6152.104350786843,526.1067023684211,Wheat_maize,SI,CT,CI,Yes
6.14166688919067,379.399993896484,9.33499991893768,6.703999996,19.3799991607666,1,5657.930679589192,217.3806372180449,Wheat_maize,SI,CT,CI,Yes
2.82500004768372,218.699996948242,6.1760002374649,7.393000126,27.3799991607666,1,7636.8538947368415,502.9499999999999,Wheat_maize,SI,CT,CI,Yes
7.17500019073486,398.900024414062,7.79500007629395,7.407999992,20.2600002288818,1,5270.54251047842,255.27851367713038,Wheat_maize,SI,CT,CI,Yes
10.625,546.700012207031,7.58899986743927,7.713999748,26.6100006103516,1,5759.912251483702,356.2287581262167,Wheat_maize,SI,CT,CI,Yes
10.625,546.700012207031,5.87599992752075,8.027000427,18.6200008392334,1,6579.871438636473,356.2287581262167,Wheat_maize,SI,CT,CI,Yes
9.30833339691162,624.799987792969,7.330000400543209,7.357999802,17.5799999237061,1,5533.63417909579,301.7474454950493,Wheat_maize,SI,CT,CI,Yes
10.625,546.700012207031,6.5950000286102295,7.945000172,21.7800006866455,1,5328.180285056578,381.9808923684204,Wheat_maize,SI,CT,CI,Yes
9.38333320617676,520.200012207031,6.3949996232986495,8.0,20.3700008392334,1,6939.286006230357,256.07468428571326,Wheat_maize,SI,CT,CI,Yes
7.64166688919067,522.099975585938,5.43500006198883,7.804999828,21.3700008392334,1,6761.406805119212,421.4268958365763,Wheat_maize,SI,CT,CI,Yes
9.30833339691162,624.799987792969,8.14400017261505,6.921999931,16.9699993133545,1,5994.296708714772,341.7581018181818,Wheat_maize,SI,CT,CI,Yes
4.95833349227905,282.600006103516,13.121999502182,7.657000065,23.5499992370605,1,6081.822919337499,172.915065,Wheat_maize,SI,CT,CI,Yes
-1.16666674613953,237.900009155273,15.507000684738198,6.991000175,7.53000020980835,1,7598.744069915085,447.8573072413793,Wheat_maize,SI,CT,CI,Yes
4.55833339691162,129.0,16.8860006332397,6.838000298,13.5600004196167,1,6694.8725330874995,276.42215999999996,Wheat_maize,SI,CT,CI,Yes
9.125,482.200012207031,6.98000013828278,7.661000252,18.2700004577637,1,5768.689368459474,356.2287581262167,Wheat_maize,SI,CT,CI,Yes
10.9499998092651,583.600036621094,7.23499953746796,7.664000034,20.5799999237061,1,7160.832723025,475.574715,Wheat_maize,SI,CT,CI,Yes
11.4250001907349,594.900024414062,7.54999995231628,7.519999981,20.3999996185303,1,5514.9864593368775,296.0291720762051,Wheat_maize,SI,CT,CI,Yes
10.9499998092651,583.600036621094,6.01999998092651,8.06000042,18.0,1,5626.994900987849,324.9559270560748,Wheat_maize,SI,CT,CI,Yes
7.17500019073486,569.200012207031,7.41500020027161,7.519999981,19.5900001525879,1,6434.8626890125015,261.48157625,Wheat_maize,SI,CT,CI,Yes
7.80000019073486,438.400024414062,6.29499971866608,8.0,19.7700004577637,1,6590.508554730195,177.93104810679682,Wheat_maize,SI,CT,CI,Yes
10.6999998092651,526.700012207031,6.49999976158142,8.0,21.0,1,5577.410975060547,356.2287581262167,Wheat_maize,SI,CT,CI,Yes
10.3166666030884,444.100006103516,7.75999963283539,7.424000263,20.2800006866455,1,5934.0240977586545,213.06208269230768,Wheat_maize,SI,CT,CI,Yes
9.26666641235352,362.0,7.82999992370605,7.392000198,20.2399997711182,1,5320.806847092787,332.17378120553303,Wheat_maize,SI,CT,CI,Yes
10.3166666030884,444.100006103516,7.598999738693239,6.963999748,16.1399993896484,1,4936.861160194131,289.0666783240848,Wheat_maize,SI,CT,CI,Yes
10.3833332061768,560.599975585938,6.30500018596649,8.0,19.8299999237061,1,5651.17419380596,328.07300983985795,Wheat_maize,SI,CT,CI,Yes
10.9833335876465,614.5,7.129999995231629,7.711999893,20.6399993896484,1,7606.452203349234,416.5565306122449,Wheat_maize,SI,CT,CI,Yes
10.6999998092651,526.700012207031,6.30500018596649,8.0,19.8299999237061,1,7264.052838814707,376.2211999999997,Wheat_maize,SI,CT,CI,Yes
10.2250003814697,497.399993896484,6.884999871253969,7.823999882,20.7800006866455,1,7265.493010576753,378.6469614016176,Wheat_maize,SI,CT,CI,Yes
7.16666650772095,370.100006103516,6.99000000953674,7.776000023,20.7199993133545,1,3525.5189169829,356.2287581262167,Wheat_maize,SI,CT,CI,Yes
7.94166660308838,475.899993896484,7.96999990940094,7.328000069,20.1599998474121,1,5778.882644791176,229.2244522058821,Wheat_maize,SI,CT,CI,Yes
6.61666679382324,456.0,7.29499995708466,7.552000046,19.3299999237061,1,5247.468459232955,400.7804522727272,Wheat_maize,SI,CT,CI,Yes
6.30833339691162,468.100006103516,8.179000020027159,7.347000122,24.1499996185303,1,5070.4502948875,197.22289666666666,Wheat_maize,SI,CT,CI,Yes
5.54166698455811,469.399993896484,8.610000014305111,7.007999897,19.3999996185303,1,6920.905627650496,424.44883833333415,Wheat_maize,SI,CT,CI,Yes
3.71666669845581,560.0,8.122000098228451,8.0,15.460000038147,1,6579.190801818534,190.361205,Wheat_maize,SI,CT,CI,Yes
9.84166717529297,663.100036621094,6.92399978637695,7.946000099,21.2000007629395,1,5864.776461953123,364.8120591262732,Wheat_maize,SI,CT,CI,Yes
12.6500005722046,620.0,4.86399978399277,7.852999687,18.7299995422363,1,6206.098687839458,417.50484878128424,Wheat_maize,SI,CT,CI,Yes
11.466667175293,736.299987792969,6.935999989509581,7.40899992,21.5799999237061,1,4814.067591999999,530.773995,Wheat_maize,SI,CT,CI,Yes
5.07500028610229,609.600036621094,6.905999779701229,7.809999943,21.3799991607666,1,4747.57136060547,356.2287581262167,Wheat_maize,SI,CT,CI,Yes
13.1583337783813,708.0,7.20600008964539,6.770999908,21.5900001525879,1,5310.073369787499,286.4358000000003,Wheat_maize,SI,CT,CI,Yes
9.71666717529297,573.400024414062,8.27600002288818,6.915999889,21.4699993133545,1,6495.825513194946,227.5420480851065,Wheat_maize,SI,CT,CI,Yes
9.71666717529297,573.400024414062,7.23399996757507,7.571000099,20.0400009155273,1,5391.424867673168,374.11519774994287,Wheat_maize,SI,CT,CI,Yes
12.3916673660278,713.299987792969,6.21999979019165,8.022000313,19.1399993896484,1,6159.098441284603,366.32570432369386,Wheat_maize,SI,CT,CI,Yes
12.3916673660278,713.299987792969,6.38000011444092,8.0,20.2800006866455,1,6127.578227273144,414.0000000000005,Wheat_maize,SI,CT,CI,Yes
7.45000028610229,404.300018310547,8.140000104904171,7.263999939,20.0799999237061,1,6967.609454263462,407.80564423076817,Wheat_maize,SI,CT,CI,Yes
5.54166698455811,469.399993896484,8.6599999666214,7.406000137,20.6399993896484,1,7342.220335479506,390.790288518198,Wheat_maize,SI,CT,CI,Yes
5.54166698455811,469.399993896484,7.964999675750731,7.374000072,20.2600002288818,1,7428.011114070121,354.2872004878042,Wheat_maize,SI,CT,CI,Yes
2.70833325386047,496.700012207031,6.99000000953674,7.776000023,20.7199993133545,1,6434.41178125,172.99186500000002,Wheat_maize,SI,CT,CI,Yes
7.45000028610229,404.300018310547,10.728000402450599,6.912000179,20.8400001525879,1,6616.024173563445,411.23771754979856,Wheat_maize,SI,CT,CI,Yes
4.20000028610229,417.100006103516,10.4359996318817,6.420000076,19.1599998474121,1,6819.453323056991,219.336097118644,Wheat_maize,SI,CT,CI,Yes
6.00833320617676,681.600036621094,7.09800004959106,7.440999985,21.5799999237061,1,4548.071416712501,283.4241327499428,Wheat_maize,SI,CT,CI,Yes
2.35000014305115,589.200012207031,10.2289998531342,6.957000256,21.25,1,5033.288361636719,356.2287581262167,Wheat_maize,SI,CT,CI,Yes
5.91666698455811,345.600006103516,12.5979995727539,7.598999977,16.2700004577637,1,7432.246026097257,382.07901987804865,Wheat_maize,SI,CT,CI,Yes
4.0,337.300018310547,12.512999773025498,7.325000286,21.5599994659424,1,6192.885625472267,381.3659798780487,Wheat_maize,SI,CT,CI,Yes
3.95000004768372,407.800018310547,11.159999370575001,8.041999817,19.4799995422363,1,12545.874555089853,452.67324987804864,Wheat_maize,SI,CT,CI,Yes
1.08333337306976,398.200012207031,13.0120003223419,7.622000217,23.2999992370605,1,13714.664701175123,444.1077998780487,Wheat_maize,SI,CT,CI,Yes
-0.883333444595337,367.700012207031,15.5839991569519,7.332000256,21.6800003051758,1,9161.155139394532,395.28155487804867,Wheat_maize,SI,CT,CI,Yes
10.5749998092651,161.800003051758,6.93000018596649,6.667000294,19.2588233947754,1,7354.614367337501,527.5405146774194,Wheat_maize,SI,CT,CI,Yes
9.76666641235352,142.5,11.2000000476837,7.800000191,21.0,1,10600.115632604411,1035.076407352941,Wheat_maize,SI,CT,CI,Yes
10.5749998092651,161.800003051758,5.72300016880035,6.572999954,10.6000003814697,1,9561.001335772515,911.7278090066227,Wheat_maize,SI,CT,CI,Yes
10.3083333969116,225.300003051758,11.2000000476837,7.800000191,21.0,1,7853.733860000011,601.7708336919022,Wheat_maize,SI,CT,CI,Yes
9.15833377838135,244.199996948242,4.61800009012222,7.063000202,9.84000015258789,1,5556.321129032258,320.4008064516128,Wheat_maize,SI,CT,CI,Yes
7.97500038146973,251.900009155273,7.38399982452393,7.335999966,19.1499996185303,1,9234.489776013514,769.9601351351356,Wheat_maize,SI,CT,CI,Yes
8.42500019073486,379.300018310547,7.37499952316284,7.599999905,20.5,1,6020.410630120643,601.7708336919022,Wheat_maize,SI,CT,CI,Yes
7.80000019073486,438.400024414062,7.4099999666214,7.584000111,20.4799995422363,1,6104.955669334869,370.53706815789474,Wheat_maize,SI,CT,CI,Yes
6.59999990463257,498.399993896484,9.76499974727631,7.68200016,22.2299995422363,1,5782.7561900499995,268.92271277777786,Wheat_maize,SI,CT,CI,Yes
6.59999990463257,498.399993896484,15.292999744415301,6.861999989,22.6800003051758,1,5504.4688375,311.51925,Wheat_maize,SI,CT,CI,Yes
9.125,482.200012207031,7.89999961853027,7.360000134,20.2000007629395,1,5924.980384660036,327.51857835218084,Wheat_maize,SI,CT,CI,Yes
7.97500038146973,251.900009155273,7.66299962997437,7.578000069,20.5400009155273,1,5498.530247237501,310.5521076760563,Wheat_maize,SI,CT,CI,Yes
11.1333332061768,192.800003051758,10.1370000839233,7.736999989,18.1700000762939,1,8390.42326332896,385.4608234697507,Wheat_maize,SI,CT,CI,Yes
10.5166664123535,202.400009155273,9.82299983501434,8.05300045,21.2999992370605,1,7769.633748297792,325.8221047949528,Wheat_maize,SI,CT,CI,Yes
11.1666669845581,171.300003051758,12.929000854492202,7.157000065,14.6199998855591,1,8120.5941769230785,490.8286477258465,Wheat_maize,SI,CT,CI,Yes
9.51666641235352,154.600006103516,8.7610000371933,7.847000122,22.4899997711182,1,9197.61577259588,428.45097963687,Wheat_maize,SI,CT,CI,Yes
2.63333344459534,411.0,13.173999786377,7.592000008,21.0,1,9759.292176262908,516.4923813934427,Wheat_maize,SI,CT,CI,Yes
13.1999998092651,98.0,24.1530013084412,5.904000282,4.42999982833862,1,6709.774759525,589.9629,Wheat_maize,SI,CT,CI,Yes
12.8000001907349,51.7000007629395,19.5390009880066,6.415999889,8.13000011444092,1,6857.814529767045,623.6062104545455,Wheat_maize,SI,CT,CI,Yes
14.0583333969116,42.2000007629395,19.080001115799,6.122000217,11.1800003051758,1,6214.146772524426,551.3764128118158,Wheat_maize,SI,CT,CI,Yes
9.84166717529297,314.800018310547,9.37099993228912,7.822000027,21.5200004577637,1,7635.276101949157,253.68569398876406,Wheat_maize,SI,CT,CI,Yes
8.55833339691162,355.600006103516,10.794999599456801,8.140000343,19.75,1,8893.917752690726,340.95997096935844,Wheat_maize,SI,CT,CI,Yes
6.24166679382324,286.700012207031,9.02499973773956,7.834000111,18.7000007629395,1,8521.529909545205,433.54823799529856,Wheat_maize,SI,CT,CI,Yes
2.54999995231628,256.0,4.53999996185303,8.243000031,6.76000022888184,1,8985.202468739068,287.74155606583065,Wheat_maize,SI,CT,CI,Yes
7.77500009536743,279.0,5.75199961662292,8.094000816,25.7299995422363,1,8131.1804191046285,370.6542470485398,Wheat_maize,SI,CT,CI,Yes
5.67500019073486,243.100006103516,6.95699989795685,7.835000038,18.3299999237061,1,7557.412732063609,266.9269392405069,Wheat_maize,SI,CT,CI,Yes
3.17499995231628,232.199996948242,8.98599982261658,8.098999977,24.4599990844727,1,7226.938881814706,298.5317805882353,Wheat_maize,SI,CT,CI,Yes
7.56666660308838,246.0,10.872999429702801,8.18900013,19.7700004577637,1,8828.208368473766,422.68884072961316,Wheat_maize,SI,CT,CI,Yes
4.30833339691162,259.399993896484,7.10500001907349,8.069000244,18.5599994659424,1,7457.344961612499,288.8959516666664,Wheat_maize,SI,CT,CI,Yes
7.73333358764648,157.199996948242,10.635000467300399,7.670000076,19.8600006103516,1,8265.405203589386,412.13214123059674,Wheat_maize,SI,CT,CI,Yes
4.85000038146973,331.5,5.57399988174438,7.201000214,21.3500003814697,1,6705.466496543342,519.8364552597398,Wheat_maize,SI,CT,CI,Yes
