MAT,MAP,SOC,pH,Clay,Duration,C_input,N_input,Planting_system,Return,Tillage,Irrigation,Topdressing
13.4083337783813,496.899993896484,5.90399980545044,7.706999779,16.4699993133545,1,6197.54108403646,338.294752378706,Wheat_maize,SI,CT,CI,Yes
13.9750003814697,517.0,6.1410003900528,7.295000076,13.7700004577637,1,7059.7449917957,348.862238598456,Wheat_maize,SI,CT,CI,Yes
13.0833330154419,460.0,6.37799978256226,6.992000103,13.4099998474121,1,6282.43119,335.598263358503,Wheat_maize,SI,CT,CI,Yes
13.4083337783813,496.899993896484,5.96200048923492,8.005999565,17.7600002288818,1,6438.07725819672,349.347835905102,Wheat_maize,SI,CT,CI,Yes
13.0833330154419,460.0,4.98299986124039,7.545000076,13.7741937637329,1,5967.5721349454,331.614902213312,Wheat_maize,SI,CT,CI,Yes
11.6916666030884,517.599975585938,6.41600012779236,7.130000114,17.0,1,6648.13375,325.543876955001,Wheat_maize,SI,CT,CI,Yes
13.9416666030884,542.0,6.50799989700317,7.159999847,20.9599990844727,1,6864.79404540107,338.132065544854,Wheat_maize,SI,CT,CI,Yes
13.9499998092651,506.200012207031,4.32500004768372,8.149999619,14.25,1,6356.23722151335,360.812380290195,Wheat_maize,SI,CT,CI,Yes
14.8000001907349,523.200012207031,6.12299978733063,7.454999924,15.7272729873657,1,6831.75618775775,377.457881784885,Wheat_maize,SI,CT,CI,Yes
14.8000001907349,523.200012207031,6.29999995231628,6.5,9.0,1,7023.61093494426,370.875533622753,Wheat_maize,SI,CT,CI,Yes
13.9499998092651,506.200012207031,5.20099997520447,5.929999828,14.5243902206421,1,6731.96018930031,349.781315514174,Wheat_maize,SI,CT,CI,Yes
15.1666669845581,544.400024414062,6.31999969482422,6.650000095,10.1999998092651,1,7090.63449123206,366.006389195807,Wheat_maize,SI,CT,CI,Yes
14.7333335876465,538.600036621094,6.28499984741211,6.574999809,9.44999980926514,1,7088.75609173804,371.619137771968,Wheat_maize,SI,CT,CI,Yes
13.1000003814697,567.200012207031,4.99799996614456,7.876999855,14.3800001144409,1,6446.52739355906,361.518334811972,Wheat_maize,SI,CT,CI,Yes
14.8000001907349,523.200012207031,6.80599987506866,6.494999886,13.1099996566772,1,7083.077240155,372.795559255498,Wheat_maize,SI,CT,CI,Yes
13.9499998092651,506.200012207031,3.3500000834465,3.994999886,13.9074077606201,1,6418.7940884323,339.435504817815,Wheat_maize,SI,CT,CI,Yes
15.1666669845581,544.400024414062,6.53800010681152,7.373000145,16.9799995422363,1,7043.8602498099,353.239248359074,Wheat_maize,SI,CT,CI,Yes
15.1666669845581,544.400024414062,6.29999995231628,6.5,9.0,1,7538.05775324398,380.390287876936,Wheat_maize,SI,CT,CI,Yes
15.0749998092651,543.200012207031,6.22500002384186,6.875,11.25,1,7254.50454247727,378.101404539758,Wheat_maize,SI,CT,CI,Yes
14.7333335876465,538.600036621094,6.42000019550323,6.487999916,9.89999961853027,1,7191.68092294119,379.442338326542,Wheat_maize,SI,CT,CI,Yes
14.8000001907349,523.200012207031,6.38800024986267,6.843999863,12.3599996566772,1,7589.74231153041,381.115907532686,Wheat_maize,SI,CT,CI,Yes
12.9250001907349,621.400024414062,5.4720002412796,7.874000072,17.4599990844727,1,7063.0280838843,357.21648391065,Wheat_maize,SI,CT,CI,Yes
12.9250001907349,621.400024414062,5.51199972629547,7.431999683,23.0599994659424,1,6930.80674834776,336.001106016777,Wheat_maize,SI,CT,CI,Yes
12.341667175293,640.200012207031,5.57200014591217,8.048000336,15.0600004196167,1,6608.6400775679,368.433564911177,Wheat_maize,SI,CT,CI,Yes
13.5749998092651,579.900024414062,7.00800001621246,7.78000021,19.1000003814697,1,6593.35857871708,356.552565990559,Wheat_maize,SI,CT,CI,Yes
11.5666666030884,560.299987792969,5.03700017929077,7.357999802,18.2600002288818,1,6356.86221895924,343.904510871813,Wheat_maize,SI,CT,CI,Yes
11.1750001907349,659.100036621094,6.42099976539612,6.678999901,16.1700000762939,1,7439.68041513761,357.70826634382,Wheat_maize,SI,CT,CI,Yes
11.7250003814697,636.099975585938,6.27499997615814,7.677000046,18.5799999237061,1,7077.56318517888,354.036446239834,Wheat_maize,SI,CT,CI,Yes
15.3083333969116,598.400024414062,7.72700011730194,7.298999786,26.3400001525879,1,7358.6859558425,389.477619566356,Wheat_maize,SI,CT,CI,Yes
15.3083333969116,598.400024414062,6.29999995231628,6.5,9.0,1,6916.86696951924,374.445802152014,Wheat_maize,SI,CT,CI,Yes
14.9499998092651,602.600036621094,7.44599997997284,7.993999958,30.1200008392334,1,7026.29601826701,381.03781685228,Wheat_maize,SI,CT,CI,Yes
11.375,640.900024414062,8.97000014781952,7.862999916,14.5600004196167,1,5342.88464304983,343.354524517632,Wheat_maize,SI,CT,CI,Yes
15.0083332061768,603.799987792969,6.03799998760223,7.933000088,16.7999992370605,1,6501.39501088527,378.417691437508,Wheat_maize,SI,CT,CI,Yes
15.1166667938232,552.300048828125,6.38500034809113,7.893000126,15.6099996566772,1,6289.11639741,350.114381666667,Wheat_maize,SI,CT,CI,Yes
15.2333335876465,568.799987792969,5.49899995326996,8.045000076,17.2399997711182,1,6505.22703005656,386.97866966422,Wheat_maize,SI,CT,CI,Yes
15.3083333969116,598.400024414062,6.36799991130829,6.540999889,9.85999965667725,1,6985.78093111693,378.704623961683,Wheat_maize,SI,CT,CI,Yes
15.1166667938232,552.300048828125,6.12500011920929,8.008000374,16.7600002288818,1,7143.34078346099,384.838624149374,Wheat_maize,SI,CT,CI,Yes
15.3083333969116,598.400024414062,6.73500001430511,6.599999905,13.25,1,6824.25321032495,377.959717174768,Wheat_maize,SI,CT,CI,Yes
15.2333335876465,568.799987792969,6.46600008010864,7.928999901,24.7199993133545,1,7464.42750798202,394.540403912615,Wheat_maize,SI,CT,CI,Yes
14.2416667938232,584.200012207031,4.15200024843216,8.154000282,13.3800001144409,1,5864.55044731032,327.962328954476,Wheat_maize,SI,CT,CI,Yes
14.8000001907349,523.200012207031,4.62999999523163,5.385000229,16.8333339691162,1,6672.189118,366.478513490876,Wheat_maize,SI,CT,CI,Yes
15.0666666030884,552.100036621094,4.03899997472763,8.168000221,13.289999961853,1,7146.17295475479,389.978896182715,Wheat_maize,SI,CT,CI,Yes
15.0666666030884,552.100036621094,6.4819997549057,7.864999771,19.9200000762939,1,6835.43709488281,377.716160283766,Wheat_maize,SI,CT,CI,Yes
15.0666666030884,552.100036621094,6.57499969005585,6.611000061,10.4399995803833,1,7085.64589955539,380.282630872773,Wheat_maize,SI,CT,CI,Yes
15.0666666030884,552.100036621094,7.21700012683868,7.69299984,19.7800006866455,1,7029.69696835427,366.165209271051,Wheat_maize,SI,CT,CI,Yes
15.0666666030884,552.100036621094,5.86800038814545,7.967999935,21.1599998474121,1,7376.48349732204,380.171656798059,Wheat_maize,SI,CT,CI,Yes
14.8000001907349,523.200012207031,4.62999999523163,5.385000229,16.8333339691162,1,7066.84846761013,373.000721280909,Wheat_maize,SI,CT,CI,Yes
15.1666669845581,544.400024414062,6.04499995708466,7.925000191,17.7299995422363,1,7258.99886355398,380.027686840636,Wheat_maize,SI,CT,CI,Yes
15.3083333969116,559.5,5.77699959278107,7.953999996,19.5300006866455,1,6680.5811518075,328.15275,Wheat_maize,SI,CT,CI,Yes
15.0749998092651,543.200012207031,5.66200017929077,8.038000107,16.2800006866455,1,6853.96164421516,325.840275228549,Wheat_maize,SI,CT,CI,Yes
15.3083333969116,559.5,5.80900013446808,7.901000023,19.6200008392334,1,6350.85706103055,371.713657264397,Wheat_maize,SI,CT,CI,Yes
15.3083333969116,559.5,5.53600013256073,7.962999821,18.9099998474121,1,6813.08424385126,382.964448853066,Wheat_maize,SI,CT,CI,Yes
15.1166667938232,552.300048828125,6.15799963474274,8.015999794,19.6200008392334,1,6593.05847238281,379.227688314407,Wheat_maize,SI,CT,CI,Yes
14.9416666030884,546.799987792969,5.60899972915649,8.086999893,15.4799995422363,1,6554.88899360406,387.790173973921,Wheat_maize,SI,CT,CI,Yes
15.091667175293,565.900024414062,5.40800034999847,7.96600008,17.7800006866455,1,6524.89461206758,374.684281979506,Wheat_maize,SI,CT,CI,Yes
15.3083333969116,559.5,5.90399980545044,8.038000107,19.0200004577637,1,6183.7080525475,366.460303571429,Wheat_maize,SI,CT,CI,Yes
15.2333335876465,568.799987792969,8.5809999704361,7.190000057,16.5,1,6730.39744560526,368.626749718277,Wheat_maize,SI,CT,CI,Yes
13.9833335876465,510.300018310547,4.18099999427795,8.140999794,13.5299997329712,1,6723.33540972912,365.546111185872,Wheat_maize,SI,CT,CI,Yes
12.3916664123535,467.600006103516,8.37700009346008,7.056000233,19.3999996185303,1,6453.58834152542,336.241661026298,Wheat_maize,SI,CT,CI,Yes
13.9833335876465,510.300018310547,6.30499958992004,7.196000099,14.25,1,6957.96676780303,353.027308949767,Wheat_maize,SI,CT,CI,Yes
13.5,486.300018310547,5.62300026416779,7.785999775,15.8299999237061,1,6479.64376474769,342.332413176985,Wheat_maize,SI,CT,CI,Yes
14.4333333969116,562.0,5.314000248909,7.970000267,17.3999996185303,1,6965.0568023211,306.073083859783,Wheat_maize,SI,CT,CI,Yes
13.9833335876465,510.300018310547,6.12600028514862,7.604000092,21.3099994659424,1,7048.4718035852,337.021374728328,Wheat_maize,SI,CT,CI,Yes
8.91666698455811,477.800018310547,5.10299980640411,8.095999718,16.6499996185303,1,7213.41478428094,352.286850682622,Wheat_maize,SI,CT,CI,Yes
14.2916669845581,517.5,6.25800013542175,6.710000038,10.2600002288818,1,7226.4297235498,361.25827869029,Wheat_maize,SI,CT,CI,Yes
14.4333333969116,562.0,8.99399995803833,5.938000202,31.2682933807373,1,6487.38607295849,367.206593640937,Wheat_maize,SI,CT,CI,Yes
13.9833335876465,510.300018310547,6.49999976158142,8.0,21.0,1,6514.45528678644,345.500091586857,Wheat_maize,SI,CT,CI,Yes
13.5,486.300018310547,6.78900003433228,7.190999985,15.4700002670288,1,6650.24841947624,346.606197268161,Wheat_maize,SI,CT,CI,Yes
14.7166662216187,566.099975585938,4.86299991607666,8.131999969,11.6400003433228,1,7157.2990180686,382.336513028743,Wheat_maize,SI,CT,CI,Yes
14.2916669845581,517.5,4.56200003623962,7.84499979,12.7799997329712,1,6861.73939734135,358.614665697405,Wheat_maize,SI,CT,CI,Yes
14.7333335876465,538.600036621094,5.58099985122681,7.290999889,9.65999984741211,1,7113.13579871125,367.649198100753,Wheat_maize,SI,CT,CI,Yes
14.091667175293,551.700012207031,5.06900012493134,8.147000313,12.1199998855591,1,6719.22211872206,315.001907863752,Wheat_maize,SI,CT,CI,Yes
13.9833335876465,510.300018310547,6.02699995040894,7.875,16.4699993133545,1,6805.98215699096,353.081614891252,Wheat_maize,SI,CT,CI,Yes
13.5,486.300018310547,6.19199991226196,7.635000229,16.7199993133545,1,7212.70822678174,354.551004618318,Wheat_maize,SI,CT,CI,Yes
14.7333335876465,538.600036621094,8.56199979782104,6.602000237,19.6200008392334,1,7245.24832970546,375.854989327248,Wheat_maize,SI,CT,CI,Yes
13.9833335876465,510.300018310547,6.29999995231628,6.5,9.0,1,6916.37554004771,350.572670379864,Wheat_maize,SI,CT,CI,Yes
4.99166679382324,358.300018310547,12.5660002231598,7.419000149,22.0900001525879,1,3278.68704770321,286.652742656422,Wheat_maize,SI,CT,CI,Yes
4.11666679382324,378.100006103516,13.4899997711182,5.87100029,26.8255805969238,1,3861.6628684964,279.090357508065,Wheat_maize,SI,CT,CI,Yes
5.50833320617676,329.600006103516,14.2620003223419,7.170000076,24.3799991607666,1,4518.3595681068,285.596930237805,Wheat_maize,SI,CT,CI,Yes
11.5666666030884,560.299987792969,5.86099982261658,7.523999691,21.8700008392334,1,6999.09720019162,340.770791584926,Wheat_maize,SI,CT,CI,Yes
7.34166669845581,428.399993896484,4.4420000910759,7.303999901,13.4099998474121,1,4691.39229459586,314.270032069439,Wheat_maize,SI,CT,CI,Yes
14.7583332061768,651.099975585938,5.6580001115799,7.980999947,17.8099994659424,1,6115.80884782609,380.360815732526,Wheat_maize,SI,CT,CI,Yes
14.5250005722046,628.299987792969,5.18100023269653,7.926000118,16.2700004577637,1,6402.8658441227,353.893389883451,Wheat_maize,SI,CT,CI,Yes
14.7416667938232,646.299987792969,6.21600031852722,7.974999905,22.9699993133545,1,6809.14091770711,383.047090452406,Wheat_maize,SI,CT,CI,Yes
13.9500007629395,629.0,4.75800007581711,7.931000233,17.3099994659424,1,6469.89106302925,365.533002873866,Wheat_maize,SI,CT,CI,Yes
14.4833335876465,647.300048828125,5.31599998474121,7.961999893,17.6200008392334,1,6449.44149525831,372.829964327012,Wheat_maize,SI,CT,CI,Yes
14.7166662216187,566.099975585938,5.64000010490417,7.980000019,17.7999992370605,1,7130.34425160702,388.259645062725,Wheat_maize,SI,CT,CI,Yes
14.7583332061768,651.099975585938,5.51400005817413,7.97300005,17.7299995422363,1,6247.71201135156,377.244721740536,Wheat_maize,SI,CT,CI,Yes
14.6000003814697,569.200012207031,5.56800007820129,7.975999832,17.7600002288818,1,7482.84884473591,391.269948169001,Wheat_maize,SI,CT,CI,Yes
14.4416666030884,609.5,6.21800005435944,7.735000134,14.4799995422363,1,6540.9461579164,354.179822434465,Wheat_maize,SI,CT,CI,Yes
14.4833335876465,647.300048828125,5.48799991607666,7.971000195,17.7700004577637,1,6013.43759204224,373.256290853883,Wheat_maize,SI,CT,CI,Yes
14.7583332061768,651.099975585938,5.26199996471405,7.959000111,17.5900001525879,1,6621.0309099997,378.888668388576,Wheat_maize,SI,CT,CI,Yes
14.4750003814697,597.300048828125,5.33399999141693,7.962999821,17.6299991607666,1,6811.99176852336,374.599591751779,Wheat_maize,SI,CT,CI,Yes
14.4416666030884,609.5,6.00000023841858,8.0,18.0,1,6689.45096917536,296.896490009074,Wheat_maize,SI,CT,CI,Yes
14.091667175293,551.700012207031,5.39200007915497,8.095999718,14.1599998474121,1,7374.1059278688,381.125447013693,Wheat_maize,SI,CT,CI,Yes
14.3916664123535,565.400024414062,4.69799995422363,7.986999989,12.9499998092651,1,5471.20332925071,368.915054103918,Wheat_maize,SI,CT,CI,Yes
13.9416666030884,542.0,5.41400015354156,8.078000069,14.1899995803833,1,6476.02596887509,368.842201342112,Wheat_maize,SI,CT,CI,Yes
14.5250005722046,628.299987792969,5.18999993801117,7.954999924,17.5499992370605,1,6175.31259933147,295.062300850099,Wheat_maize,SI,CT,CI,Yes
14.4750003814697,597.300048828125,5.65500020980835,7.953999996,16.3700008392334,1,6203.76597820166,372.135046799888,Wheat_maize,SI,CT,CI,Yes
13.9750003814697,517.0,6.15299999713898,7.888999939,22.3400001525879,1,6826.47032164965,346.274757790678,Wheat_maize,SI,CT,CI,Yes
14.091667175293,551.700012207031,6.70300006866455,8.0,23.5100002288818,1,6014.52622383908,357.352795384052,Wheat_maize,SI,CT,CI,Yes
13.9416666030884,542.0,5.38900017738342,7.846000195,12.4399995803833,1,6687.98525853219,356.484321745084,Wheat_maize,SI,CT,CI,Yes
14.9833335876465,555.099975585938,5.77499985694885,8.050000191,18.75,1,7712.59380979609,399.500959512571,Wheat_maize,SI,CT,CI,Yes
14.9833335876465,555.099975585938,5.53400039672852,7.97300005,17.8500003814697,1,7040.71848536509,384.178561107192,Wheat_maize,SI,CT,CI,Yes
14.7166662216187,566.099975585938,7.35700011253357,7.986999989,30.3400001525879,1,6697.36804170274,369.495284340917,Wheat_maize,SI,CT,CI,Yes
14.7166662216187,566.099975585938,5.06900012493134,8.147000313,12.1199998855591,1,7352.99819370693,387.503136504086,Wheat_maize,SI,CT,CI,Yes
14.7166662216187,566.099975585938,5.39200007915497,8.095999718,14.1599998474121,1,7309.54679188715,392.195467494835,Wheat_maize,SI,CT,CI,Yes
14.9416666030884,546.799987792969,6.12100005149841,7.997000217,19.0200004577637,1,7092.79719494539,382.62179396214,Wheat_maize,SI,CT,CI,Yes
14.6000003814697,569.200012207031,4.63899999856949,8.114999771,12.1000003814697,1,6403.71654728155,355.597892831811,Wheat_maize,SI,CT,CI,Yes
14.6000003814697,569.200012207031,5.69800019264221,8.053999901,16.0799999237061,1,7163.17051489758,384.815097331605,Wheat_maize,SI,CT,CI,Yes
14.7166662216187,566.099975585938,5.13300001621246,8.109999657,13.25,1,7597.23306534627,400.326550587134,Wheat_maize,SI,CT,CI,Yes
9.43333339691162,503.100006103516,5.56900024414062,8.055999756,17.1700000762939,1,6654.45173558442,278.421018261318,Wheat_maize,SI,CT,CI,Yes
10.6166667938232,588.799987792969,6.57999992370605,8.0,21.0,1,5988.98350476695,260.907500028139,Wheat_maize,SI,CT,CI,Yes
9.875,651.299987792969,5.57900011539459,8.057999611,17.9099998474121,1,6069.03464285714,314.799237503121,Wheat_maize,SI,CT,CI,Yes
10.8333339691162,660.700012207031,6.37600004673004,7.952000141,21.3199996948242,1,6718.22337234043,309.678007300648,Wheat_maize,SI,CT,CI,Yes
9.875,651.299987792969,6.32699966430664,8.013999939,20.3700008392334,1,5839.36235781836,330.007276794603,Wheat_maize,SI,CT,CI,Yes
10.8333339691162,660.700012207031,5.04499971866608,8.109999657,16.0499992370605,1,7093.80232352941,341.340663228595,Wheat_maize,SI,CT,CI,Yes
10.841667175293,638.200012207031,4.46400016546249,8.128000259,14.1599998474121,1,7285.79410302267,332.902312818986,Wheat_maize,SI,CT,CI,Yes
10.5333337783813,602.200012207031,5.8950001001358,7.360000134,20.4456520080566,1,6539.17903863065,308.57009057503,Wheat_maize,SI,CT,CI,Yes
10.5333337783813,602.200012207031,6.28399968147278,8.008000374,20.0400009155273,1,6780.98809152542,320.03479494311,Wheat_maize,SI,CT,CI,Yes
11.5833330154419,684.5,6.39499962329865,8.0,20.3700008392334,1,6543.65678251307,210.775831441666,Wheat_maize,SI,CT,CI,Yes
12.7333335876465,686.900024414062,6.2169998884201,7.979000092,20.0300006866455,1,6400.19175,309.90524501158,Wheat_maize,SI,CT,CI,Yes
10.3249998092651,754.700012207031,6.55999958515167,8.0,21.0,1,7355.12885714286,324.047077994212,Wheat_maize,SI,CT,CI,Yes
11.8166666030884,633.400024414062,5.02099990844727,8.102000237,16.4099998474121,1,5328.76728115,250.763383765297,Wheat_maize,SI,CT,CI,Yes
11.8166666030884,633.400024414062,4.58400011062622,8.128000259,14.8800001144409,1,6379.35908082131,357.696145909399,Wheat_maize,SI,CT,CI,Yes
10.2583332061768,502.400024414062,4.77700024843216,8.093999863,15.1700000762939,1,6071.22650432324,326.272799466352,Wheat_maize,SI,CT,CI,Yes
9.54166698455811,588.900024414062,7.53700017929077,7.96600008,19.7900009155273,1,7037.14643933131,281.746750968328,Wheat_maize,SI,CT,CI,Yes
8.19166660308838,678.400024414062,6.89000010490417,8.0,20.8799991607666,1,5672.80080873108,316.658931309012,Wheat_maize,SI,CT,CI,Yes
11.0666666030884,527.600036621094,5.36400020122528,8.048000336,16.4799995422363,1,7875.61534356436,330.593506192737,Wheat_maize,SI,CT,CI,Yes
11.0666666030884,527.600036621094,3.94199997186661,8.213000298,10.7700004577637,1,7542.84915546219,337.265024218494,Wheat_maize,SI,CT,CI,Yes
10.8666667938232,586.299987792969,13.970000743866,7.75,20.0,1,5630.75135714286,305.317431359536,Wheat_maize,SI,CT,CI,Yes
10.0583333969116,541.5,5.25799989700317,8.088999748,15.5699996948242,1,7427.7983548105,263.862682215743,Wheat_maize,SI,CT,CI,Yes
14.1833333969116,627.100036621094,5.23800015449524,8.076000214,16.6200008392334,1,6881.72809914919,277.952642545126,Wheat_maize,SI,CT,CI,Yes
14.1833333969116,627.100036621094,6.29700005054474,8.013999939,20.3700008392334,1,6338.56767955341,354.985241074892,Wheat_maize,SI,CT,CI,Yes
13.7750005722046,640.700012207031,5.39699971675873,8.074000359,17.4899997711182,1,5550.18077408684,319.023628765297,Wheat_maize,SI,CT,CI,Yes
12.5500001907349,614.799987792969,4.94000017642975,8.100000381,15.8400001525879,1,6157.19645926856,348.569098765297,Wheat_maize,SI,CT,CI,Yes
13.6666669845581,594.5,6.83499991893768,7.859000206,19.1700000762939,1,7005.95027965402,318.910706420555,Wheat_maize,SI,CT,CI,Yes
12.7333335876465,693.600036621094,5.04999995231628,8.100000381,16.5,1,6371.99136294364,318.910706420555,Wheat_maize,SI,CT,CI,Yes
12.7333335876465,693.600036621094,4.5100000500679,8.050000191,16.2199993133545,1,5355.534313675,352.643738067016,Wheat_maize,SI,CT,CI,Yes
13.7750005722046,640.700012207031,5.2539998292923,7.748000145,17.8125,1,5831.08589380586,346.730092719306,Wheat_maize,SI,CT,CI,Yes
13.6666669845581,697.5,4.42800015211105,7.875,14.1300001144409,1,6062.33874305034,346.381966955289,Wheat_maize,SI,CT,CI,Yes
14.2250003814697,680.0,4.52800005674362,8.13599968,14.8800001144409,1,5850.99180256231,328.205743765297,Wheat_maize,SI,CT,CI,Yes
14.6916666030884,707.5,9.42499995231628,6.970000267,22.1000003814697,1,7242.25826459843,378.391705452702,Wheat_maize,SI,CT,CI,Yes
12.5500001907349,614.799987792969,4.33200001716614,8.133999825,14.460000038147,1,5228.31900206055,318.910706420555,Wheat_maize,SI,CT,CI,Yes
9.44166660308838,434.5,5.45700013637543,8.020999908,18.0599994659424,1,6858.028459,300.631873936145,Wheat_maize,SI,CT,CI,Yes
13.6666669845581,594.5,5.04199981689453,8.093999863,16.2000007629395,1,5996.69575969727,368.064164718338,Wheat_maize,SI,CT,CI,Yes
12.4166669845581,641.799987792969,6.18099987506866,8.001999855,19.1700000762939,1,5579.7911543125,351.163110110577,Wheat_maize,SI,CT,CI,Yes
13.6666669845581,594.5,4.75899994373322,8.125,14.3599996566772,1,6186.02926323283,320.103628765297,Wheat_maize,SI,CT,CI,Yes
12.6500005722046,570.200012207031,6.19799971580505,8.005999565,19.4400005340576,1,6702.11246909191,346.196951833624,Wheat_maize,SI,CT,CI,Yes
12.6500005722046,570.200012207031,7.87199974060059,7.506999969,20.5900001525879,1,5891.00137663158,323.233844110207,Wheat_maize,SI,CT,CI,Yes
10.716667175293,638.5,7.77499973773956,7.467999935,26.8500003814697,1,6355.30562426607,300.343986669972,Wheat_maize,SI,CT,CI,Yes
12.4166669845581,641.799987792969,4.64399993419647,8.128000259,15.2399997711182,1,5879.0354915125,318.22233,Wheat_maize,SI,CT,CI,Yes
10.7416667938232,620.400024414062,6.09399974346161,8.027999878,19.7399997711182,1,5348.40613390239,335.95129190774,Wheat_maize,SI,CT,CI,Yes
12.5500001907349,614.799987792969,5.91399967670441,8.038000107,19.0799999237061,1,5868.10988175333,343.089884036697,Wheat_maize,SI,CT,CI,Yes
10.7416667938232,620.400024414062,6.14199995994568,8.013999939,19.4400005340576,1,6143.74010473815,333.371933834974,Wheat_maize,SI,CT,CI,Yes
10.2833337783813,571.799987792969,6.10499978065491,8.020000458,19.4699993133545,1,6355.36484615385,329.494579556688,Wheat_maize,SI,CT,CI,Yes
10.2833337783813,571.799987792969,7.75999963283539,7.424000263,20.2800006866455,1,5711.85971153846,277.154957655258,Wheat_maize,SI,CT,CI,Yes
10.3333330154419,636.900024414062,5.51400005817413,8.06799984,17.9400005340576,1,6451.71417661713,339.076747676364,Wheat_maize,SI,CT,CI,Yes
10.8666667938232,586.299987792969,5.71699976921082,8.053999901,18.5699996948242,1,4919.75958937948,271.800280188679,Wheat_maize,SI,CT,CI,Yes
10.8666667938232,586.299987792969,6.21900022029877,8.008000374,18.6000003814697,1,5591.9903496625,221.649705,Wheat_maize,SI,CT,CI,Yes
10.6500005722046,498.5,6.33499979972839,8.0,20.0100002288818,1,4656.21824378784,292.904235510413,Wheat_maize,SI,CT,CI,Yes
6.52500009536743,294.899993896484,4.43399995565414,8.169000626,9.39000034332275,1,6652.49304807348,319.508335153396,Wheat_maize,SI,CT,CI,Yes
8.40833377838135,313.5,7.26700007915497,7.912000179,18.9300003051758,1,6792.09309258721,334.717032427982,Wheat_maize,SI,CT,CI,Yes
4.55000019073486,284.700012207031,13.1239998340607,7.516000271,22.0,1,4115.9842185473,292.270257682915,Wheat_maize,SI,CT,CI,Yes
7.41666698455811,176.0,11.7870008945465,7.426000118,20.9099998474121,1,6229.05304350911,297.187978764158,Wheat_maize,SI,CT,CI,Yes
5.95000028610229,273.800018310547,20.9019994735718,6.842999935,36.8400001525879,1,6652.49304807348,298.741729455497,Wheat_maize,SI,CT,CI,Yes
4.81666660308838,197.900009155273,12.0000004768372,7.300000191,21.0,1,4837.3674714174,293.575313019255,Wheat_maize,SI,CT,CI,Yes
8.05000019073486,337.100006103516,7.54500031471252,6.506000042,12.5200004577637,1,5935.73923994334,293.663381879238,Wheat_maize,SI,CT,CI,Yes
8.16666698455811,355.200012207031,11.9400000572205,7.30700016,20.9699993133545,1,5952.31849566868,284.299662962907,Wheat_maize,SI,CT,CI,Yes
6.26666688919067,340.0,7.61000037193298,7.342000008,16.7700004577637,1,5213.02847880529,282.281137416142,Wheat_maize,SI,CT,CI,Yes
5.59166669845581,331.300018310547,4.35900002717972,6.843999863,19.25,1,4777.24659028567,306.155470357245,Wheat_maize,SI,CT,CI,Yes
5.60833358764648,331.600006103516,6.78000032901764,7.264999866,15.4499998092651,1,5285.25493982945,265.879954921505,Wheat_maize,SI,CT,CI,Yes
4.30833339691162,324.800018310547,16.9729995727539,7.426000118,25.1000003814697,1,4921.17934800666,291.807944734445,Wheat_maize,SI,CT,CI,Yes
8.05833339691162,322.5,4.54800009727478,8.163999557,10.039999961853,1,6219.61894764159,322.025886018147,Wheat_maize,SI,CT,CI,Yes
6.90000009536743,436.700012207031,8.61599981784821,6.55700016,23.1200008392334,1,6319.57251181455,286.300341645037,Wheat_maize,SI,CT,CI,Yes
9.15833377838135,417.900024414062,6.3730001449585,7.982999802,20.1599998474121,1,6810.45054903695,311.143364971406,Wheat_maize,SI,CT,CI,Yes
8.10000038146973,382.600006103516,6.54399991035461,7.271999836,16.5200004577637,1,5934.0998164798,283.309580220075,Wheat_maize,SI,CT,CI,Yes
8.60833358764648,383.800018310547,4.09999996423721,8.300000191,6.0,1,5482.33879868421,327.998386951862,Wheat_maize,SI,CT,CI,Yes
7.80833387374878,467.900024414062,13.3200001716614,7.387000084,23.2800006866455,1,5482.33879868421,279.779397880244,Wheat_maize,SI,CT,CI,Yes
8.72500038146973,359.0,5.77600002288818,8.076999664,16.5100002288818,1,7842.77142033058,349.129598869281,Wheat_maize,SI,CT,CI,Yes
6.96666669845581,386.300018310547,12.4669992923737,7.617000103,21.8899993896484,1,6419.28057832835,306.004079242605,Wheat_maize,SI,CT,CI,Yes
8.58333396911621,279.100006103516,4.79000002145767,6.527999878,5.90000009536743,1,6447.07088474387,296.503919898454,Wheat_maize,SI,CT,CI,Yes
0.450000017881393,426.100006103516,6.23099982738495,8.284999847,8.90999984741211,1,7719.62638461539,332.110021622225,Wheat_maize,SI,CT,CI,Yes
-1.70000004768372,493.0,12.6030004024506,6.457000256,22.4300003051758,1,5388.25287049,291.73287463374,Wheat_maize,SI,CT,CI,Yes
0.450000017881393,426.100006103516,15.3799998760223,7.840000153,23.7999992370605,1,4155.72106106121,291.379818600504,Wheat_maize,SI,CT,CI,Yes
1.70833337306976,285.200012207031,5.74699997901917,6.899000168,12.210000038147,1,4047.18240964129,302.52480245769,Wheat_maize,SI,CT,CI,Yes
0.0999997928738594,507.700012207031,17.0719993114471,6.638999939,22.1299991607666,1,4049.13368851876,291.793083204859,Wheat_maize,SI,CT,CI,Yes
9.48333358764648,97.7000045776367,5.71900010108948,7.712999821,30.5699996948242,1,5381.79803265466,295.259310742222,Wheat_maize,SI,CT,CI,Yes
7.81666660308838,118.600006103516,8.86900007724762,7.763000011,25.0699996948242,1,6601.6993046052,301.761832568945,Wheat_maize,SI,CT,CI,Yes
9.48333358764648,97.7000045776367,10.003000497818,7.781000137,23.0900001525879,1,7631.78490118156,309.575046832608,Wheat_maize,SI,CT,CI,Yes
4.97499990463257,334.900024414062,13.1319999694824,7.28000021,22.5,1,6303.4911589453,289.645045486868,Wheat_maize,SI,CT,CI,Yes
5.19999980926514,342.899993896484,12.1200001239777,7.370000362,21.6000003814697,1,4759.218625,289.155020248723,Wheat_maize,SI,CT,CI,Yes
4.90833330154419,338.799987792969,10.8880007266998,7.21600008,19.4699993133545,1,3977.03175254,296.239112925865,Wheat_maize,SI,CT,CI,Yes
4.63333320617676,310.600006103516,12.0160007476807,7.300000191,21.0200004577637,1,3905.24116318,289.732126550024,Wheat_maize,SI,CT,CI,Yes
5.40833330154419,367.100006103516,12.0000004768372,7.300000191,21.0,1,3906.87612628168,291.493581922338,Wheat_maize,SI,CT,CI,Yes
5.19999980926514,342.899993896484,13.2560002803802,5.703999996,27.2588233947754,1,5795.88955246615,275.927809527722,Wheat_maize,SI,CT,CI,Yes
5.97499990463257,362.5,11.0079991817474,6.278000355,22.0,1,3872.97013768,281.357909436508,Wheat_maize,SI,CT,CI,Yes
3.53333330154419,380.799987792969,23.4060001373291,6.650000095,38.0200004577637,1,3872.97013768,277.723176810576,Wheat_maize,SI,CT,CI,Yes
4.97499990463257,334.900024414062,11.7280006408691,7.081000328,21.1134014129639,1,3872.97013768,283.539728779162,Wheat_maize,SI,CT,CI,Yes
-0.774999976158142,482.899993896484,19.0279996395111,7.160000324,22.7399997711182,1,4275.73043137562,304.552306435898,Wheat_maize,SI,CT,CI,Yes
5.01666688919067,455.600006103516,12.331999540329,7.346000195,22.0300006866455,1,5482.33879868421,294.961848741558,Wheat_maize,SI,CT,CI,Yes
6.65000009536743,442.100006103516,13.9040005207062,7.504000187,22.6599998474121,1,5482.33879868421,297.404277714947,Wheat_maize,SI,CT,CI,Yes
2.25,274.800018310547,13.0440008640289,7.240000248,22.5599994659424,1,4170.61503255505,291.293604091493,Wheat_maize,SI,CT,CI,Yes
4.67500019073486,365.200012207031,4.17500019073486,6.764999866,10.5500001907349,1,3256.38346296308,306.106111786296,Wheat_maize,SI,CT,CI,Yes
4.27500009536743,326.800018310547,12.746000289917,7.449000359,19.7399997711182,1,4624.51060065184,298.492029918815,Wheat_maize,SI,CT,CI,Yes
3.97500014305115,329.800018310547,20.9340000152588,6.81000042,34.25,1,4003.58247612842,275.986242050764,Wheat_maize,SI,CT,CI,Yes
3.70833325386047,338.0,8.33999991416931,7.015999794,15.4899997711182,1,3389.62481382476,297.896800673897,Wheat_maize,SI,CT,CI,Yes
8.875,523.200012207031,7.90399968624115,6.388000011,23.1200008392334,1,6409.97525116316,306.559235616795,Wheat_maize,SI,CT,CI,Yes
8.93333339691162,454.0,7.16199994087219,6.945000172,22.8400001525879,1,5674.2975,305.903855241353,Wheat_maize,SI,CT,CI,Yes
10.125,453.800018310547,6.37699961662292,7.509999752,21.8999996185303,1,5385.69644246174,310.030740860231,Wheat_maize,SI,CT,CI,Yes
15.6666669845581,820.0,6.17200016975403,7.958000183,26.1200008392334,1,6388.97434421094,360.085413729264,Wheat_maize,SI,CT,CI,Yes
15.6666669845581,820.0,8.99800002574921,7.407999992,33.5531921386719,1,6525.10551412698,358.688251450434,Wheat_maize,SI,CT,CI,Yes
15.841667175293,940.5,6.96600019931793,7.611999989,20.3099994659424,1,6424.09448770241,358.159739979361,Wheat_maize,SI,CT,CI,Yes
16.3666667938232,1021.10003662109,4.24199998378754,8.289999962,6.30000019073486,1,6466.00997134202,368.18496719087,Wheat_maize,SI,CT,CI,Yes
15.7250003814697,965.099975585938,8.88200044631958,7.346000195,28.75,1,6879.18535858117,355.15848656276,Wheat_maize,SI,CT,CI,Yes
15.7250003814697,965.099975585938,7.17900037765503,8.029999733,27.5300006866455,1,6437.25962015956,358.13422210496,Wheat_maize,SI,CT,CI,Yes
16.8250007629395,1174.20007324219,5.04700005054474,8.06099987,12.3030300140381,1,6668.14428879808,366.871836581029,Wheat_maize,SI,CT,CI,Yes
16.908332824707,1270.0,4.62400019168854,2.828000069,38.0444450378418,1,6889.47819962121,341.633035630492,Wheat_maize,SI,CT,CI,Yes
15.1166667938232,946.600036621094,8.125,6.448999882,20.0599994659424,1,6329.7659292547,354.929590967346,Wheat_maize,SI,CT,CI,Yes
15.4416666030884,1018.20001220703,9.61300015449524,7.399000168,21.9300003051758,1,6469.35332945756,356.882707938694,Wheat_maize,SI,CT,CI,Yes
15.4416666030884,1018.20001220703,9.80500042438507,7.920000076,33.3600006103516,1,6510.48923696713,350.240418689461,Wheat_maize,SI,CT,CI,Yes
15.8249998092651,1076.40002441406,6.75100028514862,8.105000496,12.0,1,6521.42725953857,358.420550064518,Wheat_maize,SI,CT,CI,Yes
16.125,1073.30004882812,7.77999997138977,4.992000103,21.3768119812012,1,5009.85913830592,330.992693613468,Wheat_maize,SI,CT,CI,Yes
15.2750005722046,1057.5,7.6280003786087,8.0,30.7600002288818,1,6454.69051222767,346.005687112003,Wheat_maize,SI,CT,CI,Yes
16.1499996185303,1364.59997558594,9.17200028896332,7.878000259,19.8299999237061,1,6592.49626821288,356.360960431071,Wheat_maize,SI,CT,CI,Yes
16.6749992370605,1346.20007324219,11.1699998378754,7.690000057,20.9500007629395,1,5806.4090423426,342.814771268516,Wheat_maize,SI,CT,CI,Yes
15.6750001907349,999.400024414062,6.44900023937225,6.508999825,24.1204814910889,1,6841.66598585559,359.473990807432,Wheat_maize,SI,CT,CI,Yes
15.841667175293,1052.5,6.44500017166138,8.085000038,13.3500003814697,1,6227.86820106548,360.703783185349,Wheat_maize,SI,CT,CI,Yes
16.5583343505859,1017.70001220703,12.1379995346069,6.026000023,38.4099998474121,1,6423.29397854625,341.358577888605,Wheat_maize,SI,CT,CI,Yes
17.1833343505859,1660.90002441406,17.8349995613098,5.934000015,30.5957450866699,1,4479.8715815275,272.085421089297,Wheat_maize,SI,CT,CI,Yes
17.0166664123535,1738.0,12.9259991645813,2.979000092,43.2641525268555,1,5510.10774716346,325.71096095017,Wheat_maize,SI,CT,CI,Yes
18.3833332061768,1660.80004882812,19.2750000953674,6.410000324,35.2099990844727,1,5449.964924375,320.71879040224,Wheat_maize,SI,CT,CI,Yes
17.9916667938232,1497.09997558594,12.2500002384186,6.562000275,23.9500007629395,1,5269.79357776042,329.072018003203,Wheat_maize,SI,CT,CI,Yes
17.125,1621.80004882812,13.5060000419617,5.934000015,21.75,1,5043.33624932292,320.038146641309,Wheat_maize,SI,CT,CI,Yes
17.9333343505859,1768.90002441406,21.4039993286133,4.761000156,43.7653045654297,1,5702.52143522625,254.978718034802,Wheat_maize,SI,CT,CI,Yes
18.0500011444092,1793.80004882812,8.72300028800964,7.585000038,35.2599983215332,1,4756.59558200893,315.914143931838,Wheat_maize,SI,CT,CI,Yes
18.0500011444092,1793.80004882812,16.2590003013611,5.820000172,25.0,1,4413.322681875,323.977180363125,Wheat_maize,SI,CT,CI,Yes
17.1666660308838,1905.30004882812,15.4639995098114,5.421999931,28.5100002288818,1,4427.342673125,319.784239254391,Wheat_maize,SI,CT,CI,Yes
19.5249996185303,1673.30004882812,10.2559995651245,5.171999931,39.3103446960449,1,4689.36140010417,315.364245804423,Wheat_maize,SI,CT,CI,Yes
17.9333343505859,1768.90002441406,14.1069996356964,5.850000381,41.1134033203125,1,4481.211746,289.109073069226,Wheat_maize,SI,CT,CI,Yes
17.0583343505859,1490.60009765625,16.2870001792908,6.922000408,29.0699996948242,1,5848.33373346591,342.88367670654,Wheat_maize,SI,CT,CI,Yes
17.0583343505859,1490.60009765625,14.5589995384216,6.242000103,22.4300003051758,1,6668.31513888889,335.360573086384,Wheat_maize,SI,CT,CI,Yes
17.7749996185303,1481.30004882812,24.7319984436035,6.440000057,28.8099994659424,1,5126.24257274305,325.007318201184,Wheat_maize,SI,CT,CI,Yes
17.9583339691162,1553.0,21.3800001144409,5.975000381,36.6300010681152,1,5459.972271875,323.184734758691,Wheat_maize,SI,CT,CI,Yes
17.7749996185303,1481.30004882812,24.7319984436035,6.440000057,28.8099994659424,1,4910.00214971591,317.426740768988,Wheat_maize,SI,CT,CI,Yes
18.1083335876465,1655.30004882812,18.3490002155304,6.11400032,19.75,1,6942.72005,325.094303956136,Wheat_maize,SI,CT,CI,Yes
18.2749996185303,1570.80004882812,15.8039999008179,6.34100008,26.7399997711182,1,6343.854,280.5,Wheat_maize,SI,CT,CI,Yes
17.9833335876465,1575.30004882812,25.081000328064,5.138999939,40.7200012207031,1,5104.18415213801,280.074026056335,Wheat_maize,SI,CT,CI,Yes
17.9833335876465,1575.30004882812,14.2620003223419,6.571000099,24.6599998474121,1,5246.8221204525,298.938929411196,Wheat_maize,SI,CT,CI,Yes
17.9833335876465,1575.30004882812,15.3280007839203,6.326000214,19.4799995422363,1,5831.536032165,314.428623237744,Wheat_maize,SI,CT,CI,Yes
17.6166667938232,1696.0,21.8020009994507,5.477000237,19.1599998474121,1,4672.46971875,326.578415738093,Wheat_maize,SI,CT,CI,Yes
18.2250003814697,1889.09997558594,19.242000579834,5.552999973,11.9899997711182,1,4900.44913334375,324.520133720059,Wheat_maize,SI,CT,CI,Yes
18.2250003814697,1889.09997558594,27.2829985618591,5.037000179,37.7200012207031,1,4743.29036510417,287.199968781036,Wheat_maize,SI,CT,CI,Yes
17.125,2049.80004882812,29.5219993591309,4.847000122,49.4000015258789,1,5372.01053125,300.086677387998,Wheat_maize,SI,CT,CI,Yes
18.2250003814697,1889.09997558594,16.1070001125336,5.853000164,19.6800003051758,1,4713.59625,225.2625,Wheat_maize,SI,CT,CI,Yes
17.125,1621.80004882812,18.7800002098083,5.820000172,32.6161613464355,1,4781.0274651875,320.764247860248,Wheat_maize,SI,CT,CI,Yes
17.125,1621.80004882812,12.2889995574951,6.11400032,23.7700004577637,1,8071.5449280975,247.90908,Wheat_maize,SI,CT,CI,Yes
16.8833332061768,1773.80004882812,20.618999004364,5.59800005,39.0699996948242,1,4302.4254954525,292.746894962782,Wheat_maize,SI,CT,CI,Yes
17.658332824707,1631.90002441406,13.5089993476868,6.294000149,27.5100002288818,1,5785.40226870536,352.862513669213,Wheat_maize,SI,CT,CI,Yes
17.5833339691162,1799.30004882812,22.9690003395081,5.196000099,35.75,1,4535.83948477679,281.751988685951,Wheat_maize,SI,CT,CI,Yes
17.6166667938232,1696.0,16.5900003910065,5.637000084,27.1599998474121,1,4711.66381714368,307.73060967007,Wheat_maize,SI,CT,CI,Yes
17.5499992370605,1811.90002441406,14.4029998779297,5.510000229,32.0499992370605,1,6705.52877190069,320.431999421256,Wheat_maize,SI,CT,CI,Yes
17.408332824707,1917.30004882812,13.6150002479553,6.990000248,23.4099998474121,1,7525.39946875,331.664294218062,Wheat_maize,SI,CT,CI,Yes
17.1666660308838,1905.30004882812,33.2089996337891,5.967000008,30.1100006103516,1,4653.34042772321,315.446492888028,Wheat_maize,SI,CT,CI,Yes
16.9583339691162,943.799987792969,7.48400032520294,6.894999981,19.3125,1,6412.56202277284,351.010632607473,Wheat_maize,SI,CT,CI,Yes
16.4916667938232,965.200012207031,6.31600022315979,7.047999859,25.3777770996094,1,6500.1521614108,367.418845139712,Wheat_maize,SI,CT,CI,Yes
16.5750007629395,1013.5,8.93800020217896,7.339000225,24.1399993896484,1,6068.5440175,350.694157494893,Wheat_maize,SI,CT,CI,Yes
16.1499996185303,966.200012207031,9.62000012397766,7.895999908,24.1399993896484,1,6174.19345464,363.423404708085,Wheat_maize,SI,CT,CI,Yes
16.966667175293,978.400024414062,8.99600028991699,7.610000134,23.6200008392334,1,6230.960775625,351.049272569576,Wheat_maize,SI,CT,CI,Yes
16.966667175293,978.400024414062,8.74000012874603,7.81799984,31.1399993896484,1,6426.88270723214,350.558977359142,Wheat_maize,SI,CT,CI,Yes
16.5750007629395,912.600036621094,6.57000005245209,7.744999886,21.8999996185303,1,6412.42330251005,356.832454379336,Wheat_maize,SI,CT,CI,Yes
16.5500011444092,924.600036621094,6.70300006866455,8.0,23.5100002288818,1,6809.61467493,366.762941425512,Wheat_maize,SI,CT,CI,Yes
16.966667175293,978.400024414062,8.37800025939941,6.997000217,33.3899993896484,1,6462.17299772625,351.129371644815,Wheat_maize,SI,CT,CI,Yes
16.8583335876465,1007.70001220703,8.66800010204315,7.89800024,28.4200000762939,1,5987.65317707713,342.515220618865,Wheat_maize,SI,CT,CI,Yes
16.5750007629395,912.600036621094,6.59200012683868,8.0,22.6399993896484,1,7177.00500591799,371.726075827069,Wheat_maize,SI,CT,CI,Yes
16.1499996185303,966.200012207031,9.76000010967255,7.421999931,22.6399993896484,1,7021.58478124759,370.74825630204,Wheat_maize,SI,CT,CI,Yes
15.966667175293,857.0,5.39600014686584,8.043999672,16.5799999237061,1,6339.07468302923,370.034933523323,Wheat_maize,SI,CT,CI,Yes
15.9000005722046,897.799987792969,7.61500000953674,7.900000095,32.5200004577637,1,6711.55167206609,355.092099347979,Wheat_maize,SI,CT,CI,Yes
16.3666667938232,1021.10003662109,10.1550006866455,7.302000046,23.0200004577637,1,5766.45246870814,354.476730423385,Wheat_maize,SI,CT,CI,Yes
16.4916667938232,965.200012207031,10.0699996948242,7.215000153,24.2199993133545,1,6647.66966300762,365.070916972167,Wheat_maize,SI,CT,CI,Yes
16.2583332061768,888.5,5.47800004482269,8.135000229,15.210000038147,1,6022.45927291667,371.765628697472,Wheat_maize,SI,CT,CI,Yes
16.466667175293,933.900024414062,7.67000019550323,7.532000065,20.3299999237061,1,6653.70126631375,367.154526174362,Wheat_maize,SI,CT,CI,Yes
16.4833335876465,971.5,7.2680002450943,7.520999908,21.1200008392334,1,7098.73809407948,363.889284321886,Wheat_maize,SI,CT,CI,Yes
16.466667175293,933.900024414062,7.48400032520294,7.636000156,22.5900001525879,1,6436.88177963625,363.713748983137,Wheat_maize,SI,CT,CI,Yes
17.3083343505859,1595.59997558594,11.6209995746613,4.915999889,27.8850574493408,1,6111.03020833333,339.194401130926,Wheat_maize,SI,CT,CI,Yes
14.8833332061768,672.200012207031,6.04299962520599,6.198999882,19.4874992370605,1,6844.97409321615,383.547432594181,Wheat_maize,SI,CT,CI,Yes
15.5666666030884,652.799987792969,6.45299971103668,8.026000023,19.7700004577637,1,6219.69953158606,386.032974703701,Wheat_maize,SI,CT,CI,Yes
15.2916669845581,625.799987792969,6.23499989509583,7.423999786,18.53125,1,6366.15882944028,366.082728271605,Wheat_maize,SI,CT,CI,Yes
14.6500005722046,595.600036621094,5.37000000476837,7.965000153,17.6499996185303,1,7202.13804048329,387.781154457398,Wheat_maize,SI,CT,CI,Yes
13.841667175293,611.5,6.42300009727478,7.169000149,15.6899995803833,1,7731.32409066546,371.482470838003,Wheat_maize,SI,CT,CI,Yes
14.4416666030884,575.0,5.74599981307983,7.923999786,17.4599990844727,1,7405.84038049432,379.895193350042,Wheat_maize,SI,CT,CI,Yes
12.7250003814697,699.5,7.31400012969971,6.763000011,21.5400009155273,1,6379.85561525098,325.013857556241,Wheat_maize,SI,CT,CI,Yes
15.0416669845581,830.900024414062,5.75299978256226,7.237999916,11.2200002670288,1,7487.70061168134,378.382758149776,Wheat_maize,SI,CT,CI,Yes
14.25,563.100036621094,6.02400004863739,7.907000065,16.9500007629395,1,6904.8865925314,373.241720710798,Wheat_maize,SI,CT,CI,Yes
13.1500005722046,630.200012207031,7.74999976158142,6.552999973,22.6800003051758,1,7183.82597011308,348.237090984168,Wheat_maize,SI,CT,CI,Yes
13.0083341598511,776.700012207031,6.90400004386902,6.934999943,17.5400009155273,1,6979.12580499284,339.030159420989,Wheat_maize,SI,CT,CI,Yes
13.5333337783813,687.799987792969,6.38100028038025,6.800000191,15.1499996185303,1,7054.68172981595,352.991956500751,Wheat_maize,SI,CT,CI,Yes
14.8833332061768,672.200012207031,6.04299962520599,6.198999882,19.4874992370605,1,6359.16339630458,373.101163641629,Wheat_maize,SI,CT,CI,Yes
12.6833333969116,677.700012207031,8.36000025272369,6.479000092,21.7099990844727,1,6567.63672875705,330.951170187146,Wheat_maize,SI,CT,CI,Yes
12.4250001907349,714.900024414062,8.18599998950958,6.833000183,16.5900001525879,1,5846.60379643229,337.59355975422,Wheat_maize,SI,CT,CI,Yes
13.3500003814697,795.700012207031,5.46899974346161,4.756000042,19.8732395172119,1,6338.32922196012,334.346357633339,Wheat_maize,SI,CT,CI,Yes
14.1083335876465,623.5,6.14600002765656,7.386000156,19.4300003051758,1,6319.77637538544,357.765575736662,Wheat_maize,SI,CT,CI,Yes
14.1083335876465,623.5,6.29299998283386,7.269999981,16.9200000762939,1,6647.40864954,279.483981136965,Wheat_maize,SI,CT,CI,Yes
13.841667175293,611.5,9.32699978351593,7.175999641,18.8400001525879,1,6892.6424290071,312.121084146341,Wheat_maize,SI,CT,CI,Yes
14.0166673660278,740.700012207031,6.32000029087067,7.522999763,19.6200008392334,1,6892.76044876402,348.284599268739,Wheat_maize,SI,CT,CI,Yes
14.1083335876465,623.5,6.16200029850006,7.256000042,13.5,1,6923.04756356055,291.991679999996,Wheat_maize,SI,CT,CI,Yes
14.0166673660278,740.700012207031,5.7779997587204,7.40500021,14.0799999237061,1,6941.99577576138,363.969736806154,Wheat_maize,SI,CT,CI,Yes
14.0666666030884,739.900024414062,5.04899978637695,7.867000103,15.1599998474121,1,7051.51687527651,370.325185403373,Wheat_maize,SI,CT,CI,Yes
14.2666673660278,665.299987792969,5.86199998855591,8.008999825,17.2199993133545,1,7511.30316209077,391.527475175966,Wheat_maize,SI,CT,CI,Yes
15.6583337783813,765.0,9.96800005435944,6.942000389,21.0,1,6479.68778062375,378.982075343247,Wheat_maize,SI,CT,CI,Yes
15.7916669845581,728.600036621094,5.42900025844574,8.020999908,16.2600002288818,1,7614.802234375,305.539055,Wheat_maize,SI,CT,CI,Yes
14.7750005722046,713.799987792969,6.80000007152557,7.031000137,17.2299995422363,1,7799.84931887145,400.515401249513,Wheat_maize,SI,CT,CI,Yes
15.216667175293,684.700012207031,6.52099967002869,6.71600008,12.7299995422363,1,6778.20185036882,375.79594034683,Wheat_maize,SI,CT,CI,Yes
15.216667175293,684.700012207031,8.3050000667572,6.575999737,13.8400001525879,1,7379.70385415017,391.904335883486,Wheat_maize,SI,CT,CI,Yes
15.4833335876465,677.100036621094,6.46099984645844,7.722000122,17.6100006103516,1,7431.65191867627,386.21592568866,Wheat_maize,SI,CT,CI,Yes
14.0083332061768,788.700012207031,7.25000023841858,6.830999851,20.75,1,6834.16956669544,347.570313596399,Wheat_maize,SI,CT,CI,Yes
15.0666666030884,675.400024414062,6.63399994373322,6.849999905,19.4300003051758,1,6776.31033139819,377.50687963385,Wheat_maize,SI,CT,CI,Yes
13.3083333969116,762.0,9.1430002450943,6.599999905,21.7399997711182,1,6441.6222546167,336.299866643096,Wheat_maize,SI,CT,CI,Yes
13.4416666030884,770.700012207031,8.45600008964539,6.404000282,21.6800003051758,1,6629.44395922375,338.251861562355,Wheat_maize,SI,CT,CI,Yes
13.375,870.700012207031,8.50800037384033,6.49600029,19.1299991607666,1,6844.95400023803,331.591642422639,Wheat_maize,SI,CT,CI,Yes
13.4499998092651,808.599975585938,7.62700021266937,7.767000198,19.7600002288818,1,6518.60645548261,300.62766636294,Wheat_maize,SI,CT,CI,Yes
13.4499998092651,798.300048828125,10.5900001525879,7.180999756,22.1399993896484,1,6026.48540745789,338.63712944957,Wheat_maize,SI,CT,CI,Yes
15.5666666030884,933.100036621094,7.5110000371933,7.866000175,26.3099994659424,1,6421.54927100182,364.158860353407,Wheat_maize,SI,CT,CI,Yes
13.4499998092651,808.599975585938,7.90700018405914,7.346000195,21.9500007629395,1,6220.39398292993,338.280210095427,Wheat_maize,SI,CT,CI,Yes
14.375,856.299987792969,6.05399966239929,7.462999821,22.4400005340576,1,6137.73740538875,361.524275087405,Wheat_maize,SI,CT,CI,Yes
14.0083332061768,788.700012207031,5.90200006961823,7.099999905,14.5200004577637,1,6498.78053380868,327.283083157895,Wheat_maize,SI,CT,CI,Yes
14.1583337783813,890.0,7.79999971389771,6.508999825,16.1599998474121,1,6905.71768705117,345.18389997761,Wheat_maize,SI,CT,CI,Yes
14.0083332061768,788.700012207031,7.03400015830994,7.440999985,16.7900009155273,1,6099.88855317503,350.626138125539,Wheat_maize,SI,CT,CI,Yes
15.1166667938232,946.600036621094,8.02299976348877,6.582000256,22.2600002288818,1,5902.25335202719,295.73822308242,Wheat_maize,SI,CT,CI,Yes
14.7416667938232,646.299987792969,5.70200026035309,7.979000092,18.2700004577637,1,6615.56175503118,380.660433199135,Wheat_maize,SI,CT,CI,Yes
14.4000005722046,599.600036621094,5.89700043201447,7.993999958,17.9699993133545,1,6872.58802661552,380.942543780204,Wheat_maize,SI,CT,CI,Yes
15.1416673660278,595.0,5.39099991321564,7.940000057,19.6100006103516,1,6834.41507986758,379.436292684815,Wheat_maize,SI,CT,CI,Yes
15.5666666030884,652.799987792969,4.15699988603592,8.291000366,6.3600001335144,1,7166.31454743125,398.430073773474,Wheat_maize,SI,CT,CI,Yes
15.0250005722046,574.799987792969,4.95600014925003,7.941999912,17.4200000762939,1,7047.37063782727,384.727610853939,Wheat_maize,SI,CT,CI,Yes
15.375,630.900024414062,5.64000010490417,7.929999828,16.1100006103516,1,7552.99251949418,399.239751164974,Wheat_maize,SI,CT,CI,Yes
15.0250005722046,574.799987792969,5.62200009822845,7.979000092,17.7900009155273,1,7194.12342438267,391.177763637577,Wheat_maize,SI,CT,CI,Yes
14.4000005722046,599.600036621094,5.86000025272369,7.980999947,18.6700000762939,1,7336.81840070181,392.024683530743,Wheat_maize,SI,CT,CI,Yes
15.5666666030884,652.799987792969,5.85999965667725,7.980000019,19.1200008392334,1,7263.25864601866,402.282123412347,Wheat_maize,SI,CT,CI,Yes
15.2916669845581,625.799987792969,5.53200006484985,7.973999977,17.7399997711182,1,6809.24152890625,384.960699678202,Wheat_maize,SI,CT,CI,Yes
14.9250001907349,583.600036621094,6.40100002288818,7.997000217,20.7000007629395,1,7223.17529967833,390.05684140383,Wheat_maize,SI,CT,CI,Yes
14.9250001907349,583.600036621094,5.83700001239777,7.97300005,19.1399993896484,1,7108.31767337125,385.60475056368,Wheat_maize,SI,CT,CI,Yes
15.2916669845581,625.799987792969,5.59599995613098,7.948999882,20.2299995422363,1,6946.71053276801,381.805745596553,Wheat_maize,SI,CT,CI,Yes
14.9499998092651,602.600036621094,6.33899986743927,7.993000031,20.7199993133545,1,6722.08247292633,375.541713992806,Wheat_maize,SI,CT,CI,Yes
15.375,630.900024414062,4.89300012588501,7.93200016,18.3999996185303,1,6853.17732314664,382.892731912941,Wheat_maize,SI,CT,CI,Yes
15.091667175293,565.900024414062,5.34600019454956,8.079999924,14.5900001525879,1,6329.9740958706,384.112020188677,Wheat_maize,SI,CT,CI,Yes
14.4416666030884,575.0,5.5620002746582,7.962999821,17.1900005340576,1,6947.12172226386,382.914244931741,Wheat_maize,SI,CT,CI,Yes
14.0416669845581,582.299987792969,5.80200016498566,7.988999844,17.8899993896484,1,6002.4541307735,369.739148282182,Wheat_maize,SI,CT,CI,Yes
14.25,563.100036621094,6.39400005340576,7.032999992,18.1000003814697,1,7055.53781958548,361.715087136654,Wheat_maize,SI,CT,CI,Yes
15.591667175293,687.0,6.21500015258789,8.0,19.2900009155273,1,6821.06761202106,388.133900352063,Wheat_maize,SI,CT,CI,Yes
15.7083339691162,744.200012207031,4.31999981403351,8.183000565,9.19999980926514,1,6869.89357607926,344.798722292291,Wheat_maize,SI,CT,CI,Yes
15.6916675567627,782.200012207031,4.14799988269806,7.694000244,5.98999977111816,1,6237.28081607878,330.529057222222,Wheat_maize,SI,CT,CI,Yes
15.7083339691162,744.200012207031,5.89200019836426,7.993999958,17.9400005340576,1,6706.49144715356,364.001117806826,Wheat_maize,SI,CT,CI,Yes
15.7916669845581,728.600036621094,5.24399995803833,7.958000183,17.5799999237061,1,6179.14208329282,376.484096399643,Wheat_maize,SI,CT,CI,Yes
15.125,650.900024414062,5.50599992275238,8.078000069,14.8800001144409,1,6452.68305831918,386.559952527065,Wheat_maize,SI,CT,CI,Yes
15.125,650.900024414062,6.00000023841858,8.0,18.0,1,6449.82080421126,380.779548439982,Wheat_maize,SI,CT,CI,Yes
15.591667175293,687.0,5.27400016784668,7.695000172,16.1499996185303,1,6855.08575556647,377.10266182741,Wheat_maize,SI,CT,CI,Yes
15.9916667938232,710.200012207031,6.57999992370605,7.920000076,16.9099998474121,1,6763.44405423596,351.92791978022,Wheat_maize,SI,CT,CI,Yes
15.2833337783813,722.800048828125,5.07400035858154,7.737999916,16.25,1,5739.03775201823,366.269999416139,Wheat_maize,SI,CT,CI,Yes
15.2833337783813,722.800048828125,8.15599977970123,6.377000332,23.4300003051758,1,7286.96127010802,400.672584385193,Wheat_maize,SI,CT,CI,Yes
15.2833337783813,722.800048828125,3.83200019598007,8.184000015,12.7200002670288,1,5528.81926097537,376.945113146693,Wheat_maize,SI,CT,CI,Yes
15.966667175293,781.799987792969,6.38999998569489,7.175000191,14.3999996185303,1,6322.50953444469,350.585854726725,Wheat_maize,SI,CT,CI,Yes
15.3083333969116,805.599975585938,3.92800003290176,8.175999641,12.960000038147,1,6216.43616014959,382.703327437564,Wheat_maize,SI,CT,CI,Yes
15.7916669845581,720.0,5.54400026798248,8.072000504,15.1199998855591,1,6867.29091677023,340.880160930737,Wheat_maize,SI,CT,CI,Yes
15.9916667938232,683.0,5.29700040817261,8.111000061,13.5600004196167,1,6810.92831446074,394.071075729517,Wheat_maize,SI,CT,CI,Yes
15.9916667938232,683.0,7.92199969291687,7.777999878,16.3299999237061,1,6586.97062672759,354.358631875728,Wheat_maize,SI,CT,CI,Yes
15.7916669845581,720.0,6.5420001745224,7.52300024,14.7938146591187,1,7018.27027132256,381.189022997703,Wheat_maize,SI,CT,CI,Yes
15.9916667938232,710.200012207031,5.76600015163422,8.06799984,15.0299997329712,1,6033.74222071586,297.398996637648,Wheat_maize,SI,CT,CI,Yes
15.625,630.700012207031,5.57600021362305,7.979000092,19.1100006103516,1,5082.42424307492,292.147685226186,Wheat_maize,SI,CT,CI,Yes
12.3500003814697,900.0,5.47599971294403,7.563999653,22.75,1,7036.42531477707,355.348528735014,Wheat_maize,SI,CT,CI,Yes
15.0083332061768,773.200012207031,5.48600018024445,6.18200016,20.3614463806152,1,5285.50560103019,317.597109644359,Wheat_maize,SI,CT,CI,Yes
15.0083332061768,773.200012207031,6.20299994945526,8.005999565,19.4699993133545,1,5323.68866265165,368.414926287603,Wheat_maize,SI,CT,CI,Yes
15.625,630.700012207031,5.10300040245056,7.989999771,15.3299999237061,1,5309.97466481391,316.370086417617,Wheat_maize,SI,CT,CI,Yes
13.5416669845581,790.0,5.30499994754791,8.062999725,16.9799995422363,1,5703.00870998881,367.072605103086,Wheat_maize,SI,CT,CI,Yes
15.0083332061768,773.200012207031,6.20899975299835,6.861999989,11.1300001144409,1,5621.66744891442,329.812658378097,Wheat_maize,SI,CT,CI,Yes
15.9916667938232,710.200012207031,5.76600015163422,8.06799984,15.0299997329712,1,6445.33673449146,386.792393462522,Wheat_maize,SI,CT,CI,Yes
16.2749996185303,767.0,6.95199966430664,7.053999901,23.1399993896484,1,6044.14809103303,352.892216052636,Wheat_maize,SI,CT,CI,Yes
16.2749996185303,767.0,9.59399998188019,6.806000233,41.1800003051758,1,6798.12905236634,376.468566768145,Wheat_maize,SI,CT,CI,Yes
15.5083332061768,840.200012207031,8.3840000629425,6.953000069,28.7000007629395,1,5917.95299490002,363.468936668022,Wheat_maize,SI,CT,CI,Yes
16.2749996185303,767.0,6.31200015544891,6.590000153,9.72000026702881,1,5885.29430089312,345.900080814795,Wheat_maize,SI,CT,CI,Yes
16.2250003814697,947.700012207031,9.18200016021729,5.503000259,35.0219764709473,1,5871.91677563585,343.718495086386,Wheat_maize,SI,CT,CI,Yes
15.0583333969116,708.299987792969,5.35700023174286,7.888000011,16.3299999237061,1,6342.68721798226,368.553289207381,Wheat_maize,SI,CT,CI,Yes
15.0083332061768,603.799987792969,4.46099996566772,8.166999817,8.76000022888184,1,7283.60133760174,394.072359462909,Wheat_maize,SI,CT,CI,Yes
15.1750001907349,614.799987792969,6.29999995231628,6.5,9.0,1,7047.94862205909,380.982256989915,Wheat_maize,SI,CT,CI,Yes
15.5250005722046,635.700012207031,6.14499986171722,8.015000343,14.9700002670288,1,7001.68917797818,394.112279223624,Wheat_maize,SI,CT,CI,Yes
15.5250005722046,635.700012207031,4.69899982213974,8.017000198,14.3500003814697,1,6842.5634095942,265.213998430642,Wheat_maize,SI,CT,CI,Yes
11.9333333969116,668.100036621094,7.32999980449677,7.235000134,22.3500003814697,1,6070.41640073771,322.89103441627,Wheat_maize,SI,CT,CI,Yes
15.5250005722046,635.700012207031,4.07200008630753,8.171999931,12.6000003814697,1,7145.75116526932,399.589109574007,Wheat_maize,SI,CT,CI,Yes
15.1750001907349,614.799987792969,6.51099979877472,7.498000145,17.9400005340576,1,7619.7963589621,390.245091949217,Wheat_maize,SI,CT,CI,Yes
15.8916664123535,643.799987792969,6.33300006389618,8.0,20.6100006103516,1,7273.56009327701,401.663345748841,Wheat_maize,SI,CT,CI,Yes
15.8916664123535,643.799987792969,5.49199998378754,8.111000061,14.7299995422363,1,7234.20106581838,412.268683734318,Wheat_maize,SI,CT,CI,Yes
15.8916664123535,643.799987792969,5.53799986839294,8.104000092,13.5900001525879,1,6905.69059137427,396.075864012258,Wheat_maize,SI,CT,CI,Yes
15.7416667938232,632.5,4.34700012207031,8.261000633,7.55999994277954,1,7041.13957119123,400.456761252349,Wheat_maize,SI,CT,CI,Yes
15.7416667938232,632.5,5.52599966526031,8.084000587,8.30000019073486,1,7127.66227533857,401.039454319754,Wheat_maize,SI,CT,CI,Yes
15.7416667938232,632.5,6.35299980640411,7.835000038,18.9300003051758,1,6527.43735424224,389.36023212986,Wheat_maize,SI,CT,CI,Yes
15.8916664123535,643.799987792969,7.41600036621094,6.81799984,15.5600004196167,1,7109.36104984032,385.732035030691,Wheat_maize,SI,CT,CI,Yes
14.75,664.799987792969,5.00699996948242,8.109000206,15.5200004577637,1,7050.7667105543,297.027012839607,Wheat_maize,SI,CT,CI,Yes
14.75,664.799987792969,5.91600000858307,8.031999588,18.8400001525879,1,7007.376059005,391.004433081368,Wheat_maize,SI,CT,CI,Yes
14.75,664.799987792969,6.00199997425079,8.015000343,18.5100002288818,1,6834.53075548177,390.809855397834,Wheat_maize,SI,CT,CI,Yes
15.2833337783813,722.800048828125,5.7530003786087,8.038999557,16.4400005340576,1,7207.3778927761,390.258777071991,Wheat_maize,SI,CT,CI,Yes
14.1583337783813,611.700012207031,6.73500001430511,7.909999847,18.7199993133545,1,6801.37728390258,377.427790692712,Wheat_maize,SI,CT,CI,Yes
15.9333333969116,630.799987792969,4.22800004482269,8.270999908,7.53000020980835,1,7116.45466196638,407.526770549332,Wheat_maize,SI,CT,CI,Yes
15.1500005722046,636.5,6.10399961471558,7.765999794,21.5400009155273,1,6984.43712756599,383.451605560733,Wheat_maize,SI,CT,CI,Yes
14.9499998092651,602.600036621094,4.97400015592575,8.161999702,11.5200004577637,1,7445.96580762373,399.753185710564,Wheat_maize,SI,CT,CI,Yes
15.125,650.900024414062,7.94700026512146,7.995999813,33.1599998474121,1,6958.74443179984,376.518616268104,Wheat_maize,SI,CT,CI,Yes
15.125,650.900024414062,6.05800032615662,7.171000004,17.9677410125732,1,7112.03359483567,379.476417229663,Wheat_maize,SI,CT,CI,Yes
15.1500005722046,636.5,6.8149995803833,7.997000217,24.0,1,6837.18582972181,385.904817025224,Wheat_maize,SI,CT,CI,Yes
15.9916667938232,683.0,6.0860002040863,8.003000259,18.5100002288818,1,6283.88252109636,239.246298418893,Wheat_maize,SI,CT,CI,Yes
16.2416667938232,848.700012207031,7.79100000858307,6.688000202,13.7700004577637,1,6715.9895573575,368.751832672012,Wheat_maize,SI,CT,CI,Yes
15.3083333969116,805.599975585938,5.87499976158142,7.054999828,11.4899997711182,1,6316.16402932682,365.668871204088,Wheat_maize,SI,CT,CI,Yes
15.966667175293,781.799987792969,6.48299992084503,7.909999847,20.25,1,7044.10772166732,353.03145823498,Wheat_maize,SI,CT,CI,Yes
16.1499996185303,802.0,8.42199981212616,6.948999882,26.8899993896484,1,7303.4262414644,387.653915495277,Wheat_maize,SI,CT,CI,Yes
16.1499996185303,802.0,8.32800030708313,6.940999985,33.1100006103516,1,7039.33389632798,381.972235748462,Wheat_maize,SI,CT,CI,Yes
16.2250003814697,947.700012207031,10.1889991760254,6.25399971,27.6100006103516,1,7183.92688817125,380.207243406439,Wheat_maize,SI,CT,CI,Yes
16.2416667938232,848.700012207031,7.83200025558472,7.791999817,27.6200008392334,1,6348.29673159176,308.755411515388,Wheat_maize,SI,CT,CI,Yes
14.1750001907349,696.200012207031,4.26800012588501,8.145999908,14.1999998092651,1,5233.21378694995,308.1204,Wheat_maize,SI,CT,CI,Yes
12.4416666030884,791.900024414062,5.81700026988983,7.903999805,20.2299995422363,1,5249.51566422088,343.890880449656,Wheat_maize,SI,CT,CI,Yes
14.1750001907349,696.200012207031,4.89100009202957,8.107000351,16.0699996948242,1,5032.97403115385,371.327856878453,Wheat_maize,SI,CT,CI,Yes
14.2250003814697,680.0,4.34500008821487,8.13999939,13.9499998092651,1,6280.68242612962,371.406350193962,Wheat_maize,SI,CT,CI,Yes
15.5583333969116,851.5,9.9700003862381,5.866000175,20.4888896942139,1,5459.42493693586,342.094574026704,Wheat_maize,SI,CT,CI,Yes
16.0249996185303,904.5,10.2300000190735,5.938000202,30.6200008392334,1,6104.56537857606,337.055982887324,Wheat_maize,SI,CT,CI,Yes
15.5416669845581,788.400024414062,9.65099990367889,6.335999966,39.5800018310547,1,5398.534436645,358.307976806337,Wheat_maize,SI,CT,CI,Yes
15.5583333969116,851.5,10.0059998035431,6.510000229,40.9199981689453,1,6340.000241365,363.129466074598,Wheat_maize,SI,CT,CI,Yes
15.6750001907349,829.5,10.8000004291534,6.275000095,26.1399993896484,1,5675.60278961127,365.108037997786,Wheat_maize,SI,CT,CI,Yes
15.5416669845581,788.400024414062,9.78700041770935,6.088000298,34.0,1,6420.17501149578,355.674887181686,Wheat_maize,SI,CT,CI,Yes
16.1083335876465,848.900024414062,12.2459995746613,7.133999825,34.1199989318848,1,6282.73023989162,345.492189901962,Wheat_maize,SI,CT,CI,Yes
16.7416667938232,859.600036621094,9.61399972438812,6.394000053,20.5100002288818,1,5890.65751657343,294.964601156536,Wheat_maize,SI,CT,CI,Yes
17.0083332061768,834.799987792969,9.69500005245209,7.105000019,41.6300010681152,1,6271.34288364705,339.928115380345,Wheat_maize,SI,CT,CI,Yes
17.0083332061768,834.799987792969,10.0839996337891,7.472000122,51.3199996948242,1,6586.98206435458,354.496997847961,Wheat_maize,SI,CT,CI,Yes
15.9583339691162,816.400024414062,6.37099981307983,8.161999702,22.5599994659424,1,6812.7063077193,358.839833816743,Wheat_maize,SI,CT,CI,Yes
15.7833337783813,727.900024414062,6.25299990177155,7.927000046,15.3999996185303,1,6588.98899316473,379.766123752592,Wheat_maize,SI,CT,CI,Yes
15.875,732.0,6.72100007534027,8.06000042,24.3199996948242,1,6521.66134370029,383.323936397962,Wheat_maize,SI,CT,CI,Yes
15.875,732.0,5.00599980354309,8.140000343,11.7700004577637,1,7098.78810507351,394.057360412156,Wheat_maize,SI,CT,CI,Yes
15.875,732.0,6.7059999704361,8.093000412,24.4300003051758,1,7172.22656510298,391.224718060606,Wheat_maize,SI,CT,CI,Yes
15.9583339691162,816.400024414062,6.03399991989136,8.12899971,19.5100002288818,1,6970.03346061692,393.742833742519,Wheat_maize,SI,CT,CI,Yes
15.966667175293,857.0,7.00500011444092,8.074999809,26.6000003814697,1,7037.25808080452,384.879583839502,Wheat_maize,SI,CT,CI,Yes
16.3250007629395,893.0,7.60399997234344,7.982999802,30.7399997711182,1,7055.10357685262,376.210992143573,Wheat_maize,SI,CT,CI,Yes
16.7999992370605,1204.0,9.67599987983704,6.565000057,21.4899997711182,1,4965.2995,259.35,Wheat_maize,SI,CT,CI,Yes
17.0416660308838,1094.19995117188,8.60000014305115,6.426000118,20.9400005340576,1,6533.44994043674,294.651402086331,Wheat_maize,SI,CT,CI,Yes
17.125,1084.30004882812,13.1379997730255,5.782999992,29.0699996948242,1,6182.35408412227,349.195599615734,Wheat_maize,SI,CT,CI,Yes
15.9916667938232,683.0,6.05400025844574,7.730000019,16.3799991607666,1,6624.33654793308,296.752073465347,Wheat_maize,SI,CT,CI,Yes
16.1333332061768,809.300048828125,7.03500032424927,8.005999565,26.1700000762939,1,6516.24330902821,375.964313105622,Wheat_maize,SI,CT,CI,Yes
16.1333332061768,809.300048828125,5.49799978733063,8.163000107,15.7700004577637,1,7409.71068307859,409.04916464554,Wheat_maize,SI,CT,CI,Yes
16.5750007629395,912.600036621094,8.59300017356873,7.945000172,38.4599990844727,1,6733.59218062799,366.794676251831,Wheat_maize,SI,CT,CI,Yes
16.2749996185303,854.400024414062,8.20500016212463,7.460999966,36.6199989318848,1,5957.94218666667,355.147388405174,Wheat_maize,SI,CT,CI,Yes
15.9500007629395,749.900024414062,7.81300008296967,8.0,32.2099990844727,1,6673.36820769211,368.250738296956,Wheat_maize,SI,CT,CI,Yes
16.2749996185303,854.400024414062,7.77600049972534,8.0,31.9200000762939,1,6685.73086250245,369.470610512979,Wheat_maize,SI,CT,CI,Yes
16.4583339691162,913.400024414062,8.01400005817413,7.986999989,33.189998626709,1,7008.11325862542,373.736915568825,Wheat_maize,SI,CT,CI,Yes
16.4416675567627,938.700012207031,9.9779999256134,7.0,29.9300003051758,1,7134.78647537301,380.270796299305,Wheat_maize,SI,CT,CI,Yes
16.4416675567627,938.700012207031,10.621999502182,6.869999886,45.5900001525879,1,7121.51020100852,349.867584469546,Wheat_maize,SI,CT,CI,Yes
16.6833343505859,1000.80004882812,10.5280005931854,7.243999958,43.310001373291,1,6557.79038700175,355.990692339229,Wheat_maize,SI,CT,CI,Yes
16.6916675567627,1028.0,10.7439994812012,5.237999916,29.8400001525879,1,5930.21395882568,335.92623149789,Wheat_maize,SI,CT,CI,Yes
16.6916675567627,1028.0,10.1059997081757,6.263000011,34.9799995422363,1,6245.02212464035,350.712320309179,Wheat_maize,SI,CT,CI,Yes
16.375,942.599975585938,9.30399954319,6.451999664,19.6399993896484,1,6990.96799214548,375.654921455698,Wheat_maize,SI,CT,CI,Yes
16.4416675567627,938.700012207031,11.1389994621277,6.34800005,26.4899997711182,1,6021.35184270721,336.010752993921,Wheat_maize,SI,CT,CI,Yes
16.4416675567627,938.700012207031,8.13400030136108,6.947000027,30.0200004577637,1,6477.31412265666,324.639927868777,Wheat_maize,SI,CT,CI,Yes
16.6833343505859,1000.80004882812,9.61300015449524,6.298000336,33.6500015258789,1,6083.3920275625,354.652471829063,Wheat_maize,SI,CT,CI,Yes
14.1583337783813,611.700012207031,6.36600017547607,7.315999985,15.2200002670288,1,6300.46028190609,356.788959157769,Wheat_maize,SI,CT,CI,Yes
15.0166664123535,851.100036621094,5.84299981594086,6.559999943,15.6400003433228,1,5447.19907861321,252.146335278331,Wheat_maize,SI,CT,CI,Yes
15.4750003814697,912.5,8.85500013828278,6.536000252,13.9799995422363,1,5188.09051083178,300.673673793105,Wheat_maize,SI,CT,CI,Yes
14.5083332061768,929.0,11.0450005531311,7.187000275,28.6700000762939,1,5751.49566738868,350.095488074355,Wheat_maize,SI,CT,CI,Yes
16.9750003814697,843.600036621094,9.86000001430511,5.901000023,44.4130439758301,1,5033.96100631036,288.938912540395,Wheat_maize,SI,CT,CI,Yes
14.0583333969116,1158.90002441406,12.5999999046326,6.164000034,40.5200004577637,1,5866.46689258064,296.20661175128,Wheat_maize,SI,CT,CI,Yes
14.8166666030884,1229.59997558594,11.66100025177,6.380000114,31.4899997711182,1,5372.01341859662,321.828864323293,Wheat_maize,SI,CT,CI,Yes
16.7749996185303,1216.90002441406,12.3199999332428,6.276000023,42.310001373291,1,4799.40451652499,299.467472631915,Wheat_maize,SI,CT,CI,Yes
16.7749996185303,1216.90002441406,10.8930003643036,5.225999832,22.9599990844727,1,6075.7334995774,342.078688877514,Wheat_maize,SI,CT,CI,Yes
16.7749996185303,1216.90002441406,8.6489999294281,6.90199995,18.0322589874268,1,5004.13065466974,312.662209171498,Wheat_maize,SI,CT,CI,Yes
17.2833347320557,858.299987792969,9.77400004863739,6.906000137,32.0400009155273,1,4516.85610464286,351.882313228195,Wheat_maize,SI,CT,CI,Yes
16.8500003814697,872.100036621094,6.65800034999847,6.909999847,17.9680843353271,1,4852.92112822772,271.78171458937,Wheat_maize,SI,CT,CI,Yes
13.9333333969116,1041.59997558594,11.5020000934601,6.484000206,45.0099983215332,1,4817.52429671136,319.555955453311,Wheat_maize,SI,CT,CI,Yes
16.8500003814697,872.100036621094,10.0619995594025,7.204999924,28.4699993133545,1,5756.88351171399,356.433718211651,Wheat_maize,SI,CT,CI,Yes
17.0249996185303,884.700012207031,6.99200034141541,6.458000183,17.6105270385742,1,5987.02473659456,350.963478065637,Wheat_maize,SI,CT,CI,Yes
18.0833339691162,1542.90002441406,11.0199999809265,6.46900034,25.5900001525879,1,4750.47145833333,315.405954100751,Wheat_maize,SI,CT,CI,Yes
14.8500003814697,1450.40002441406,13.5159993171692,6.130000114,22.1800003051758,1,5005.52476005152,316.905612455106,Wheat_maize,SI,CT,CI,Yes
15.0166664123535,1358.80004882812,10.8899998664856,5.720000267,22.4500007629395,1,4895.15950437879,316.589454412402,Wheat_maize,SI,CT,CI,Yes
13.3666667938232,1251.90002441406,11.0790002346039,6.28000021,36.3899993896484,1,5126.08164610432,282.172457215717,Wheat_maize,SI,CT,CI,Yes
14.9166669845581,1447.60009765625,11.3540005683899,6.868999958,33.9500007629395,1,5468.16782134974,326.033147415598,Wheat_maize,SI,CT,CI,Yes
12.5166673660278,1124.70007324219,12.3540008068085,6.276000023,42.4300003051758,1,5674.65854626579,299.786717581606,Wheat_maize,SI,CT,CI,Yes
23.9750003814697,1691.59997558594,11.0350000858307,6.247000217,22.9400005340576,1,5671.91084543585,335.561986270514,Wheat_maize,SI,CT,CI,Yes
24.2416667938232,1846.69995117188,11.2549996376038,6.815000057,22.6399993896484,1,4781.4045028125,312.314510328577,Wheat_maize,SI,CT,CI,Yes
23.4583339691162,1820.10009765625,10.3880000114441,6.291999817,23.3199996948242,1,4791.9052616907,318.355668170616,Wheat_maize,SI,CT,CI,Yes
23.3833332061768,2174.10009765625,11.0909998416901,7.051000118,25.6499996185303,1,4221.98841153245,310.15929153811,Wheat_maize,SI,CT,CI,Yes
20.841667175293,1226.59997558594,26.8079996109009,5.387000084,44.4599990844727,1,3716.79598090967,209.48458026553,Wheat_maize,SI,CT,CI,Yes
20.2250003814697,1266.5,13.9690005779266,6.309999943,45.8699989318848,1,3857.41091541561,268.609800365461,Wheat_maize,SI,CT,CI,Yes
20.783332824707,1219.90002441406,27.5160002708435,4.800000191,48.8800010681152,1,3727.9862292654,254.200382173337,Wheat_maize,SI,CT,CI,Yes
20.7999992370605,1134.40002441406,21.5599989891052,5.079999924,38.8400001525879,1,4187.85189195195,261.688044372033,Wheat_maize,SI,CT,CI,Yes
19.6333332061768,1007.70001220703,30.699999332428,4.800000191,50.0,1,4368.55305,268.578427827208,Wheat_maize,SI,CT,CI,Yes
19.8999996185303,1296.40002441406,21.4359998703003,5.208000183,47.5999984741211,1,3883.74264786151,266.192600704412,Wheat_maize,SI,CT,CI,Yes
20.3333339691162,1342.59997558594,12.3010003566742,6.138999939,40.4343452453613,1,3677.96988075577,270.793846351088,Wheat_maize,SI,CT,CI,Yes
21.8333339691162,1221.09997558594,11.3520002365112,6.513000011,41.3125,1,4097.05885892857,262.162360215519,Wheat_maize,SI,CT,CI,Yes
17.1333332061768,1342.5,10.9380006790161,6.006999969,20.5108699798584,1,5198.36002581044,318.809883467872,Wheat_maize,SI,CT,CI,Yes
17.9166660308838,1125.59997558594,10.353000164032,3.996000051,21.7088603973389,1,4954.58947702703,321.68851284599,Wheat_maize,SI,CT,CI,Yes
17.9500007629395,1130.59997558594,11.6490006446838,6.640999794,20.5499992370605,1,4940.99725135135,317.956896452451,Wheat_maize,SI,CT,CI,Yes
18.125,1194.70007324219,8.75800013542175,7.93200016,21.0,1,4650.29789444052,350.4806058145,Wheat_maize,SI,CT,CI,Yes
18.5,1113.0,12.454000711441,6.774000168,20.6200008392334,1,4702.77139090278,316.133131442516,Wheat_maize,SI,CT,CI,Yes
17.9500007629395,1130.59997558594,10.2929997444153,5.582000256,27.8539333343506,1,5137.0323770362,315.450830263883,Wheat_maize,SI,CT,CI,Yes
15.0083332061768,1427.0,13.4730005264282,5.117000103,20.9899997711182,1,4945.67732925532,322.051845943814,Wheat_maize,SI,CT,CI,Yes
17.9166660308838,1125.59997558594,12.8170001506805,6.477000237,20.5100002288818,1,4766.98142697368,317.510513287579,Wheat_maize,SI,CT,CI,Yes
19.216667175293,1125.80004882812,7.97100007534027,6.201000214,20.9135799407959,1,4790.06314615384,314.661339925731,Wheat_maize,SI,CT,CI,Yes
18.5750007629395,1196.40002441406,12.5190007686615,6.203999996,20.4799995422363,1,4794.20425830889,314.548842966197,Wheat_maize,SI,CT,CI,Yes
19.2333335876465,1130.70007324219,12.2300004959106,6.700000286,20.8999996185303,1,5280.73083479263,310.865063724637,Wheat_maize,SI,CT,CI,Yes
15.4083337783813,1193.59997558594,12.6209998130798,5.391000271,28.0699996948242,1,5008.525775,317.657115398418,Wheat_maize,SI,CT,CI,Yes
15.5166664123535,1248.09997558594,10.430999994278,4.471000195,20.2597408294678,1,5329.27314993375,323.320283713774,Wheat_maize,SI,CT,CI,Yes
17.8083343505859,1154.40002441406,10.5570006370544,7.28000021,20.7800006866455,1,4599.48886356784,336.911464043012,Wheat_maize,SI,CT,CI,Yes
15.4416666030884,1387.19995117188,7.54400014877319,6.40899992,20.8470592498779,1,4595.4250459875,335.879939019379,Wheat_maize,SI,CT,CI,Yes
17.1666660308838,1351.5,12.1189999580383,5.380000114,20.296703338623,1,4881.04811967085,265.292901159875,Wheat_maize,SI,CT,CI,Yes
15.716667175293,1267.40002441406,11.7789995670319,5.544000149,34.9897956848145,1,5067.00759837177,310.871994110253,Wheat_maize,SI,CT,CI,Yes
15.625,1228.90002441406,11.7750000953674,6.385000229,44.75,1,5080.27619585172,309.708868677052,Wheat_maize,SI,CT,CI,Yes
15.625,1228.90002441406,11.5110003948212,5.460999966,29.5699996948242,1,5733.2327765873,338.817678158295,Wheat_maize,SI,CT,CI,Yes
15.4416666030884,1387.19995117188,12.1329998970032,5.493000031,21.9899997711182,1,5000.94873533104,328.617615366794,Wheat_maize,SI,CT,CI,Yes
15.875,1402.30004882812,13.6319994926453,5.642000198,23.2299995422363,1,4700.3067597973,319.715364055416,Wheat_maize,SI,CT,CI,Yes
15.8500003814697,1342.5,12.2920000553131,5.019999981,22.4699993133545,1,4855.841325,223.269642857143,Wheat_maize,SI,CT,CI,Yes
15.6500005722046,1337.59997558594,7.61500000953674,6.715000153,16.4099998474121,1,5005.93436975207,318.239337412527,Wheat_maize,SI,CT,CI,Yes
17.2999992370605,1044.70007324219,8.24000000953674,7.960000038,21.0,1,4894.33533964286,332.255871177862,Wheat_maize,SI,CT,CI,Yes
17.2999992370605,1044.70007324219,11.2000000476837,7.800000191,21.0,1,4981.78132583333,349.557467144505,Wheat_maize,SI,CT,CI,Yes
17.2999992370605,1044.70007324219,11.2000000476837,7.800000191,21.0,1,5484.53597692308,322.986019082264,Wheat_maize,SI,CT,CI,Yes
17.3666667938232,1143.40002441406,11.2000000476837,7.800000191,21.0,1,6419.3371625,347.544554124449,Wheat_maize,SI,CT,CI,Yes
17.2999992370605,1044.70007324219,9.56000030040741,7.592999935,24.9699993133545,1,5831.50419794074,351.956260573706,Wheat_maize,SI,CT,CI,Yes
17.3666667938232,1143.40002441406,11.0160005092621,7.211999893,21.1200008392334,1,5675.43964310809,340.184096217149,Wheat_maize,SI,CT,CI,Yes
17.5583324432373,1447.20007324219,11.7949998378754,6.592999935,23.7399997711182,1,4496.8703725,326.431301120315,Wheat_maize,SI,CT,CI,Yes
17.2999992370605,1044.70007324219,11.2000000476837,7.800000191,21.0,1,5568.605941155,323.100304002473,Wheat_maize,SI,CT,CI,Yes
17.3666667938232,1143.40002441406,10.5019998550415,7.361999989,20.9200000762939,1,5585.12691136125,278.098325,Wheat_maize,SI,CT,CI,Yes
17.3666667938232,1143.40002441406,10.6819999217987,7.532000065,21.2000007629395,1,6083.60232359948,315.926931536524,Wheat_maize,SI,CT,CI,Yes
16.908332824707,1547.20007324219,24.293999671936,6.346000195,29.1399993896484,1,5658.68594037397,242.909555294118,Wheat_maize,SI,CT,CI,Yes
17.3666667938232,1143.40002441406,11.1450004577637,7.624000072,21.2199993133545,1,5123.62386622875,341.200471298209,Wheat_maize,SI,CT,CI,Yes
18.4583339691162,1477.70007324219,13.4020006656647,5.843999863,20.4599990844727,1,4789.71067302547,261.274213178138,Wheat_maize,SI,CT,CI,Yes
18.3583335876465,1326.59997558594,12.0930004119873,6.293000221,20.6100006103516,1,4790.69259318859,302.298547741936,Wheat_maize,SI,CT,CI,Yes
15.1916666030884,1040.80004882812,10.1429998874664,6.769000053,24.0200004577637,1,6264.97479712417,364.837844389704,Wheat_maize,SI,CT,CI,Yes
18.283332824707,871.100036621094,11.1779999732971,5.880000114,34.7099990844727,1,5707.38805920331,338.670215616523,Wheat_maize,SI,CT,CI,Yes
18.7916679382324,1138.5,11.9959998130798,6.274000168,21.4799995422363,1,5871.30923494435,299.105426896552,Wheat_maize,SI,CT,CI,Yes
18.8250007629395,1161.30004882812,10.7959997653961,5.896999836,20.6206893920898,1,4193.0544954525,230.39999,Wheat_maize,SI,CT,CI,Yes
17.033332824707,1144.09997558594,12.8639996051788,5.020999908,21.7099990844727,1,4987.68166239488,299.778874826324,Wheat_maize,SI,CT,CI,Yes
15.7750005722046,1153.5,9.62599992752075,6.894999981,21.1100006103516,1,5256.5613244898,353.206070216318,Wheat_maize,SI,CT,CI,Yes
17.3666667938232,1005.10003662109,9.91599977016449,6.94299984,21.2099990844727,1,6066.99089962821,352.155947191276,Wheat_maize,SI,CT,CI,Yes
17.2999992370605,1044.70007324219,11.2000000476837,7.800000191,21.0,1,6167.73694422,351.223367949619,Wheat_maize,SI,CT,CI,Yes
16.7749996185303,970.799987792969,11.1740005016327,7.794000149,21.0,1,6124.37321334,348.591282702997,Wheat_maize,SI,CT,CI,Yes
16.7749996185303,970.799987792969,11.2000000476837,7.800000191,21.0,1,5331.02508247875,235.827705,Wheat_maize,SI,CT,CI,Yes
17.5666675567627,1053.40002441406,8.92199993133545,7.43200016,20.7800006866455,1,5819.68533516977,339.463949016632,Wheat_maize,SI,CT,CI,Yes
17.5666675567627,1053.40002441406,6.7519998550415,8.065999985,17.7000007629395,1,5183.0669886825,367.471323112984,Wheat_maize,SI,CT,CI,Yes
17.2416667938232,1006.5,8.49699974060059,7.388000011,20.75,1,5405.86874095295,312.963508716382,Wheat_maize,SI,CT,CI,Yes
13.4916667938232,869.700012207031,14.5000004768372,5.099999905,20.0,1,5873.12594350852,308.298261265899,Wheat_maize,SI,CT,CI,Yes
14.1666669845581,844.700012207031,12.3650002479553,5.506000042,21.9400005340576,1,4649.42901992335,343.368685115141,Wheat_maize,SI,CT,CI,Yes
15.716667175293,944.100036621094,10.5920004844666,7.743999958,21.0,1,5709.90326516902,336.35928360515,Wheat_maize,SI,CT,CI,Yes
14.3583335876465,1063.69995117188,11.7930006980896,6.607999802,20.5400009155273,1,5662.58790785195,337.419938320713,Wheat_maize,SI,CT,CI,Yes
13.1000003814697,779.100036621094,10.7200002670288,5.604000092,16.3999996185303,1,4670.463105,311.031866589194,Wheat_maize,SI,CT,CI,Yes
15.6000003814697,1022.70001220703,10.7920002937317,6.467999935,20.8400001525879,1,6411.69390568408,339.393692926829,Wheat_maize,SI,CT,CI,Yes
16.4916667938232,1081.0,8.42499971389771,7.949999809,21.0,1,5239.52018156763,355.886687252878,Wheat_maize,SI,CT,CI,Yes
18.0833339691162,1134.80004882812,8.38800013065338,7.952000141,21.0,1,5616.61510941765,306.20413479452,Wheat_maize,SI,CT,CI,Yes
17.8000011444092,1112.59997558594,7.64800012111664,7.992000103,21.0,1,5804.85542266163,355.006771500628,Wheat_maize,SI,CT,CI,Yes
18.1083335876465,1302.30004882812,13.1470000743866,6.207000256,20.4099998474121,1,4630.86292939058,271.911469083558,Wheat_maize,SI,CT,CI,Yes
18.1083335876465,1302.30004882812,13.8069999217987,5.666999817,20.2099990844727,1,5284.65333149689,339.053851044292,Wheat_maize,SI,CT,CI,Yes
16.9833335876465,1599.20007324219,11.7139995098114,5.710000038,21.9099998474121,1,4183.90034860465,262.228953488372,Wheat_maize,SI,CT,CI,Yes
17.1000003814697,1469.5,12.9449999332428,6.343999863,20.4599990844727,1,4916.42203125,302.008710760252,Wheat_maize,SI,CT,CI,Yes
17.4583339691162,1686.0,11.2310004234314,6.701000214,19.4400005340576,1,5587.37449995908,279.464275714286,Wheat_maize,SI,CT,CI,Yes
12.5250005722046,1282.30004882812,10.2330005168915,5.458000183,21.8125,1,5950.65649030612,305.53464451835,Wheat_maize,SI,CT,CI,Yes
15.3583335876465,1274.90002441406,10.949000120163,6.445000172,20.7399997711182,1,3879.85254,232.6305,Wheat_maize,SI,CT,CI,Yes
15.3916673660278,1611.30004882812,12.8090000152588,6.254000187,20.7399997711182,1,5424.66423333333,211.042925411045,Wheat_maize,SI,CT,CI,Yes
17.9500007629395,1164.20007324219,8.98400008678436,7.471000195,20.6700000762939,1,5406.31517800297,342.399495270178,Wheat_maize,SI,CT,CI,Yes
17.6166667938232,1236.80004882812,9.44599986076355,7.566999912,20.8700008392334,1,5079.84059477625,335.984315234034,Wheat_maize,SI,CT,CI,Yes
17.9500007629395,1164.20007324219,8.12900006771088,7.96600008,21.0,1,4596.57042827466,321.625007121212,Wheat_maize,SI,CT,CI,Yes
17.9500007629395,1164.20007324219,7.8329998254776,7.940000057,20.6399993896484,1,5871.14313565125,345.759247921348,Wheat_maize,SI,CT,CI,Yes
17.6750011444092,1102.70007324219,8.46199989318848,7.947999954,21.0,1,4823.63664478092,353.012815858463,Wheat_maize,SI,CT,CI,Yes
16.6000003814697,1165.30004882812,8.03099989891052,7.964000225,20.7299995422363,1,5110.98757024875,356.314470514742,Wheat_maize,SI,CT,CI,Yes
17.5583324432373,1447.20007324219,9.26700055599213,5.477000237,26.0941181182861,1,4898.64394420312,339.573268792845,Wheat_maize,SI,CT,CI,Yes
17.091667175293,1283.90002441406,6.46899998188019,5.677000046,20.8533325195312,1,5494.24608833682,329.57663092917,Wheat_maize,SI,CT,CI,Yes
15.3916673660278,1611.30004882812,11.1699998378754,7.173999786,18.3500003814697,1,5103.8127,319.368526924299,Wheat_maize,SI,CT,CI,Yes
17.5583324432373,1447.20007324219,17.6289999485016,6.385000229,14.6700000762939,1,4712.52927632192,279.914423076923,Wheat_maize,SI,CT,CI,Yes
17.4583339691162,1686.0,10.5680000782013,6.62100029,24.8099994659424,1,5181.827875,243.150703188822,Wheat_maize,SI,CT,CI,Yes
18.7666664123535,1273.59997558594,10.9150004386902,6.251999855,20.5531921386719,1,5494.23166492188,338.739228078629,Wheat_maize,SI,CT,CI,Yes
19.2083339691162,1178.0,10.5570006370544,5.103000164,20.4444446563721,1,4646.02158510638,265.343617021277,Wheat_maize,SI,CT,CI,Yes
18.7666664123535,1273.59997558594,13.2790005207062,6.098999977,20.3700008392334,1,4471.3682307641,303.876036227032,Wheat_maize,SI,CT,CI,Yes
17.9750003814697,1139.80004882812,10.2540004253387,6.633999825,21.7199993133545,1,4669.60218342682,250.874181818182,Wheat_maize,SI,CT,CI,Yes
17.9750003814697,1139.80004882812,12.9100000858307,5.165999889,21.5,1,4575.28169304095,232.579740713916,Wheat_maize,SI,CT,CI,Yes
17.9750003814697,1139.80004882812,13.6849999427795,5.460999966,22.6000003814697,1,5431.21096245283,327.066398432459,Wheat_maize,SI,CT,CI,Yes
17.033332824707,1144.09997558594,13.2360005378723,5.612999916,24.7399997711182,1,5595.51783464052,280.307851881633,Wheat_maize,SI,CT,CI,Yes
17.2666664123535,1292.80004882812,11.9690001010895,6.775000095,20.6100006103516,1,4317.87638657625,307.99744552486,Wheat_maize,SI,CT,CI,Yes
17.783332824707,1227.0,13.8069999217987,5.666999817,20.2099990844727,1,5248.82003125,338.931692867254,Wheat_maize,SI,CT,CI,Yes
18.1750011444092,1097.5,12.2100007534027,6.803999901,20.6565647125244,1,5103.0775844775,345.786105046621,Wheat_maize,SI,CT,CI,Yes
18.6166667938232,1088.09997558594,13.6090004444122,5.828999996,20.2700004577637,1,5034.85757341292,273.958101111111,Wheat_maize,SI,CT,CI,Yes
17.783332824707,1227.0,13.0659997463226,5.732999802,20.8799991607666,1,5094.36141684541,306.972265868264,Wheat_maize,SI,CT,CI,Yes
17.783332824707,1227.0,13.452000617981,5.540999889,28.2700004577637,1,4428.23152772847,287.718306632653,Wheat_maize,SI,CT,CI,Yes
16.9750003814697,1326.40002441406,14.3350005149841,5.235000134,20.0499992370605,1,6010.57564019286,324.759239892254,Wheat_maize,SI,CT,CI,Yes
16.9750003814697,1326.40002441406,10.9080004692078,6.907999992,20.6399993896484,1,5008.44899632702,343.282610742679,Wheat_maize,SI,CT,CI,Yes
17.6499996185303,1296.0,14.0710008144379,5.450999737,20.1299991607666,1,4677.00270257143,331.091353843233,Wheat_maize,SI,CT,CI,Yes
18.125,1230.90002441406,13.3120000362396,6.072000027,20.3600006103516,1,5184.2932444575,333.825912104856,Wheat_maize,SI,CT,CI,Yes
13.1666669845581,1171.09997558594,13.1090009212494,6.31400013,40.7200012207031,1,6183.17396492248,306.201942151713,Wheat_maize,SI,CT,CI,Yes
16.908332824707,1547.20007324219,10.9150004386902,7.184999943,20.75,1,4385.8495584375,325.030161716355,Wheat_maize,SI,CT,CI,Yes
13.1916666030884,1239.59997558594,10.4680001735687,6.519999981,22.9300003051758,1,6456.41102272727,313.489868365893,Wheat_maize,SI,CT,CI,Yes
12.1083335876465,1125.30004882812,11.9200003147125,6.833000183,33.7400016784668,1,5464.35862924843,284.148912090296,Wheat_maize,SI,CT,CI,Yes
10.1416664123535,917.700012207031,12.8519999980927,5.834000111,22.7000007629395,1,6234.15768811,287.238147452887,Wheat_maize,SI,CT,CI,Yes
11.8250007629395,1085.0,8.30399990081787,7.705999851,20.9799995422363,1,5035.69265361928,308.330486648131,Wheat_maize,SI,CT,CI,Yes
11.8250007629395,1085.0,13.429000377655,5.43599987,20.7700004577637,1,5827.97800201613,296.81491886076,Wheat_maize,SI,CT,CI,Yes
11.8250007629395,1085.0,16.1570012569427,7.130000114,20.1100006103516,1,4568.8455,299.960195271954,Wheat_maize,SI,CT,CI,Yes
16.3916664123535,1299.0,12.7369999885559,5.97699976,20.3099994659424,1,4878.64368227677,261.980732889908,Wheat_maize,SI,CT,CI,Yes
14.2833337783813,1154.30004882812,14.1159999370575,5.336999893,20.1800003051758,1,5220.95936343776,309.839854040622,Wheat_maize,SI,CT,CI,Yes
16.3916664123535,1299.0,8.61000001430511,7.940000057,21.0,1,5750.08041833386,332.554024090909,Wheat_maize,SI,CT,CI,Yes
17.9166679382324,1217.0,13.510000705719,5.596000195,21.7399997711182,1,5279.02357635417,341.805967667812,Wheat_maize,SI,CT,CI,Yes
18.0666675567627,1044.70007324219,8.53600025177002,7.944000244,21.0,1,4384.92443359362,289.653668684211,Wheat_maize,SI,CT,CI,Yes
18.0666675567627,1044.70007324219,8.57299983501434,7.941999912,21.0,1,4555.61089086022,345.12327670732,Wheat_maize,SI,CT,CI,Yes
17.9166679382324,1217.0,8.42499971389771,7.949999809,21.0,1,5142.06474024923,343.971615886565,Wheat_maize,SI,CT,CI,Yes
6.36666679382324,774.700012207031,8.76500010490417,7.34499979,21.3299999237061,1,5261.91556073025,298.253012579157,Wheat_maize,SI,CT,CI,Yes
7.52500009536743,782.799987792969,6.74299955368042,7.59499979,21.2700004577637,1,6362.0075375,307.381236176682,Wheat_maize,SI,CT,CI,Yes
1.77500009536743,745.200012207031,12.1280002593994,7.400000095,20.9200000762939,1,6283.87933181818,292.882123007685,Wheat_maize,SI,CT,CI,Yes
6.75833368301392,685.900024414062,6.64399981498718,7.760000229,21.1599998474121,1,5382.96649473684,305.20966776694,Wheat_maize,SI,CT,CI,Yes
3.90833330154419,704.0,6.94999992847443,7.25,21.5,1,6050.9228829525,303.241188390549,Wheat_maize,SI,CT,CI,Yes
3.90833330154419,704.0,6.91100001335144,7.704999924,20.8899993896484,1,5723.67271932016,286.245323695652,Wheat_maize,SI,CT,CI,Yes
1.00833332538605,690.799987792969,8.69400024414062,6.626999855,19.0300006866455,1,5546.03985,209.4,Wheat_maize,SI,CT,CI,Yes
3.09166669845581,667.700012207031,7.89900004863739,6.763999939,20.9599990844727,1,3990.01630634434,301.116060374455,Wheat_maize,SI,CT,CI,Yes
-0.133333370089531,669.900024414062,16.4010000228882,6.809000015,20.9899997711182,1,3627.67285893145,292.406029384437,Wheat_maize,SI,CT,CI,Yes
8.41666698455811,903.5,6.81800007820129,7.270999908,21.6100006103516,1,5603.01537807882,290.626909651559,Wheat_maize,SI,CT,CI,Yes
3.55833339691162,715.600036621094,6.40599966049194,7.946000099,21.1800003051758,1,5498.98746428571,216.364285714286,Wheat_maize,SI,CT,CI,Yes
1.45000004768372,903.400024414062,9.00799989700317,6.308000088,18.1599998474121,1,4648.7589375,277.725,Wheat_maize,SI,CT,CI,Yes
3.74166679382324,745.800048828125,6.67199969291687,7.291999817,21.7600002288818,1,5399.72419306931,307.55686281098,Wheat_maize,SI,CT,CI,Yes
1.81666684150696,716.400024414062,25.2859997749329,6.978000164,16.2199993133545,1,2655.16812340943,294.864946719983,Wheat_maize,SI,CT,CI,Yes
3.24166679382324,610.700012207031,9.9669998884201,7.191999912,20.8999996185303,1,5151.02966590875,298.530066356392,Wheat_maize,SI,CT,CI,Yes
4.84166669845581,737.600036621094,8.36499989032745,7.073999882,25.2099990844727,1,5151.006075,254.86875,Wheat_maize,SI,CT,CI,Yes
2.04999995231628,753.100036621094,29.6329998970032,7.464000225,20.0,1,3677.52423802309,296.173982150513,Wheat_maize,SI,CT,CI,Yes
6.61666679382324,606.0,8.42400014400482,7.138999939,29.9500007629395,1,3601.79540109775,292.796859199717,Wheat_maize,SI,CT,CI,Yes
14.5083341598511,1019.5,11.3180005550385,5.806000233,20.7272720336914,1,7084.53054650329,355.52518990974,Wheat_maize,SI,CT,CI,Yes
11.125,949.100036621094,6.94100022315979,7.264999866,21.4899997711182,1,5126.05201265587,292.561387627119,Wheat_maize,SI,CT,CI,Yes
14.1583337783813,1039.90002441406,11.7050004005432,6.859000206,22.0300006866455,1,5392.8648,312.556472207335,Wheat_maize,SI,CT,CI,Yes
14.2916669845581,889.700012207031,10.3939998149872,6.230999947,23.6100006103516,1,5941.07203220068,294.96812027027,Wheat_maize,SI,CT,CI,Yes
17.2999992370605,1044.70007324219,11.2000000476837,7.800000191,21.0,1,5358.8367196703,349.689702281966,Wheat_maize,SI,CT,CI,Yes
14.8000001907349,941.400024414062,12.4839997291565,6.546000004,45.0400009155273,1,6180.70101188617,341.169358319099,Wheat_maize,SI,CT,CI,Yes
14.3833332061768,831.100036621094,13.7960004806519,6.041999817,32.7999992370605,1,5907.02422841302,339.88436557368,Wheat_maize,SI,CT,CI,Yes
14.3833332061768,831.100036621094,11.6349995136261,6.063000202,35.060001373291,1,4633.55793163292,337.07147091526,Wheat_maize,SI,CT,CI,Yes
10.3916664123535,1021.30004882812,9.45900022983551,6.093999863,21.4200000762939,1,5686.52228811189,298.577385198082,Wheat_maize,SI,CT,CI,Yes
13.0333337783813,863.200012207031,11.2800002098083,6.580999851,37.5499992370605,1,5590.05908706247,309.67067301567,Wheat_maize,SI,CT,CI,Yes
10.4000005722046,1046.70007324219,12.4769997596741,5.656000137,20.75,1,5258.19474628057,278.0616105555,Wheat_maize,SI,CT,CI,Yes
12.8916664123535,1016.60003662109,14.9260008335114,5.165999889,20.4799995422363,1,5923.29301421933,299.030240977278,Wheat_maize,SI,CT,CI,Yes
8.21666717529297,910.900024414062,14.7759997844696,5.639999866,22.5599994659424,1,5505.57473738259,279.814524800076,Wheat_maize,SI,CT,CI,Yes
9.49166679382324,983.600036621094,10.5710005760193,6.421000004,20.9699993133545,1,4955.06428301887,289.001607763816,Wheat_maize,SI,CT,CI,Yes
9.49166679382324,983.600036621094,10.1400005817413,6.613999844,34.1599998474121,1,4669.24452739134,281.532524937035,Wheat_maize,SI,CT,CI,Yes
11.0,928.599975585938,11.1360001564026,5.840000153,20.9400005340576,1,5906.31062048346,297.465883876323,Wheat_maize,SI,CT,CI,Yes
12.4916667938232,953.100036621094,9.15399968624115,5.763999939,22.4242420196533,1,6289.56852819257,317.191520486625,Wheat_maize,SI,CT,CI,Yes
15.2666673660278,1213.0,8.50099980831146,4.624000072,25.8356170654297,1,5254.22944836576,304.456961619324,Wheat_maize,SI,CT,CI,Yes
15.4083337783813,1199.30004882812,13.7999999523163,5.646999836,27.78125,1,4163.605366875,305.720848941142,Wheat_maize,SI,CT,CI,Yes
14.8833332061768,1203.70007324219,11.3470005989075,6.565999985,31.6299991607666,1,4551.08232761961,312.307109393665,Wheat_maize,SI,CT,CI,Yes
14.9000005722046,1174.20007324219,13.2950007915497,6.099999905,28.5,1,4128.16221951704,312.575576899662,Wheat_maize,SI,CT,CI,Yes
14.466667175293,1254.30004882812,15.2830004692078,6.177999973,23.9699993133545,1,4597.66760849282,294.277387235731,Wheat_maize,SI,CT,CI,Yes
15.25,1178.30004882812,12.836000919342,6.669000149,36.7700004577637,1,5033.36170373303,300.254803683358,Wheat_maize,SI,CT,CI,Yes
14.9000005722046,1174.20007324219,12.9230010509491,5.977000237,38.9199981689453,1,5095.73281916667,293.254634841652,Wheat_maize,SI,CT,CI,Yes
15.2833337783813,1159.0,11.7330002784729,5.881000042,29.8999996185303,1,4958.88243649355,308.958944058016,Wheat_maize,SI,CT,CI,Yes
15.4250001907349,1172.30004882812,14.5000004768372,5.099999905,20.0,1,4913.52654223978,314.423801304071,Wheat_maize,SI,CT,CI,Yes
18.8250007629395,1161.30004882812,9.3230003118515,7.498000145,20.8400001525879,1,6240.84265714286,261.714285714286,Wheat_maize,SI,CT,CI,Yes
15.9166669845581,1151.80004882812,15.1460003852844,6.65199995,35.9000015258789,1,5075.133,338.914958308695,Wheat_maize,SI,CT,CI,Yes
15.6666669845581,1272.0,10.8480000495911,5.605999947,33.3870964050293,1,4288.9065,291.40818772507,Wheat_maize,SI,CT,CI,Yes
15.6666669845581,1272.0,9.5959997177124,4.825000286,27.5476188659668,1,4082.55877051546,304.681585408981,Wheat_maize,SI,CT,CI,Yes
17.9500007629395,1158.80004882812,11.3960003852844,5.977000237,30.1399993896484,1,4666.57982386621,296.824437863587,Wheat_maize,SI,CT,CI,Yes
17.0166664123535,1141.09997558594,10.9839999675751,5.531000137,35.5200004577637,1,4274.69498714286,294.483492983182,Wheat_maize,SI,CT,CI,Yes
16.7416667938232,1242.0,13.827999830246,6.151000023,31.0499992370605,1,3979.97721690341,302.805973568004,Wheat_maize,SI,CT,CI,Yes
15.4583339691162,1364.80004882812,18.9059996604919,5.608000278,31.0300006866455,1,4607.66084183674,299.997627530708,Wheat_maize,SI,CT,CI,Yes
16.3083343505859,1304.80004882812,15.7879996299744,5.274000168,27.6800003051758,1,4839.5381318797,299.616287288352,Wheat_maize,SI,CT,CI,Yes
16.3166675567627,1185.80004882812,11.2320005893707,5.667000294,34.4000015258789,1,4959.20273217566,306.009163489232,Wheat_maize,SI,CT,CI,Yes
16.3166675567627,1185.80004882812,13.8059997558594,5.886000156,22.1700000762939,1,4879.76463336714,294.084709472231,Wheat_maize,SI,CT,CI,Yes
16.3166675567627,1185.80004882812,11.4409995079041,5.715000153,27.5599994659424,1,4971.1775408992,302.483202294677,Wheat_maize,SI,CT,CI,Yes
16.3000011444092,1237.70007324219,11.3779997825623,5.585000038,38.189998626709,1,4076.00285051338,280.568216828941,Wheat_maize,SI,CT,CI,Yes
15.8500003814697,1342.5,15.1050007343292,6.859000206,27.2199993133545,1,4566.32925614986,302.995628756414,Wheat_maize,SI,CT,CI,Yes
15.875,1402.30004882812,17.6639997959137,5.160000324,37.4000015258789,1,4748.31941058972,289.259323028646,Wheat_maize,SI,CT,CI,Yes
16.7416667938232,1242.0,15.5190002918243,5.993000031,33.2000007629395,1,4033.48026207031,302.028783550466,Wheat_maize,SI,CT,CI,Yes
16.75,1231.5,12.28600025177,6.281000137,45.0200004577637,1,4711.66965486911,321.835629256041,Wheat_maize,SI,CT,CI,Yes
13.4750003814697,1088.30004882812,10.110000371933,4.870999813,22.4777774810791,1,4951.05924358824,318.372741326529,Wheat_maize,SI,CT,CI,Yes
15.4083337783813,1199.30004882812,13.7999999523163,5.646999836,27.78125,1,4630.67543680606,305.476315548686,Wheat_maize,SI,CT,CI,Yes
14.9833335876465,1102.30004882812,12.7230000495911,5.789000034,27.5799999237061,1,5117.40263081967,304.262824861643,Wheat_maize,SI,CT,CI,Yes
14.3250007629395,1166.20007324219,10.8200001716614,4.484000206,23.411111831665,1,4841.37733993289,336.497868884823,Wheat_maize,SI,CT,CI,Yes
14.0000009536743,1118.0,11.068000793457,5.700000286,33.9300003051758,1,4922.5296054437,319.227303004261,Wheat_maize,SI,CT,CI,Yes
12.4750003814697,983.900024414062,5.77600002288818,4.224999905,30.0769233703613,1,5007.31519083333,286.526727262847,Wheat_maize,SI,CT,CI,Yes
13.5583333969116,974.799987792969,12.4599993228912,5.104000092,21.8500003814697,1,4009.64782101832,307.299501905278,Wheat_maize,SI,CT,CI,Yes
15.8000001907349,1021.70001220703,11.8889999389648,5.855000019,38.1300010681152,1,4721.10045168539,303.100754544646,Wheat_maize,SI,CT,CI,Yes
15.8000001907349,1021.70001220703,11.6439998149872,6.705000401,37.2900009155273,1,4810.13302004785,304.921737824041,Wheat_maize,SI,CT,CI,Yes
15.4750003814697,1183.90002441406,11.7720007896423,6.615000248,39.9099998474121,1,4792.70744805195,305.624253216628,Wheat_maize,SI,CT,CI,Yes
15.7583332061768,1204.90002441406,10.9399998188019,5.850000381,35.2999992370605,1,4850.24113037635,295.599586127521,Wheat_maize,SI,CT,CI,Yes
15.4750003814697,1183.90002441406,12.4870002269745,5.740000248,36.6300010681152,1,4680.89445,294.348101347874,Wheat_maize,SI,CT,CI,Yes
16.3083343505859,1304.80004882812,14.6560001373291,6.096000195,27.9599990844727,1,4618.51571282051,297.158620923264,Wheat_maize,SI,CT,CI,Yes
15.4416666030884,1190.5,11.0199999809265,5.175000191,42.6300010681152,1,4201.1168271875,303.020009873662,Wheat_maize,SI,CT,CI,Yes
15.4416666030884,1190.5,10.9560000896454,5.793000221,35.1399993896484,1,4060.50120625,303.078947905051,Wheat_maize,SI,CT,CI,Yes
17.7749996185303,1295.20007324219,13.2620000839233,5.723999977,37.3800010681152,1,4033.15361871795,274.517608433397,Wheat_maize,SI,CT,CI,Yes
17.7749996185303,1295.20007324219,21.5019989013672,4.800000191,48.8499984741211,1,4634.617396875,277.156235302077,Wheat_maize,SI,CT,CI,Yes
15.6333341598511,1182.5,11.1280000209808,5.873000145,38.2599983215332,1,4624.4895,200.8,Wheat_maize,SI,CT,CI,Yes
16.4500007629395,1157.0,10.8480000495911,4.93500042,42.4300003051758,1,4862.38334309392,298.666725082045,Wheat_maize,SI,CT,CI,Yes
16.4500007629395,1157.0,11.5279996395111,6.105999947,31.7900009155273,1,4864.439625,278.279780205896,Wheat_maize,SI,CT,CI,Yes
16.4500007629395,1157.0,11.1419999599457,6.376000404,34.5299987792969,1,4691.44662079232,285.938929757808,Wheat_maize,SI,CT,CI,Yes
15.8000001907349,1021.70001220703,10.2300000190735,4.926000118,39.3448257446289,1,4737.72658498989,308.188227402361,Wheat_maize,SI,CT,CI,Yes
17.8250007629395,1280.40002441406,10.8020007610321,5.374000072,45.9555549621582,1,4322.04989880953,282.614559184372,Wheat_maize,SI,CT,CI,Yes
14.8333339691162,1195.90002441406,12.2119998931885,5.263999939,25.8199996948242,1,3992.33492435662,311.887985569898,Wheat_maize,SI,CT,CI,Yes
15.5583333969116,1005.0,11.224000453949,5.880000114,39.0,1,4440.20760670125,292.994645579605,Wheat_maize,SI,CT,CI,Yes
16.8000011444092,1176.5,11.1800003051758,5.646000385,38.7200012207031,1,3842.43916087171,296.719119190209,Wheat_maize,SI,CT,CI,Yes
16.9500007629395,1189.09997558594,13.0690002441406,6.129000187,29.3400001525879,1,4725.3853638,299.795774559152,Wheat_maize,SI,CT,CI,Yes
19.6416664123535,1132.59997558594,13.1260001659393,5.322000027,34.9199981689453,1,4151.30428170772,286.997905944265,Wheat_maize,SI,CT,CI,Yes
15.6166667938232,1266.70007324219,14.16100025177,6.326000214,25.2954540252686,1,3828.06851947917,311.156598034974,Wheat_maize,SI,CT,CI,Yes
15.7583332061768,1231.09997558594,8.99200022220612,4.443000317,40.9135818481445,1,4962.18574703478,327.006799175442,Wheat_maize,SI,CT,CI,Yes
15.7583332061768,1231.09997558594,13.0379998683929,6.378000259,29.5306129455566,1,4605.65589473684,305.719757554648,Wheat_maize,SI,CT,CI,Yes
16.8000011444092,1176.5,19.3009996414185,5.598999977,37.2799987792969,1,3978.79437001838,295.774387523218,Wheat_maize,SI,CT,CI,Yes
15.125,925.299987792969,11.4160001277924,7.171999931,28.8899993896484,1,4268.83727515973,325.476621343599,Wheat_maize,SI,CT,CI,Yes
16.5583343505859,903.0,10.5739998817444,7.062000275,23.3299999237061,1,5808.50556111825,338.302280549363,Wheat_maize,SI,CT,CI,Yes
16.5583343505859,903.0,10.2310001850128,7.269999981,22.1900005340576,1,4249.177180125,362.552812498909,Wheat_maize,SI,CT,CI,Yes
15.7583341598511,891.200012207031,11.8299996852875,7.274000168,35.3535346984863,1,4832.47932818725,341.241082919755,Wheat_maize,SI,CT,CI,Yes
15.2833337783813,978.799987792969,13.4439992904663,6.944000244,43.2000007629395,1,4575.86910237981,311.313204369285,Wheat_maize,SI,CT,CI,Yes
14.4916667938232,961.200012207031,11.7709994316101,6.789999962,33.8899993896484,1,4502.86233996094,313.781678706961,Wheat_maize,SI,CT,CI,Yes
16.4250011444092,834.400024414062,11.4059996604919,6.778999805,21.8199996948242,1,6606.94657326168,360.578821349104,Wheat_maize,SI,CT,CI,Yes
15.3583335876465,1008.10003662109,11.3870000839233,7.379000187,25.783504486084,1,6566.99672802768,357.575114572307,Wheat_maize,SI,CT,CI,Yes
15.7750005722046,922.600036621094,11.5209996700287,6.346000195,26.0400009155273,1,5724.7170122862,347.184091654706,Wheat_maize,SI,CT,CI,Yes
17.2833347320557,975.400024414062,15.2509999275208,7.102000237,26.8700008392334,1,4524.33463350775,307.019045104711,Wheat_maize,SI,CT,CI,Yes
14.4333333969116,1104.40002441406,14.4660007953644,5.417999744,20.6200008392334,1,4972.9521937069,337.733458013181,Wheat_maize,SI,CT,CI,Yes
13.5749998092651,876.800048828125,9.99199986457825,6.602000237,21.6200008392334,1,4552.47668219178,286.319343903465,Wheat_maize,SI,CT,CI,Yes
14.1666669845581,1054.70007324219,10.2680003643036,6.402999878,22.6767673492432,1,4794.22147611859,304.478331526251,Wheat_maize,SI,CT,CI,Yes
16.8500003814697,845.299987792969,9.05799984931946,6.234000206,21.7764701843262,1,6094.69982596154,343.774765145392,Wheat_maize,SI,CT,CI,Yes
16.8500003814697,845.299987792969,11.6600000858307,6.203999996,21.6800003051758,1,4951.58139446337,357.636384305869,Wheat_maize,SI,CT,CI,Yes
16.4250011444092,834.400024414062,13.0919992923737,6.855999947,37.7200012207031,1,4662.514159375,318.623051091333,Wheat_maize,SI,CT,CI,Yes
17.5416660308838,855.200012207031,13.3149993419647,6.360000134,45.3600006103516,1,4686.06291265625,308.902996105076,Wheat_maize,SI,CT,CI,Yes
19.4416675567627,820.900024414062,6.97999954223633,5.304000378,16.3600006103516,1,4280.82139254546,311.15612808455,Wheat_maize,SI,CT,CI,Yes
19.125,914.799987792969,9.84499990940094,5.762000084,24.4699993133545,1,4851.72791916193,319.286980430529,Wheat_maize,SI,CT,CI,Yes
17.4166660308838,1273.59997558594,20.576000213623,5.309000015,31.6599998474121,1,4311.08631216212,299.80005540159,Wheat_maize,SI,CT,CI,Yes
17.0416660308838,1453.59997558594,12.172999382019,5.215000153,25.2600002288818,1,4857.01855520838,322.462982667923,Wheat_maize,SI,CT,CI,Yes
16.6499996185303,1144.90002441406,21.6479992866516,4.96200037,44.3400001525879,1,3988.9169343993,295.723487376736,Wheat_maize,SI,CT,CI,Yes
13.7083330154419,819.100036621094,10.5200004577637,5.423000336,36.9599990844727,1,4582.43042129289,301.416610406488,Wheat_maize,SI,CT,CI,Yes
13.7083330154419,819.100036621094,12.0169997215271,5.967000008,28.4099998474121,1,5182.14745398994,327.483587657171,Wheat_maize,SI,CT,CI,Yes
14.8000001907349,941.400024414062,11.6949999332428,6.306000233,41.8199996948242,1,4814.09095587935,312.252825833121,Wheat_maize,SI,CT,CI,Yes
16.625,1107.0,11.5030002593994,5.325000286,22.2900009155273,1,5145.38428833333,316.443937636505,Wheat_maize,SI,CT,CI,Yes
13.3916664123535,879.700012207031,11.438000202179,4.911000252,37.7700004577637,1,5317.4132,289.104963551181,Wheat_maize,SI,CT,CI,Yes
12.4916667938232,953.100036621094,13.9830005168915,5.025000095,22.0300006866455,1,5005.38933182566,286.388457346159,Wheat_maize,SI,CT,CI,Yes
15.3583335876465,1274.90002441406,14.1659998893738,5.290999889,20.1000003814697,1,5102.6488003125,312.330348364021,Wheat_maize,SI,CT,CI,Yes
13.5583333969116,974.799987792969,10.8469998836517,5.356999874,30.9099998474121,1,4470.88868939828,304.62409461109,Wheat_maize,SI,CT,CI,Yes
14.1916666030884,918.5,13.7600004673004,5.039999962,24.6000003814697,1,4655.9043375,341.619310518318,Wheat_maize,SI,CT,CI,Yes
13.8000001907349,1041.0,11.6040003299713,5.805000305,45.0099983215332,1,5349.17802,289.919997955802,Wheat_maize,SI,CT,CI,Yes
13.1333341598511,1006.5,8.06800007820129,6.625999928,21.8999996185303,1,4842.230255,315.224503907998,Wheat_maize,SI,CT,CI,Yes
13.9916667938232,1010.30004882812,16.0370004177094,5.191999912,21.9599990844727,1,5479.04399243698,309.344632434875,Wheat_maize,SI,CT,CI,Yes
16.9416675567627,888.700012207031,12.4870002269745,5.28000021,23.8199996948242,1,4853.38949797455,353.303317487833,Wheat_maize,SI,CT,CI,Yes
11.875,856.0,9.27600026130676,6.375999928,21.4799995422363,1,3880.610686,280.874164674605,Wheat_maize,SI,CT,CI,Yes
20.5666675567627,1309.70007324219,16.0640001296997,5.910000324,37.6300010681152,1,3464.480911875,284.775833519994,Wheat_maize,SI,CT,CI,Yes
19.4916667938232,1217.59997558594,12.335000038147,5.23900032,38.7700004577637,1,4612.16531276253,290.776189398248,Wheat_maize,SI,CT,CI,Yes
18.0666675567627,997.0,12.6199996471405,5.587999821,27.4599990844727,1,4481.90891375821,307.15933249882,Wheat_maize,SI,CT,CI,Yes
18.7333335876465,1134.0,20.5979990959167,5.513999939,37.5800018310547,1,4066.54002536765,290.643193644588,Wheat_maize,SI,CT,CI,Yes
17.8083343505859,961.299987792969,12.5450003147125,4.970000267,26.6000003814697,1,4479.33485328389,315.561317029088,Wheat_maize,SI,CT,CI,Yes
20.341667175293,1513.5,12.3979997634888,5.014000416,43.3699989318848,1,3268.34252040816,261.593205049777,Wheat_maize,SI,CT,CI,Yes
20.658332824707,1485.0,15.3779995441437,5.363999844,35.8199996948242,1,4380.82049419958,277.125572193394,Wheat_maize,SI,CT,CI,Yes
18.9916667938232,1488.90002441406,25.5130004882812,5.116000175,42.7400016784668,1,4314.96400287081,205.852063365233,Wheat_maize,SI,CT,CI,Yes
18.9916667938232,1488.90002441406,13.5780000686646,5.294000149,37.189998626709,1,4303.75855162413,295.407898102727,Wheat_maize,SI,CT,CI,Yes
18.6333332061768,1196.70007324219,13.8220000267029,5.483000278,22.6299991607666,1,4595.86146787338,311.876972151879,Wheat_maize,SI,CT,CI,Yes
16.6499996185303,1144.90002441406,10.0,5.579999924,27.8099994659424,1,4696.51409638875,301.682487854822,Wheat_maize,SI,CT,CI,Yes
17.5750007629395,1101.09997558594,12.208000421524,5.580000401,39.7799987792969,1,4702.75793036635,302.180607747475,Wheat_maize,SI,CT,CI,Yes
19.1750011444092,1389.70007324219,14.2599999904633,4.971000195,31.5300006866455,1,4232.86758600473,298.50315133576,Wheat_maize,SI,CT,CI,Yes
19.7583332061768,1539.90002441406,10.7700002193451,4.915999889,30.3899993896484,1,4007.84597933824,296.399367728365,Wheat_maize,SI,CT,CI,Yes
18.466667175293,1381.80004882812,10.9619998931885,4.967999935,33.5400009155273,1,4024.74606467758,295.354590220139,Wheat_maize,SI,CT,CI,Yes
18.9916667938232,1457.40002441406,11.3100004196167,5.638000011,29.8799991607666,1,3802.89114425272,295.650332303611,Wheat_maize,SI,CT,CI,Yes
19.3333339691162,1458.40002441406,13.5780000686646,5.073999882,28.3700008392334,1,3954.28657863839,299.261923436224,Wheat_maize,SI,CT,CI,Yes
16.5416679382324,883.200012207031,13.2660007476807,5.940000057,20.3333339691162,1,3907.04309932292,319.191117831908,Wheat_maize,SI,CT,CI,Yes
17.4250011444092,780.200012207031,14.3020009994507,5.262000084,20.0599994659424,1,4015.05430015625,321.204906230943,Wheat_maize,SI,CT,CI,Yes
16.5416679382324,883.200012207031,18.9610004425049,5.46600008,29.4699993133545,1,3905.24349039772,311.98239224539,Wheat_maize,SI,CT,CI,Yes
15.7416667938232,942.000061035156,13.6320006847382,5.722000122,20.2600002288818,1,4604.62046689236,320.098488409478,Wheat_maize,SI,CT,CI,Yes
15.7833337783813,996.900024414062,12.2560000419617,6.93599987,20.6800003051758,1,4049.07914945312,319.619870847984,Wheat_maize,SI,CT,CI,Yes
15.7833337783813,996.900024414062,13.1140005588531,6.234000206,20.4200000762939,1,4806.64745958,320.517623599297,Wheat_maize,SI,CT,CI,Yes
18.1083335876465,1053.5,17.3409998416901,5.495999813,26.4699993133545,1,5144.92837590653,315.463010888086,Wheat_maize,SI,CT,CI,Yes
19.4416675567627,896.500061035156,12.6240003108978,6.303999901,23.3600006103516,1,4072.05303526042,315.156906651521,Wheat_maize,SI,CT,CI,Yes
15.2833337783813,978.799987792969,12.92799949646,6.990000248,40.8199996948242,1,4312.09026578125,310.455803492962,Wheat_maize,SI,CT,CI,Yes
15.125,925.299987792969,9.80000019073486,6.550000191,21.3068180084229,1,6336.38143345816,360.725600714823,Wheat_maize,SI,CT,CI,Yes
19.0249996185303,1091.69995117188,8.37400019168854,5.937000275,22.7099990844727,1,4392.32181687192,312.668954552523,Wheat_maize,SI,CT,CI,Yes
18.9416675567627,852.700012207031,11.8939995765686,5.40500021,30.4799995422363,1,4385.99555663265,342.344991621922,Wheat_maize,SI,CT,CI,Yes
19.0249996185303,1091.69995117188,12.1459996700287,6.768000126,35.5,1,4811.9854307431,297.526867337881,Wheat_maize,SI,CT,CI,Yes
23.4583339691162,1382.80004882812,11.3740003108978,5.353000164,36.560001373291,1,4510.54736717305,280.94197736301,Wheat_maize,SI,CT,CI,Yes
18.3916664123535,913.299987792969,10.8519995212555,6.486999989,24.2700004577637,1,4837.8683708502,330.392287085166,Wheat_maize,SI,CT,CI,Yes
18.3916664123535,913.299987792969,7.57000029087067,3.588999987,23.6712322235107,1,4890.92414508911,330.73904977657,Wheat_maize,SI,CT,CI,Yes
15.7750005722046,922.600036621094,9.55600023269653,5.424000263,23.2199993133545,1,4621.25859263804,326.314592458129,Wheat_maize,SI,CT,CI,Yes
19.8000011444092,1129.09997558594,11.4300000667572,6.058000088,31.0599994659424,1,4225.43604565217,293.188023435583,Wheat_maize,SI,CT,CI,Yes
18.908332824707,1221.40002441406,10.4040002822876,6.211999893,27.1000003814697,1,5163.16710992544,295.564445479964,Wheat_maize,SI,CT,CI,Yes
20.9416675567627,1390.09997558594,15.3199994564056,5.019999981,23.1800003051758,1,3603.43638852814,284.66359587195,Wheat_maize,SI,CT,CI,Yes
18.908332824707,1221.40002441406,18.8689994812012,4.906000137,30.2900009155273,1,3881.91990484791,284.052132197341,Wheat_maize,SI,CT,CI,Yes
18.9166679382324,1130.80004882812,18.6860001087189,5.921999931,36.6199989318848,1,3824.59907554213,324.550871450856,Wheat_maize,SI,CT,CI,Yes
17.9583339691162,958.100036621094,14.0629994869232,5.46600008,36.4947357177734,1,4505.99278468327,331.50679957999,Wheat_maize,SI,CT,CI,Yes
20.25,1074.70007324219,20.8459997177124,7.043000221,26.8899993896484,1,4253.675040247,297.556734286573,Wheat_maize,SI,CT,CI,Yes
20.25,1074.70007324219,30.3099989891052,4.860000134,49.4199981689453,1,3938.42703525641,279.165190824742,Wheat_maize,SI,CT,CI,Yes
18.9166679382324,1130.80004882812,28.5549998283386,5.130000114,46.810001373291,1,4566.60288873268,289.29908841654,Wheat_maize,SI,CT,CI,Yes
18.0750007629395,884.100036621094,25.9990000724792,4.973999977,47.6699981689453,1,4546.47999880597,318.290422665564,Wheat_maize,SI,CT,CI,Yes
19.6333332061768,1007.70001220703,21.8860006332397,5.805000305,40.3800010681152,1,4794.0976554525,296.431390725631,Wheat_maize,SI,CT,CI,Yes
19.8833332061768,1177.80004882812,10.3600001335144,5.141999722,29.7900009155273,1,4385.096426125,295.876260436156,Wheat_maize,SI,CT,CI,Yes
21.6333332061768,1340.20007324219,11.5299999713898,5.021999836,37.8600006103516,1,4443.15809615384,280.571483163575,Wheat_maize,SI,CT,CI,Yes
21.0750007629395,1266.69995117188,10.188000202179,5.815999985,24.5,1,3890.51551373627,301.773997027922,Wheat_maize,SI,CT,CI,Yes
14.591667175293,1085.80004882812,12.7100002765656,5.013999939,22.8620681762695,1,5936.95897459157,328.707273357681,Wheat_maize,SI,CT,CI,Yes
14.1583337783813,1149.90002441406,14.345999956131,5.552999973,20.9699993133545,1,4526.61441604167,298.688324057424,Wheat_maize,SI,CT,CI,Yes
16.216667175293,967.599975585938,10.4089999198914,6.735000134,22.3899993896484,1,4385.93575736607,330.65742134293,Wheat_maize,SI,CT,CI,Yes
16.0833339691162,1001.10003662109,11.8509995937347,6.770999908,32.4099998474121,1,4537.61481809028,313.051374283427,Wheat_maize,SI,CT,CI,Yes
15.7250003814697,1055.09997558594,11.1820006370544,7.611999989,21.2600002288818,1,4759.3551243125,318.954037238581,Wheat_maize,SI,CT,CI,Yes
16.216667175293,967.599975585938,15.5599999427795,5.199999809,21.1000003814697,1,4644.85328544581,320.4570676063,Wheat_maize,SI,CT,CI,Yes
15.7250003814697,1055.09997558594,14.896000623703,6.201000214,23.7199993133545,1,4476.35134453125,320.431003634866,Wheat_maize,SI,CT,CI,Yes
16.3999996185303,1120.80004882812,13.798999786377,5.863999844,22.4300003051758,1,4981.73922154463,323.344700421294,Wheat_maize,SI,CT,CI,Yes
13.8666667938232,1262.30004882812,14.1500008106232,5.210000038,20.1000003814697,1,4893.0033596875,294.125516174942,Wheat_maize,SI,CT,CI,Yes
12.3249998092651,1109.40002441406,9.56000030040741,6.774000168,24.6276588439941,1,5061.05905012414,281.223057358403,Wheat_maize,SI,CT,CI,Yes
11.1499996185303,950.5,11.1800003051758,6.385000229,21.75,1,4555.2335290625,270.756679266691,Wheat_maize,SI,CT,CI,Yes
13.1333341598511,1006.5,9.76199984550476,6.998000145,22.0799999237061,1,4554.307330125,289.285572359611,Wheat_maize,SI,CT,CI,Yes
19.5750007629395,1905.0,11.0280001163483,5.639999866,30.75,1,3651.6414225,294.528563916505,Wheat_maize,SI,CT,CI,Yes
17.9750003814697,1575.40002441406,19.099999666214,5.490000248,38.9500007629395,1,4266.43553417819,288.980827833251,Wheat_maize,SI,CT,CI,Yes
17.4583339691162,1675.59997558594,15.7490003108978,5.412000179,33.1699981689453,1,4818.6798640148,308.457858052806,Wheat_maize,SI,CT,CI,Yes
18.8166675567627,1974.90002441406,10.6679999828339,6.266000271,28.3333339691162,1,4830.4986380597,316.548148798364,Wheat_maize,SI,CT,CI,Yes
19.5750007629395,1905.0,11.2740004062653,7.146000385,26.1599998474121,1,4765.61824324238,315.778657971936,Wheat_maize,SI,CT,CI,Yes
9.40833377838135,786.100036621094,7.40000009536743,6.5,22.0,1,4640.9049653125,287.667769336935,Wheat_maize,SI,CT,CI,Yes
12.1583337783813,1171.59997558594,12.1360003948212,6.796000004,21.0900001525879,1,4906.05394631622,291.42702222791,Wheat_maize,SI,CT,CI,Yes
6.42500019073486,680.799987792969,14.8829996585846,6.68599987,19.3400001525879,1,5583.0147826425,295.73762992818,Wheat_maize,SI,CT,CI,Yes
13.9000005722046,701.400024414062,10.4209995269775,7.834000111,20.7000007629395,1,6940.809655,332.493837875755,Wheat_maize,SI,CT,CI,Yes
15.0,630.700012207031,10.8560001850128,7.81400013,20.9099998474121,1,6266.8722805668,369.652010753095,Wheat_maize,SI,CT,CI,Yes
13.9000005722046,701.400024414062,10.9019994735718,7.815999985,19.1800003051758,1,6648.38927325581,331.830191034955,Wheat_maize,SI,CT,CI,Yes
14.6000003814697,670.800048828125,9.5770001411438,7.866000175,17.8400001525879,1,6676.44933900893,313.996937678572,Wheat_maize,SI,CT,CI,Yes
13.216667175293,623.900024414062,8.87199997901917,7.71600008,19.5,1,6393.38927289227,339.482938845293,Wheat_maize,SI,CT,CI,Yes
11.6666669845581,657.200012207031,7.12399959564209,7.843999863,24.2399997711182,1,7313.03075076839,314.105544252083,Wheat_maize,SI,CT,CI,Yes
11.4416666030884,787.400024414062,8.64499986171722,7.578000069,16.375,1,5852.65979207317,322.672453002753,Wheat_maize,SI,CT,CI,Yes
15.0,630.700012207031,5.71200013160706,3.978000164,21.0,1,6643.63017333938,370.507683900402,Wheat_maize,SI,CT,CI,Yes
13.1916666030884,729.299987792969,8.62899959087372,7.90199995,17.5400009155273,1,6733.02190874116,350.807745615973,Wheat_maize,SI,CT,CI,Yes
13.1916666030884,729.299987792969,9.56299960613251,7.874000072,18.6200008392334,1,6982.3852832125,344.483904011214,Wheat_maize,SI,CT,CI,Yes
13.1916666030884,729.299987792969,8.01599979400635,7.885000229,17.7399997711182,1,7665.8101519622,364.003971988776,Wheat_maize,SI,CT,CI,Yes
10.4000005722046,662.5,5.76799988746643,7.81400013,15.5,1,6145.43541508423,328.707447911438,Wheat_maize,SI,CT,CI,Yes
11.6666669845581,675.299987792969,6.15199983119965,8.024000168,18.6599998474121,1,6147.03767496786,342.10735454502,Wheat_maize,SI,CT,CI,Yes
11.2750005722046,696.799987792969,7.12399959564209,7.843999863,24.2399997711182,1,6007.49652304867,311.779649884665,Wheat_maize,SI,CT,CI,Yes
10.6999998092651,850.800048828125,7.09100008010864,7.677000046,20.2900009155273,1,6069.1234821625,205.203081666667,Wheat_maize,SI,CT,CI,Yes
11.4416666030884,787.400024414062,8.84499967098236,6.210000038,19.6499996185303,1,5721.28987857143,312.318249271801,Wheat_maize,SI,CT,CI,Yes
13.216667175293,623.900024414062,11.3440001010895,7.743999958,16.4400005340576,1,7505.16358157334,341.175134843832,Wheat_maize,SI,CT,CI,Yes
13.216667175293,623.900024414062,11.3580000400543,7.802000046,16.0699996948242,1,7060.47859837182,337.197399787762,Wheat_maize,SI,CT,CI,Yes
12.3000001907349,661.0,10.1349997520447,7.84800005,19.5300006866455,1,6577.12236004393,327.185416677649,Wheat_maize,SI,CT,CI,Yes
14.6000003814697,670.800048828125,11.0599994659424,7.815999985,14.3199996948242,1,5596.44727552805,361.581143080268,Wheat_maize,SI,CT,CI,Yes
12.3000001907349,661.0,6.49999976158142,8.0,21.0,1,5600.40888299721,341.740543770632,Wheat_maize,SI,CT,CI,Yes
11.4250001907349,594.900024414062,6.67499959468842,7.920000076,20.8999996185303,1,6649.43611644451,329.387117117912,Wheat_maize,SI,CT,CI,Yes
13.216667175293,623.900024414062,9.33499991893768,6.703999996,19.3799991607666,1,5958.67923593836,330.024527267804,Wheat_maize,SI,CT,CI,Yes
14.6000003814697,670.800048828125,9.81700003147125,7.775000095,19.2700004577637,1,7413.87464619868,374.281291981413,Wheat_maize,SI,CT,CI,Yes
14.6000003814697,670.800048828125,10.9899997711182,7.798000336,14.8900003433228,1,7105.83221348647,361.990861582768,Wheat_maize,SI,CT,CI,Yes
14.6916666030884,707.5,10.6780004501343,7.822000027,20.9699993133545,1,6052.70645232312,285.7223631203,Wheat_maize,SI,CT,CI,Yes
14.8500003814697,668.0,10.8280003070831,7.366000175,20.3799991607666,1,7808.96093755337,375.649432558705,Wheat_maize,SI,CT,CI,Yes
14.8500003814697,668.0,9.22500014305115,7.826000214,20.9200000762939,1,6142.97525734293,366.960853513115,Wheat_maize,SI,CT,CI,Yes
14.6750001907349,612.700012207031,7.99300014972687,7.980000019,17.7000007629395,1,7350.20668750682,377.665670494247,Wheat_maize,SI,CT,CI,Yes
13.6166667938232,672.400024414062,5.01500010490417,6.239999771,20.5769233703613,1,5531.40957713144,327.048365862945,Wheat_maize,SI,CT,CI,Yes
14.6916666030884,707.5,8.5180002450943,7.837999821,17.7999992370605,1,6889.02497082968,360.877664639087,Wheat_maize,SI,CT,CI,Yes
11.5833330154419,592.0,6.26699984073639,7.875999928,18.9699993133545,1,5607.88089338983,296.24116253379,Wheat_maize,SI,CT,CI,Yes
10.25,682.799987792969,7.58499979972839,7.504000187,20.3799991607666,1,6591.46137526652,288.632767140321,Wheat_maize,SI,CT,CI,Yes
11.5333337783813,598.5,5.87599992752075,8.078000069,17.1000003814697,1,6808.86913618371,346.206897925034,Wheat_maize,SI,CT,CI,Yes
13.3500003814697,954.100036621094,12.2440004348755,6.467999935,19.1399993896484,1,6431.43287990227,316.995808762672,Wheat_maize,SI,CT,CI,Yes
13.3583335876465,967.700012207031,10.3030002117157,7.230000019,17.7600002288818,1,5825.90320859523,320.093138166995,Wheat_maize,SI,CT,CI,Yes
12.9333333969116,1134.0,11.1479997634888,6.954999924,21.0900001525879,1,5484.08755,282.219089787287,Wheat_maize,SI,CT,CI,Yes
13.3000001907349,927.0,8.28400015830994,7.007999897,17.3099994659424,1,6091.67717389643,324.328095615119,Wheat_maize,SI,CT,CI,Yes
13.5,974.100036621094,9.08399999141693,6.78399992,21.8099994659424,1,5008.42655289749,318.540808273549,Wheat_maize,SI,CT,CI,Yes
14.0,843.100036621094,9.70400035381317,6.25399971,21.6000003814697,1,5760.14458015,328.912508518759,Wheat_maize,SI,CT,CI,Yes
12.9333333969116,1134.0,10.6410002708435,5.815999985,17.3400001525879,1,6244.54940108696,306.993729892078,Wheat_maize,SI,CT,CI,Yes
10.6999998092651,850.800048828125,5.2920001745224,6.561999798,11.1800003051758,1,5107.87411923077,283.302215913006,Wheat_maize,SI,CT,CI,Yes
8.29166698455811,972.900024414062,7.1560001373291,6.743999958,14.0699996948242,1,6258.95795609756,312.030166106627,Wheat_maize,SI,CT,CI,Yes
9.39166736602783,274.600006103516,4.8309999704361,7.559000015,9.64999961853027,1,5636.553625,276.111117274684,Wheat_maize,SI,CT,CI,Yes
10.8500003814697,480.600006103516,6.01999998092651,8.06000042,18.0,1,3792.94699693831,320.970083548709,Wheat_maize,SI,CT,CI,Yes
14.6999998092651,905.599975585938,8.91400039196014,6.388000011,32.8899993896484,1,6598.44977147182,346.448862631182,Wheat_maize,SI,CT,CI,Yes
15.6083335876465,967.900024414062,9.86200034618378,6.861999989,30.8700008392334,1,5507.5714966,322.760764604963,Wheat_maize,SI,CT,CI,Yes
12.375,921.400024414062,8.8620001077652,6.248000145,22.6399993896484,1,6544.05318401697,313.005689915542,Wheat_maize,SI,CT,CI,Yes
12.375,921.400024414062,13.5060000419617,5.296000004,20.2800006866455,1,6578.45915906055,312.53752049361,Wheat_maize,SI,CT,CI,Yes
15.6083335876465,967.900024414062,7.55600035190582,6.470000267,24.5799999237061,1,6456.19820707498,356.454268522711,Wheat_maize,SI,CT,CI,Yes
13.0166664123535,1166.30004882812,7.40000009536743,6.5,22.0,1,6453.66877333334,317.77233599273,Wheat_maize,SI,CT,CI,Yes
12.9833335876465,1105.19995117188,6.95200026035309,6.980000019,20.7199993133545,1,7266.26918636364,320.056868664636,Wheat_maize,SI,CT,CI,Yes
15.0,630.700012207031,5.71200013160706,3.978000164,21.0,1,4409.69263287094,251.833435582822,Wheat_maize,SI,CT,CI,Yes
15.0166664123535,851.100036621094,9.09000039100647,6.125,23.1599998474121,1,5183.01941301453,364.01157727485,Wheat_maize,SI,CT,CI,Yes
11.6750001907349,875.299987792969,3.94500017166138,8.090000153,10.4899997711182,1,5493.60560820934,341.383877693345,Wheat_maize,SI,CT,CI,Yes
11.3083333969116,882.900024414062,6.20599985122681,7.895999908,19.6800003051758,1,4714.95474517889,281.597495695364,Wheat_maize,SI,CT,CI,Yes
12.4166669845581,844.700012207031,9.28099989891052,6.849999905,20.9500007629395,1,5302.792,260.358333333333,Wheat_maize,SI,CT,CI,Yes
12.6416673660278,830.799987792969,11.4920008182526,6.164000034,29.7299995422363,1,5518.4658385375,277.206006914254,Wheat_maize,SI,CT,CI,Yes
11.6750001907349,875.299987792969,9.00600016117096,6.947000027,27.3700008392334,1,5886.800068825,295.883040140898,Wheat_maize,SI,CT,CI,Yes
12.6500005722046,913.600036621094,10.8039999008179,6.5,40.5,1,5657.90389876366,303.798422867776,Wheat_maize,SI,CT,CI,Yes
10.6666669845581,908.700012207031,8.24999988079071,6.649000168,18.3600006103516,1,5471.90246164693,308.358778803844,Wheat_maize,SI,CT,CI,Yes
4.95833349227905,282.600006103516,8.09800028800964,7.941000462,21.0,1,6152.10435078684,298.81841784568,Wheat_maize,SI,CT,CI,Yes
6.14166688919067,379.399993896484,9.33499991893768,6.703999996,19.3799991607666,1,5657.93067958919,294.842298776096,Wheat_maize,SI,CT,CI,Yes
2.82500004768372,218.699996948242,6.1760002374649,7.393000126,27.3799991607666,1,7636.85389473684,294.871647461403,Wheat_maize,SI,CT,CI,Yes
7.17500019073486,398.900024414062,7.79500007629395,7.407999992,20.2600002288818,1,5270.54251047842,291.18873261715,Wheat_maize,SI,CT,CI,Yes
10.625,546.700012207031,7.58899986743927,7.713999748,26.6100006103516,1,5759.9122514837,297.451732588207,Wheat_maize,SI,CT,CI,Yes
10.625,546.700012207031,5.87599992752075,8.027000427,18.6200008392334,1,6579.87143863647,329.02172439048,Wheat_maize,SI,CT,CI,Yes
9.30833339691162,624.799987792969,7.33000040054321,7.357999802,17.5799999237061,1,5533.63417909579,301.747445495049,Wheat_maize,SI,CT,CI,Yes
10.625,546.700012207031,6.59500002861023,7.945000172,21.7800006866455,1,5328.18028505658,309.5085223823,Wheat_maize,SI,CT,CI,Yes
9.38333320617676,520.200012207031,6.39499962329865,8.0,20.3700008392334,1,6939.28600623036,256.074684285713,Wheat_maize,SI,CT,CI,Yes
7.64166688919067,522.099975585938,5.43500006198883,7.804999828,21.3700008392334,1,6761.40680511921,289.91190041364,Wheat_maize,SI,CT,CI,Yes
9.30833339691162,624.799987792969,8.14400017261505,6.921999931,16.9699993133545,1,5994.29670871477,311.764652636412,Wheat_maize,SI,CT,CI,Yes
4.95833349227905,282.600006103516,13.121999502182,7.657000065,23.5499992370605,1,6081.8229193375,283.699255431783,Wheat_maize,SI,CT,CI,Yes
-1.16666674613953,237.900009155273,15.5070006847382,6.991000175,7.53000020980835,1,7598.74406991509,303.254766686651,Wheat_maize,SI,CT,CI,Yes
4.55833339691162,129.0,16.8860006332397,6.838000298,13.5600004196167,1,6694.8725330875,300.065551708664,Wheat_maize,SI,CT,CI,Yes
9.125,482.200012207031,6.98000013828278,7.661000252,18.2700004577637,1,5768.68936845948,303.587860936803,Wheat_maize,SI,CT,CI,Yes
10.9499998092651,583.600036621094,7.23499953746796,7.664000034,20.5799999237061,1,7160.832723025,314.483571117546,Wheat_maize,SI,CT,CI,Yes
11.4250001907349,594.900024414062,7.54999995231628,7.519999981,20.3999996185303,1,5514.98645933688,296.029172076205,Wheat_maize,SI,CT,CI,Yes
10.9499998092651,583.600036621094,6.01999998092651,8.06000042,18.0,1,5626.99490098785,343.815556533725,Wheat_maize,SI,CT,CI,Yes
7.17500019073486,569.200012207031,7.41500020027161,7.519999981,19.5900001525879,1,6434.8626890125,261.48157625,Wheat_maize,SI,CT,CI,Yes
7.80000019073486,438.400024414062,6.29499971866608,8.0,19.7700004577637,1,6590.5085547302,307.614893397157,Wheat_maize,SI,CT,CI,Yes
10.6999998092651,526.700012207031,6.49999976158142,8.0,21.0,1,5577.41097506055,309.382600686216,Wheat_maize,SI,CT,CI,Yes
10.3166666030884,444.100006103516,7.75999963283539,7.424000263,20.2800006866455,1,5934.02409775865,213.062082692308,Wheat_maize,SI,CT,CI,Yes
9.26666641235352,362.0,7.82999992370605,7.392000198,20.2399997711182,1,5320.80684709279,300.175655348407,Wheat_maize,SI,CT,CI,Yes
10.3166666030884,444.100006103516,7.59899973869324,6.963999748,16.1399993896484,1,4936.86116019413,289.066678324085,Wheat_maize,SI,CT,CI,Yes
10.3833332061768,560.599975585938,6.30500018596649,8.0,19.8299999237061,1,5651.17419380596,331.700701368714,Wheat_maize,SI,CT,CI,Yes
10.9833335876465,614.5,7.12999999523163,7.711999893,20.6399993896484,1,7606.45220334923,316.792268794692,Wheat_maize,SI,CT,CI,Yes
10.6999998092651,526.700012207031,6.30500018596649,8.0,19.8299999237061,1,7264.05283881471,316.757078488755,Wheat_maize,SI,CT,CI,Yes
10.2250003814697,497.399993896484,6.88499987125397,7.823999882,20.7800006866455,1,7265.49301057675,295.768617625967,Wheat_maize,SI,CT,CI,Yes
7.16666650772095,370.100006103516,6.99000000953674,7.776000023,20.7199993133545,1,3525.5189169829,290.381752012424,Wheat_maize,SI,CT,CI,Yes
7.94166660308838,475.899993896484,7.96999990940094,7.328000069,20.1599998474121,1,5778.88264479118,229.224452205882,Wheat_maize,SI,CT,CI,Yes
6.61666679382324,456.0,7.29499995708466,7.552000046,19.3299999237061,1,5247.46845923296,297.118583370309,Wheat_maize,SI,CT,CI,Yes
6.30833339691162,468.100006103516,8.17900002002716,7.347000122,24.1499996185303,1,5070.4502948875,283.954477988875,Wheat_maize,SI,CT,CI,Yes
5.54166698455811,469.399993896484,8.61000001430511,7.007999897,19.3999996185303,1,6920.9056276505,291.731258487354,Wheat_maize,SI,CT,CI,Yes
3.71666669845581,560.0,8.12200009822845,8.0,15.460000038147,1,6579.19080181853,334.043270454003,Wheat_maize,SI,CT,CI,Yes
9.84166717529297,663.100036621094,6.92399978637695,7.946000099,21.2000007629395,1,5864.77646195312,318.029639409705,Wheat_maize,SI,CT,CI,Yes
12.6500005722046,620.0,4.86399978399277,7.852999687,18.7299995422363,1,6206.09868783946,343.4341426287,Wheat_maize,SI,CT,CI,Yes
11.466667175293,736.299987792969,6.93599998950958,7.40899992,21.5799999237061,1,4814.067592,314.736024240008,Wheat_maize,SI,CT,CI,Yes
5.07500028610229,609.600036621094,6.90599977970123,7.809999943,21.3799991607666,1,4747.57136060547,302.421848546788,Wheat_maize,SI,CT,CI,Yes
13.1583337783813,708.0,7.20600008964539,6.770999908,21.5900001525879,1,5310.0733697875,286.4358,Wheat_maize,SI,CT,CI,Yes
9.71666717529297,573.400024414062,8.27600002288818,6.915999889,21.4699993133545,1,6495.82551319495,227.542048085107,Wheat_maize,SI,CT,CI,Yes
9.71666717529297,573.400024414062,7.23399996757507,7.571000099,20.0400009155273,1,5391.42486767317,316.002510492767,Wheat_maize,SI,CT,CI,Yes
12.3916673660278,713.299987792969,6.21999979019165,8.022000313,19.1399993896484,1,6159.0984412846,349.355416338668,Wheat_maize,SI,CT,CI,Yes
12.3916673660278,713.299987792969,6.38000011444092,8.0,20.2800006866455,1,6127.57822727314,341.673792408605,Wheat_maize,SI,CT,CI,Yes
7.45000028610229,404.300018310547,8.14000010490417,7.263999939,20.0799999237061,1,6967.60945426346,292.191183625447,Wheat_maize,SI,CT,CI,Yes
5.54166698455811,469.399993896484,8.6599999666214,7.406000137,20.6399993896484,1,7342.22033547951,290.506894773124,Wheat_maize,SI,CT,CI,Yes
5.54166698455811,469.399993896484,7.96499967575073,7.374000072,20.2600002288818,1,7428.01111407012,287.996931654103,Wheat_maize,SI,CT,CI,Yes
2.70833325386047,496.700012207031,6.99000000953674,7.776000023,20.7199993133545,1,6434.41178125,301.965870653087,Wheat_maize,SI,CT,CI,Yes
7.45000028610229,404.300018310547,10.7280004024506,6.912000179,20.8400001525879,1,6616.02417356345,286.558725004488,Wheat_maize,SI,CT,CI,Yes
4.20000028610229,417.100006103516,10.4359996318817,6.420000076,19.1599998474121,1,6819.45332305699,294.683725678856,Wheat_maize,SI,CT,CI,Yes
6.00833320617676,681.600036621094,7.09800004959106,7.440999985,21.5799999237061,1,4548.0714167125,298.593798252645,Wheat_maize,SI,CT,CI,Yes
2.35000014305115,589.200012207031,10.2289998531342,6.957000256,21.25,1,5033.28836163672,291.130550162318,Wheat_maize,SI,CT,CI,Yes
5.91666698455811,345.600006103516,12.5979995727539,7.598999977,16.2700004577637,1,7432.24602609726,296.538630909752,Wheat_maize,SI,CT,CI,Yes
4.0,337.300018310547,12.5129997730255,7.325000286,21.5599994659424,1,6192.88562547227,282.388888655039,Wheat_maize,SI,CT,CI,Yes
3.95000004768372,407.800018310547,11.159999370575,8.041999817,19.4799995422363,1,12545.8745550899,311.614337760955,Wheat_maize,SI,CT,CI,Yes
1.08333337306976,398.200012207031,13.0120003223419,7.622000217,23.2999992370605,1,13714.6647011751,286.988759576009,Wheat_maize,SI,CT,CI,Yes
-0.883333444595337,367.700012207031,15.5839991569519,7.332000256,21.6800003051758,1,9161.15513939453,292.39205544496,Wheat_maize,SI,CT,CI,Yes
10.5749998092651,161.800003051758,6.93000018596649,6.667000294,19.2588233947754,1,7354.6143673375,311.004818364231,Wheat_maize,SI,CT,CI,Yes
9.76666641235352,142.5,11.2000000476837,7.800000191,21.0,1,10600.1156326044,355.630359112205,Wheat_maize,SI,CT,CI,Yes
10.5749998092651,161.800003051758,5.72300016880035,6.572999954,10.6000003814697,1,9561.00133577251,353.725815861178,Wheat_maize,SI,CT,CI,Yes
10.3083333969116,225.300003051758,11.2000000476837,7.800000191,21.0,1,7853.73386000001,296.764804187838,Wheat_maize,SI,CT,CI,Yes
9.15833377838135,244.199996948242,4.61800009012222,7.063000202,9.84000015258789,1,5556.32112903226,302.056320479335,Wheat_maize,SI,CT,CI,Yes
7.97500038146973,251.900009155273,7.38399982452393,7.335999966,19.1499996185303,1,9234.48977601351,319.579939531298,Wheat_maize,SI,CT,CI,Yes
8.42500019073486,379.300018310547,7.37499952316284,7.599999905,20.5,1,6020.41063012064,299.530652383655,Wheat_maize,SI,CT,CI,Yes
7.80000019073486,438.400024414062,7.4099999666214,7.584000111,20.4799995422363,1,6104.95566933487,297.260154296924,Wheat_maize,SI,CT,CI,Yes
6.59999990463257,498.399993896484,9.76499974727631,7.68200016,22.2299995422363,1,5782.75619005,284.499821255685,Wheat_maize,SI,CT,CI,Yes
6.59999990463257,498.399993896484,15.2929997444153,6.861999989,22.6800003051758,1,5504.4688375,285.061597318138,Wheat_maize,SI,CT,CI,Yes
9.125,482.200012207031,7.89999961853027,7.360000134,20.2000007629395,1,5924.98038466004,295.777044198488,Wheat_maize,SI,CT,CI,Yes
7.97500038146973,251.900009155273,7.66299962997437,7.578000069,20.5400009155273,1,5498.5302472375,288.304844676833,Wheat_maize,SI,CT,CI,Yes
11.1333332061768,192.800003051758,10.1370000839233,7.736999989,18.1700000762939,1,8390.42326332896,307.883532258921,Wheat_maize,SI,CT,CI,Yes
10.5166664123535,202.400009155273,9.82299983501434,8.05300045,21.2999992370605,1,7769.63374829779,304.255666186247,Wheat_maize,SI,CT,CI,Yes
11.1666669845581,171.300003051758,12.9290008544922,7.157000065,14.6199998855591,1,8120.59417692308,311.542995981415,Wheat_maize,SI,CT,CI,Yes
9.51666641235352,154.600006103516,8.7610000371933,7.847000122,22.4899997711182,1,9197.61577259588,294.978552578973,Wheat_maize,SI,CT,CI,Yes
2.63333344459534,411.0,13.173999786377,7.592000008,21.0,1,9759.29217626291,297.653274912698,Wheat_maize,SI,CT,CI,Yes
13.1999998092651,98.0,24.1530013084412,5.904000282,4.42999982833862,1,6709.774759525,318.658561504863,Wheat_maize,SI,CT,CI,Yes
12.8000001907349,51.7000007629395,19.5390009880066,6.415999889,8.13000011444092,1,6857.81452976705,325.655245280091,Wheat_maize,SI,CT,CI,Yes
14.0583333969116,42.2000007629395,19.080001115799,6.122000217,11.1800003051758,1,6214.14677252443,335.600068211979,Wheat_maize,SI,CT,CI,Yes
9.84166717529297,314.800018310547,9.37099993228912,7.822000027,21.5200004577637,1,7635.27610194916,253.685693988764,Wheat_maize,SI,CT,CI,Yes
8.55833339691162,355.600006103516,10.7949995994568,8.140000343,19.75,1,8893.91775269073,309.264022894637,Wheat_maize,SI,CT,CI,Yes
6.24166679382324,286.700012207031,9.02499973773956,7.834000111,18.7000007629395,1,8521.52990954521,325.95274047485,Wheat_maize,SI,CT,CI,Yes
2.54999995231628,256.0,4.53999996185303,8.243000031,6.76000022888184,1,8985.20246873907,327.989930631167,Wheat_maize,SI,CT,CI,Yes
7.77500009536743,279.0,5.75199961662292,8.094000816,25.7299995422363,1,8131.18041910463,292.579496690055,Wheat_maize,SI,CT,CI,Yes
5.67500019073486,243.100006103516,6.95699989795685,7.835000038,18.3299999237061,1,7557.41273206361,302.31927091169,Wheat_maize,SI,CT,CI,Yes
3.17499995231628,232.199996948242,8.98599982261658,8.098999977,24.4599990844727,1,7226.93888181471,292.213035895019,Wheat_maize,SI,CT,CI,Yes
7.56666660308838,246.0,10.8729994297028,8.18900013,19.7700004577637,1,8828.20836847377,298.886445361255,Wheat_maize,SI,CT,CI,Yes
4.30833339691162,259.399993896484,7.10500001907349,8.069000244,18.5599994659424,1,7457.3449616125,305.568291045701,Wheat_maize,SI,CT,CI,Yes
7.73333358764648,157.199996948242,10.6350004673004,7.670000076,19.8600006103516,1,8265.40520358939,301.79452847989,Wheat_maize,SI,CT,CI,Yes
4.85000038146973,331.5,5.57399988174438,7.201000214,21.3500003814697,1,6705.46649654334,297.475242116202,Wheat_maize,SI,CT,CI,Yes
