MAT,MAP,SOC,pH,Clay,Duration,C_input,N_input,Planting_system,Return,Tillage,Irrigation,Topdressing
13.4083337783813,496.899993896484,5.90399980545044,7.70699977874756,16.4699993133545,1,3062.54008333333,173.832,Wheat,SDB,CT,OI,Yes
13.9750003814697,517.0,6.1410003900528,7.29500007629395,13.7700004577637,1,3394.04929166667,173.832,Wheat,SDB,CT,OI,Yes
13.0833330154419,460.0,6.37799978256226,6.99200010299683,13.4099998474121,1,3145.97495,173.832,Wheat,SDB,CT,OI,Yes
13.4083337783813,496.899993896484,5.96200048923492,8.00599956512451,17.7600002288818,1,3205.37975,173.832,Wheat,SDB,CT,OI,Yes
11.6916666030884,517.599975585938,6.41600012779236,7.13000011444092,17.0,1,3165.15775,173.832,Wheat,SDB,CT,OI,Yes
14.4083337783813,591.300048828125,6.82900011539459,7.97000026702881,28.4300003051758,1,3118.90531481482,239.726314385073,Wheat,SDB,CT,OI,Yes
13.9416666030884,542.0,6.50799989700317,7.15999984741211,20.9599990844727,1,3282.58911363636,239.726314385073,Wheat,SDB,CT,OI,Yes
13.9499998092651,506.200012207031,4.32500004768372,8.14999961853027,14.25,1,3217.745501125,163.68873,Wheat,SDB,CT,OI,Yes
14.8000001907349,523.200012207031,6.12299978733063,7.45499992370605,15.7272729873657,1,3947.28631847125,246.61764,Wheat,SDB,CT,OI,Yes
14.8000001907349,523.200012207031,6.29999995231628,6.5,9.0,1,3561.71811818125,202.731345,Wheat,SDB,CT,OI,Yes
13.9499998092651,506.200012207031,5.20099997520447,5.92999982833862,14.5243902206421,1,3489.8169673825,180.737835,Wheat,SDB,CT,OI,Yes
15.1666669845581,544.400024414062,6.31999969482422,6.65000009536743,10.1999998092651,1,3698.95088703625,216.773085,Wheat,SDB,CT,OI,Yes
14.7333335876465,538.600036621094,6.28499984741211,6.57499980926514,9.44999980926514,1,3623.24518946875,204.396615,Wheat,SDB,CT,OI,Yes
13.1000003814697,567.200012207031,4.99799996614456,7.8769998550415,14.3800001144409,1,3259.4258464225,201.658515,Wheat,SDB,CT,OI,Yes
14.8000001907349,523.200012207031,6.80599987506866,6.49499988555908,13.1099996566772,1,3610.410440155,211.439085,Wheat,SDB,CT,OI,Yes
13.9499998092651,506.200012207031,3.3500000834465,3.99499988555908,13.9074077606201,1,3198.9597,240.725659822102,Wheat,SDB,CT,OI,Yes
15.1666669845581,544.400024414062,6.53800010681152,7.3730001449585,16.9799995422363,1,3688.52778116125,183.005175,Wheat,SDB,CT,OI,Yes
15.1666669845581,544.400024414062,6.29999995231628,6.5,9.0,1,3816.90902597125,209.4738,Wheat,SDB,CT,OI,Yes
15.0749998092651,543.200012207031,6.22500002384186,6.875,11.25,1,3823.84882929625,252.76614,Wheat,SDB,CT,OI,Yes
14.7333335876465,538.600036621094,6.42000019550323,6.48799991607666,9.89999961853027,1,3814.40803748125,260.86365,Wheat,SDB,CT,OI,Yes
14.8000001907349,523.200012207031,6.38800024986267,6.8439998626709,12.3599996566772,1,3937.9195332025,223.643565,Wheat,SDB,CT,OI,Yes
12.9250001907349,621.400024414062,5.4720002412796,7.87400007247925,17.4599990844727,1,3130.84247727273,240.725659822102,Wheat,SDB,CT,OI,Yes
12.9250001907349,621.400024414062,5.51199972629547,7.43199968338013,23.0599994659424,1,3366.42245,240.725659822102,Wheat,SDB,CT,OI,Yes
12.341667175293,640.200012207031,5.57200014591217,8.04800033569336,15.0600004196167,1,3057.77078224375,310.210515,Wheat,SDB,CT,OI,Yes
12.5666666030884,633.799987792969,5.43000042438507,8.09000015258789,14.3999996185303,1,3405.0911962525,248.5473,Wheat,SDB,CT,OI,Yes
13.5749998092651,579.900024414062,7.00800001621246,7.78000020980835,19.1000003814697,1,3222.44298789625,229.929405,Wheat,SDB,CT,OI,Yes
11.5666666030884,560.299987792969,5.03700017929077,7.35799980163574,18.2600002288818,1,2885.5375,410.25,Wheat,SDB,CT,OI,Yes
11.1750001907349,659.100036621094,6.42099976539612,6.67899990081787,16.1700000762939,1,4184.96225,240.725659822102,Wheat,SDB,CT,OI,Yes
11.7250003814697,636.099975585938,6.27499997615814,7.67700004577637,18.5799999237061,1,3767.3275,282.15,Wheat,SDB,CT,OI,Yes
12.341667175293,640.200012207031,6.82900011539459,7.51700019836426,21.7000007629395,1,3233.6125,309.0,Wheat,SDB,CT,OI,Yes
15.3083333969116,598.400024414062,7.72700011730194,7.29899978637695,26.3400001525879,1,3810.21347847625,314.209515,Wheat,SDB,CT,OI,Yes
15.3083333969116,598.400024414062,6.29999995231628,6.5,9.0,1,3434.21127838,257.07087,Wheat,SDB,CT,OI,Yes
14.9499998092651,602.600036621094,7.44599997997284,7.99399995803833,30.1200008392334,1,3731.73559558375,233.26878,Wheat,SDB,CT,OI,Yes
11.375,640.900024414062,8.97000014781952,7.86299991607666,14.5600004196167,1,2446.7825695225,147.4326,Wheat,SDB,CT,OI,Yes
15.0083332061768,603.799987792969,6.03799998760223,7.93300008773804,16.7999992370605,1,3398.4017980825,258.32286,Wheat,SDB,CT,OI,Yes
15.1166667938232,552.300048828125,6.38500034809113,7.89300012588501,15.6099996566772,1,2787.38503741,193.772715,Wheat,SDB,CT,OI,Yes
15.2333335876465,568.799987792969,5.49899995326996,8.04500007629395,17.2399997711182,1,3393.59693017375,494.866365,Wheat,SDB,CT,OI,Yes
15.3083333969116,598.400024414062,6.36799991130829,6.54099988937378,9.85999965667725,1,3544.14443796625,465.284745,Wheat,SDB,CT,OI,Yes
15.1166667938232,552.300048828125,6.12500011920929,8.00800037384033,16.7600002288818,1,3691.4959385125,303.82146,Wheat,SDB,CT,OI,Yes
15.3083333969116,598.400024414062,6.73500001430511,6.59999990463257,13.25,1,3506.9195628925,284.112165,Wheat,SDB,CT,OI,Yes
15.2333335876465,568.799987792969,6.46600008010864,7.92899990081787,24.7199993133545,1,3974.338214365,250.91799,Wheat,SDB,CT,OI,Yes
14.2416667938232,584.200012207031,4.15200024843216,8.1540002822876,13.3800001144409,1,2932.269979885,155.465085,Wheat,SDB,CT,OI,Yes
14.8000001907349,523.200012207031,4.62999999523163,5.38500022888184,16.8333339691162,1,3494.66875,246.0,Wheat,SDB,CT,OI,Yes
15.0666666030884,552.100036621094,4.03899997472763,8.16800022125244,13.289999961853,1,3728.987850925,240.038595,Wheat,SDB,CT,OI,Yes
15.0666666030884,552.100036621094,6.4819997549057,7.86499977111816,19.9200000762939,1,3741.221875,286.803645,Wheat,SDB,CT,OI,Yes
15.0666666030884,552.100036621094,6.57499969005585,6.61100006103516,10.4399995803833,1,3745.46942842375,229.70742,Wheat,SDB,CT,OI,Yes
15.0666666030884,552.100036621094,7.21700012683868,7.69299983978271,19.7800006866455,1,3464.7551032825,266.514465,Wheat,SDB,CT,OI,Yes
15.0666666030884,552.100036621094,5.86800038814545,7.96799993515015,21.1599998474121,1,3748.21133122375,232.45827,Wheat,SDB,CT,OI,Yes
14.8000001907349,523.200012207031,4.62999999523163,5.38500022888184,16.8333339691162,1,3729.64888595875,224.45262,Wheat,SDB,CT,OI,Yes
15.1666669845581,544.400024414062,6.04499995708466,7.92500019073486,17.7299995422363,1,3745.74498779875,266.18271,Wheat,SDB,CT,OI,Yes
15.3083333969116,559.5,5.77699959278107,7.9539999961853,19.5300006866455,1,3182.2691518075,190.15275,Wheat,SDB,CT,OI,Yes
15.0749998092651,543.200012207031,5.66200017929077,8.03800010681152,16.2800006866455,1,3538.4275439425,206.86143,Wheat,SDB,CT,OI,Yes
15.3083333969116,559.5,5.80900013446808,7.90100002288818,19.6200008392334,1,3203.06182382125,228.82212,Wheat,SDB,CT,OI,Yes
15.3083333969116,559.5,5.53600013256073,7.96299982070923,18.9099998474121,1,3484.7023997425,267.744885,Wheat,SDB,CT,OI,Yes
15.1166667938232,552.300048828125,6.15799963474274,8.01599979400635,19.6200008392334,1,3512.7493125,240.725659822102,Wheat,SDB,CT,OI,Yes
14.9416666030884,546.799987792969,5.60899972915649,8.08699989318848,15.4799995422363,1,3719.19103059625,309.11847,Wheat,SDB,CT,OI,Yes
15.091667175293,565.900024414062,5.40800034999847,7.96600008010864,17.7800006866455,1,3317.8494462025,238.28094,Wheat,SDB,CT,OI,Yes
15.3083333969116,559.5,5.90399980545044,8.03800010681152,19.0200004577637,1,2992.9680525475,205.888875,Wheat,SDB,CT,OI,Yes
15.2333335876465,568.799987792969,8.5809999704361,7.19000005722046,16.5,1,3316.73725955875,295.61232,Wheat,SDB,CT,OI,Yes
13.9833335876465,510.300018310547,4.18099999427795,8.14099979400635,13.5299997329712,1,3402.76147806625,250.80639,Wheat,SDB,CT,OI,Yes
12.3916664123535,467.600006103516,8.37700009346008,7.05600023269653,19.3999996185303,1,3511.98325,240.725659822102,Wheat,SDB,CT,OI,Yes
13.9833335876465,510.300018310547,6.30499958992004,7.19600009918213,14.25,1,3516.16560416667,240.725659822102,Wheat,SDB,CT,OI,Yes
13.5,486.300018310547,5.62300026416779,7.78599977493286,15.8299999237061,1,3246.62538249625,219.887715,Wheat,SDB,CT,OI,Yes
14.4333333969116,562.0,5.314000248909,7.97000026702881,17.3999996185303,1,3472.2199197325,195.129825,Wheat,SDB,CT,OI,Yes
13.9833335876465,510.300018310547,6.12600028514862,7.60400009155273,21.3099994659424,1,3413.3801150725,269.41083,Wheat,SDB,CT,OI,Yes
14.2916669845581,517.5,6.25800013542175,6.71000003814697,10.2600002288818,1,3715.8594713425,377.58837,Wheat,SDB,CT,OI,Yes
14.4333333969116,562.0,8.99399995803833,5.93800020217896,31.2682933807373,1,3253.673477755,228.74466,Wheat,SDB,CT,OI,Yes
13.9833335876465,510.300018310547,6.49999976158142,8.0,21.0,1,3308.228571985,200.772405,Wheat,SDB,CT,OI,Yes
13.5,486.300018310547,6.78900003433228,7.19099998474121,15.4700002670288,1,3510.85604168875,286.83144,Wheat,SDB,CT,OI,Yes
14.7166662216187,566.099975585938,4.86299991607666,8.13199996948242,11.6400003433228,1,3469.54231218625,354.26751,Wheat,SDB,CT,OI,Yes
14.2916669845581,517.5,4.56200003623962,7.84499979019165,12.7799997329712,1,3428.77852958125,290.65212,Wheat,SDB,CT,OI,Yes
14.7333335876465,538.600036621094,5.58099985122681,7.29099988937378,9.65999984741211,1,3632.95435871125,301.16859,Wheat,SDB,CT,OI,Yes
14.091667175293,551.700012207031,5.06900012493134,8.14700031280518,12.1199998855591,1,3374.49139508875,202.23105,Wheat,SDB,CT,OI,Yes
13.9833335876465,510.300018310547,6.02699995040894,7.875,16.4699993133545,1,3358.49177963875,227.777685,Wheat,SDB,CT,OI,Yes
13.5,486.300018310547,6.19199991226196,7.63500022888184,16.7199993133545,1,3724.05887107375,211.294065,Wheat,SDB,CT,OI,Yes
14.7333335876465,538.600036621094,8.56199979782104,6.60200023651123,19.6200008392334,1,3588.35520729625,247.04124,Wheat,SDB,CT,OI,Yes
13.9833335876465,510.300018310547,6.29999995231628,6.5,9.0,1,3420.16841875375,294.832395,Wheat,SDB,CT,OI,Yes
5.51666688919067,371.100006103516,12.3360002040863,7.35599994659424,21.6000003814697,1,1609.2625,68.55,Wheat,SDB,CT,OI,Yes
4.99166679382324,358.300018310547,12.5660002231598,7.41900014877319,22.0900001525879,1,1380.319177665,31.033435,Wheat,SDB,CT,OI,Yes
4.11666679382324,378.100006103516,13.4899997711182,5.87100028991699,26.8255805969238,1,1755.3578268775,36.588515,Wheat,SDB,CT,OI,Yes
5.50833320617676,329.600006103516,14.2620003223419,7.17000007629395,24.3799991607666,1,1443.920632855,35.318705,Wheat,SDB,CT,OI,Yes
6.32500028610229,482.399993896484,6.78699970245361,7.96000003814697,19.9500007629395,1,3363.00186111111,240.725659822102,Wheat,SDB,CT,OI,Yes
8.85833358764648,421.700012207031,19.9390006065369,6.04400014877319,7.09375,1,4451.875,426.0,Wheat,SDB,CT,OI,Yes
7.34166669845581,428.399993896484,4.4420000910759,7.30399990081787,13.4099998474121,1,1666.63515113125,67.14153,Wheat,SDB,CT,OI,Yes
6.51666688919067,419.900024414062,6.20899975299835,6.47800016403198,13.9700002670288,1,2537.4625,171.9,Wheat,SDB,CT,OI,Yes
14.7583332061768,651.099975585938,5.6580001115799,7.98099994659424,17.8099994659424,1,2796.41684782609,240.725659822102,Wheat,SDB,CT,OI,Yes
14.5250005722046,628.299987792969,5.18100023269653,7.92600011825562,16.2700004577637,1,3059.218,240.725659822102,Wheat,SDB,CT,OI,Yes
14.7416667938232,646.299987792969,6.21600031852722,7.97499990463257,22.9699993133545,1,3521.27922298,256.176975,Wheat,SDB,CT,OI,Yes
13.9500007629395,629.0,4.75800007581711,7.93100023269653,17.3099994659424,1,3196.974380755,249.73332,Wheat,SDB,CT,OI,Yes
14.4833335876465,647.300048828125,5.31599998474121,7.96199989318848,17.6200008392334,1,3209.5872380575,214.841085,Wheat,SDB,CT,OI,Yes
14.7166662216187,566.099975585938,5.64000010490417,7.98000001907349,17.7999992370605,1,3772.58379797875,259.881135,Wheat,SDB,CT,OI,Yes
14.7583332061768,651.099975585938,5.51400005817413,7.97300004959106,17.7299995422363,1,3278.514175,240.725659822102,Wheat,SDB,CT,OI,Yes
14.6000003814697,569.200012207031,5.56800007820129,7.97599983215332,17.7600002288818,1,3873.1798804975,319.069005,Wheat,SDB,CT,OI,Yes
14.4416666030884,609.5,6.21800005435944,7.7350001335144,14.4799995422363,1,3372.83067125125,212.62446,Wheat,SDB,CT,OI,Yes
14.4833335876465,647.300048828125,5.48799991607666,7.97100019454956,17.7700004577637,1,2834.88601468375,208.47828,Wheat,SDB,CT,OI,Yes
14.7583332061768,651.099975585938,5.26199996471405,7.95900011062622,17.5900001525879,1,3416.0441883025,236.434125,Wheat,SDB,CT,OI,Yes
14.4750003814697,597.300048828125,5.33399999141693,7.96299982070923,17.6299991607666,1,3403.38034381375,249.396525,Wheat,SDB,CT,OI,Yes
14.4833335876465,647.300048828125,6.18000030517578,7.93599987030029,27.7999992370605,1,2249.27767318375,134.624445,Wheat,SDB,CT,OI,Yes
14.4416666030884,609.5,6.00000023841858,8.0,18.0,1,3318.818359375,182.731245,Wheat,SDB,CT,OI,Yes
14.091667175293,551.700012207031,5.39200007915497,8.0959997177124,14.1599998474121,1,3574.8448444075,242.341665,Wheat,SDB,CT,OI,Yes
14.3916664123535,565.400024414062,4.69799995422363,7.98699998855591,12.9499998092651,1,2828.93136363636,240.725659822102,Wheat,SDB,CT,OI,Yes
13.9416666030884,542.0,5.41400015354156,8.07800006866455,14.1899995803833,1,3302.06413472875,240.07041,Wheat,SDB,CT,OI,Yes
14.5250005722046,628.299987792969,5.18999993801117,7.95499992370605,17.5499992370605,1,2987.86509901,126.47916,Wheat,SDB,CT,OI,Yes
14.4750003814697,597.300048828125,5.65500020980835,7.9539999961853,16.3700008392334,1,2872.92417279625,208.04829,Wheat,SDB,CT,OI,Yes
13.9750003814697,517.0,6.15299999713898,7.88899993896484,22.3400001525879,1,3494.2136187325,223.941735,Wheat,SDB,CT,OI,Yes
14.091667175293,551.700012207031,6.70300006866455,8.0,23.5100002288818,1,2921.752313635,240.228105,Wheat,SDB,CT,OI,Yes
13.9416666030884,542.0,5.38900017738342,7.84600019454956,12.4399995803833,1,3278.3197751125,242.86377,Wheat,SDB,CT,OI,Yes
14.9833335876465,555.099975585938,5.77499985694885,8.05000019073486,18.75,1,3988.95892490125,243.275505,Wheat,SDB,CT,OI,Yes
14.9833335876465,555.099975585938,5.53400039672852,7.97300004959106,17.8500003814697,1,3667.22399001625,250.24338,Wheat,SDB,CT,OI,Yes
14.7166662216187,566.099975585938,7.35700011253357,7.98699998855591,30.3400001525879,1,3544.4670860875,236.639595,Wheat,SDB,CT,OI,Yes
14.7166662216187,566.099975585938,5.06900012493134,8.14700031280518,12.1199998855591,1,3681.93351188875,287.40498,Wheat,SDB,CT,OI,Yes
14.7166662216187,566.099975585938,5.39200007915497,8.0959997177124,14.1599998474121,1,3709.8041730025,252.45369,Wheat,SDB,CT,OI,Yes
14.9416666030884,546.799987792969,6.12100005149841,7.99700021743774,19.0200004577637,1,3690.3145719625,292.68921,Wheat,SDB,CT,OI,Yes
14.6000003814697,569.200012207031,4.63899999856949,8.11499977111816,12.1000003814697,1,3037.30275,240.725659822102,Wheat,SDB,CT,OI,Yes
14.6000003814697,569.200012207031,5.69800019264221,8.05399990081787,16.0799999237061,1,3587.35983333333,240.725659822102,Wheat,SDB,CT,OI,Yes
14.7166662216187,566.099975585938,5.13300001621246,8.10999965667725,13.25,1,4003.88109739375,275.597355,Wheat,SDB,CT,OI,Yes
10.8333339691162,660.700012207031,6.37600004673004,7.9520001411438,21.3199996948242,1,3191.92,140.454957655258,Wheat,SDB,CT,OI,Yes
9.875,651.299987792969,6.32699966430664,8.01399993896484,20.3700008392334,1,2754.544,140.454957655258,Wheat,SDB,CT,OI,Yes
10.841667175293,638.200012207031,4.46400016546249,8.12800025939941,14.1599998474121,1,2731.135,140.454957655258,Wheat,SDB,CT,OI,Yes
11.5833330154419,684.5,6.39499962329865,8.0,20.3700008392334,1,2480.27384615385,140.454957655258,Wheat,SDB,CT,OI,Yes
12.7333335876465,686.900024414062,6.2169998884201,7.97900009155273,20.0300006866455,1,2426.1975,140.454957655258,Wheat,SDB,CT,OI,Yes
11.8166666030884,633.400024414062,5.02099990844727,8.10200023651123,16.4099998474121,1,2332.97499865,72.307635,Wheat,SDB,CT,OI,Yes
11.8166666030884,633.400024414062,4.58400011062622,8.12800025939941,14.8800001144409,1,1999.4124980875,81.02499,Wheat,SDB,CT,OI,Yes
11.0666666030884,527.600036621094,5.36400020122528,8.04800033569336,16.4799995422363,1,3013.0375,205.239795,Wheat,SDB,CT,OI,Yes
10.8666667938232,586.299987792969,13.970000743866,7.75,20.0,1,2275.195,140.454957655258,Wheat,SDB,CT,OI,Yes
10.0583333969116,541.5,5.25799989700317,8.08899974822998,15.5699996948242,1,3385.975,103.5,Wheat,SDB,CT,OI,Yes
14.1833333969116,627.100036621094,5.23800015449524,8.07600021362305,16.6200008392334,1,2878.871926225,146.117805,Wheat,SDB,CT,OI,Yes
14.1833333969116,627.100036621094,6.29700005054474,8.01399993896484,20.3700008392334,1,1708.6980204625,55.890825,Wheat,SDB,CT,OI,Yes
13.7750005722046,640.700012207031,5.39699971675873,8.07400035858154,17.4899997711182,1,2281.9917285625,140.56788,Wheat,SDB,CT,OI,Yes
12.5500001907349,614.799987792969,4.94000017642975,8.10000038146973,15.8400001525879,1,2714.5945811875,170.11335,Wheat,SDB,CT,OI,Yes
13.6666669845581,594.5,6.83499991893768,7.85900020599365,19.1700000762939,1,2842.22392857143,140.454957655258,Wheat,SDB,CT,OI,Yes
12.7333335876465,693.600036621094,5.04999995231628,8.10000038146973,16.5,1,2700.86285714286,140.454957655258,Wheat,SDB,CT,OI,Yes
12.7333335876465,693.600036621094,4.5100000500679,8.05000019073486,16.2199993133545,1,2051.531563675,177.73794,Wheat,SDB,CT,OI,Yes
13.7750005722046,640.700012207031,5.2539998292923,7.7480001449585,17.8125,1,2591.02851655,201.21255,Wheat,SDB,CT,OI,Yes
13.6666669845581,697.5,4.42800015211105,7.875,14.1300001144409,1,2315.5672802125,133.462815,Wheat,SDB,CT,OI,Yes
14.2250003814697,680.0,4.52800005674362,8.13599967956543,14.8800001144409,1,2558.9748712,149.749995,Wheat,SDB,CT,OI,Yes
14.6916666030884,707.5,9.42499995231628,6.97000026702881,22.1000003814697,1,3190.46934325,198.545385,Wheat,SDB,CT,OI,Yes
12.5500001907349,614.799987792969,4.33200001716614,8.13399982452393,14.460000038147,1,2072.929,140.454957655258,Wheat,SDB,CT,OI,Yes
13.6666669845581,594.5,5.04199981689453,8.0939998626709,16.2000007629395,1,2630.288875,178.95,Wheat,SDB,CT,OI,Yes
12.4166669845581,641.799987792969,6.18099987506866,8.0019998550415,19.1700000762939,1,2174.9158643125,138.92649,Wheat,SDB,CT,OI,Yes
13.6666669845581,594.5,4.75899994373322,8.125,14.3599996566772,1,2504.6647978,141.64788,Wheat,SDB,CT,OI,Yes
12.6500005722046,570.200012207031,6.19799971580505,8.00599956512451,19.4400005340576,1,2638.8931455625,135.000255,Wheat,SDB,CT,OI,Yes
12.6500005722046,570.200012207031,7.87199974060059,7.50699996948242,20.5900001525879,1,2283.7375,140.454957655258,Wheat,SDB,CT,OI,Yes
10.716667175293,638.5,7.77499973773956,7.46799993515015,26.8500003814697,1,2203.1673028375,105.0,Wheat,SDB,CT,OI,Yes
12.4166669845581,641.799987792969,4.64399993419647,8.12800025939941,15.2399997711182,1,2149.0561715125,120.37233,Wheat,SDB,CT,OI,Yes
10.7416667938232,620.400024414062,6.09399974346161,8.02799987792969,19.7399997711182,1,1825.2964019875,165.073965,Wheat,SDB,CT,OI,Yes
12.5500001907349,614.799987792969,5.91399967670441,8.03800010681152,19.0799999237061,1,1893.0735927625,150.15204,Wheat,SDB,CT,OI,Yes
10.7416667938232,620.400024414062,6.14199995994568,8.01399993896484,19.4400005340576,1,2154.325,140.454957655258,Wheat,SDB,CT,OI,Yes
10.2833337783813,571.799987792969,6.10499978065491,8.02000045776367,19.4699993133545,1,2251.8625,140.454957655258,Wheat,SDB,CT,OI,Yes
10.2833337783813,571.799987792969,7.75999963283539,7.42400026321411,20.2800006866455,1,2077.50625,140.454957655258,Wheat,SDB,CT,OI,Yes
10.3333330154419,636.900024414062,5.51400005817413,8.06799983978271,17.9400005340576,1,2565.87109375,140.454957655258,Wheat,SDB,CT,OI,Yes
10.8666667938232,586.299987792969,5.71699976921082,8.05399990081787,18.5699996948242,1,1481.4167346625,124.34745,Wheat,SDB,CT,OI,Yes
10.8666667938232,586.299987792969,6.21900022029877,8.00800037384033,18.6000003814697,1,2014.2399996625,76.764705,Wheat,SDB,CT,OI,Yes
4.55000019073486,284.700012207031,13.1239998340607,7.51600027084351,22.0,1,1391.88692125,38.03403,Wheat,SDB,CT,OI,Yes
7.41666698455811,176.0,11.7870008945465,7.42600011825562,20.9099998474121,1,1647.99133333333,90.688113563401,Wheat,SDB,CT,OI,Yes
5.95000028610229,273.800018310547,20.9019994735718,6.84299993515015,36.8400001525879,1,2283.08513503,225.357555,Wheat,SDB,CT,OI,Yes
4.81666660308838,197.900009155273,12.0000004768372,7.30000019073486,21.0,1,1692.40698655,46.87389,Wheat,SDB,CT,OI,Yes
5.29166650772095,173.800003051758,14.1999995708466,8.0,26.0,1,1469.92524343,38.06923,Wheat,SDB,CT,OI,Yes
5.59166669845581,331.300018310547,4.35900002717972,6.8439998626709,19.25,1,1603.74136342,31.52181,Wheat,SDB,CT,OI,Yes
5.60833358764648,331.600006103516,6.78000032901764,7.2649998664856,15.4499998092651,1,1643.42868928,102.301305,Wheat,SDB,CT,OI,Yes
4.30833339691162,324.800018310547,16.9729995727539,7.42600011825562,25.1000003814697,1,1708.95233005,45.92121,Wheat,SDB,CT,OI,Yes
8.05833339691162,322.5,4.54800009727478,8.16399955749512,10.039999961853,1,1831.44025099,93.667785,Wheat,SDB,CT,OI,Yes
8.60833358764648,383.800018310547,4.09999996423721,8.30000019073486,6.0,1,2110.465,149.25,Wheat,SDB,CT,OI,Yes
8.47500038146973,450.0,5.20900011062622,7.610999584198,7.5858588218689,1,2110.465,149.25,Wheat,SDB,CT,OI,Yes
8.60000038146973,374.400024414062,4.71400022506714,6.26599979400635,10.0631580352783,1,2388.925,343.5,Wheat,SDB,CT,OI,Yes
2.04166674613953,422.300018310547,13.9789998531342,7.33800029754639,22.2399997711182,1,1592.99689864,58.712295,Wheat,SDB,CT,OI,Yes
8.64999961853027,283.899993896484,4.77400004863739,7.94400024414062,17.4599990844727,1,2505.23483959,290.83563,Wheat,SDB,CT,OI,Yes
8.90000057220459,249.200012207031,4.53599989414215,7.6729998588562,14.0,1,2353.31,90.688113563401,Wheat,SDB,CT,OI,Yes
8.39999961853027,200.600006103516,4.35699999332428,6.45899963378906,6.67999982833862,1,2353.31,90.688113563401,Wheat,SDB,CT,OI,Yes
7.65833330154419,219.0,4.02400016784668,8.18400001525879,5.0,1,2400.39999745,253.767855,Wheat,SDB,CT,OI,Yes
0.450000017881393,426.100006103516,6.23099982738495,8.28499984741211,8.90999984741211,1,2402.491,90.688113563401,Wheat,SDB,CT,OI,Yes
3.42499995231628,632.900024414062,19.5000004768372,6.40000009536743,23.0,1,1996.05925,90.688113563401,Wheat,SDB,CT,OI,Yes
3.52500009536743,469.100006103516,18.48100066185,6.36299991607666,22.9500007629395,1,1702.30892553192,90.688113563401,Wheat,SDB,CT,OI,Yes
-1.70000004768372,493.0,12.6030004024506,6.45700025558472,22.4300003051758,1,2015.01447049,56.02104,Wheat,SDB,CT,OI,Yes
0.450000017881393,426.100006103516,15.3799998760223,7.84000015258789,23.7999992370605,1,1780.38166474,56.28738,Wheat,SDB,CT,OI,Yes
0.650000035762787,392.899993896484,6.86599969863892,6.65999984741211,15.0500001907349,1,2011.86881854,51.02865,Wheat,SDB,CT,OI,Yes
1.70833337306976,285.200012207031,5.74699997901917,6.89900016784668,12.210000038147,1,1921.90472572,47.562315,Wheat,SDB,CT,OI,Yes
0.0999997928738594,507.700012207031,17.0719993114471,6.63899993896484,22.1299991607666,1,2068.4929384,58.370535,Wheat,SDB,CT,OI,Yes
2.75,565.799987792969,17.9270005226135,6.41300010681152,22.8700008392334,1,1884.25681591,42.05454,Wheat,SDB,CT,OI,Yes
-0.783333361148834,497.5,21.1940002441406,6.78500032424927,24.5400009155273,1,1880.72994865,45.623205,Wheat,SDB,CT,OI,Yes
9.48333358764648,97.7000045776367,5.71900010108948,7.71299982070923,30.5699996948242,1,1586.8718,90.688113563401,Wheat,SDB,CT,OI,Yes
7.81666660308838,118.600006103516,8.86900007724762,7.76300001144409,25.0699996948242,1,2452.16091694,278.526375,Wheat,SDB,CT,OI,Yes
8.66666698455811,170.199996948242,8.87600004673004,7.14200019836426,18.5463924407959,1,2467.88962294,292.911135,Wheat,SDB,CT,OI,Yes
8.40833377838135,148.400009155273,6.4190000295639,7.34299993515015,28.7578945159912,1,2493.87006946,270.189225,Wheat,SDB,CT,OI,Yes
5.29166698455811,134.300003051758,5.52999973297119,8.14799976348877,20.1200008392334,1,2493.87006946,270.189225,Wheat,SDB,CT,OI,Yes
7.46666669845581,133.600006103516,6.28199994564056,7.57100009918213,15.1700000762939,1,2493.87006946,270.189225,Wheat,SDB,CT,OI,Yes
9.48333358764648,97.7000045776367,10.003000497818,7.7810001373291,23.0900001525879,1,2664.7186027,277.71933,Wheat,SDB,CT,OI,Yes
4.97499990463257,334.900024414062,13.1319999694824,7.28000020980835,22.5,1,1768.221,90.688113563401,Wheat,SDB,CT,OI,Yes
5.19999980926514,342.899993896484,12.1200001239777,7.37000036239624,21.6000003814697,1,1876.18375,32.33499,Wheat,SDB,CT,OI,Yes
4.90833330154419,338.799987792969,10.8880007266998,7.21600008010864,19.4699993133545,1,1382.09535254,33.92494,Wheat,SDB,CT,OI,Yes
4.63333320617676,310.600006103516,12.0160007476807,7.30000019073486,21.0200004577637,1,1460.70491518,36.08996,Wheat,SDB,CT,OI,Yes
5.40833330154419,367.100006103516,12.0000004768372,7.30000019073486,21.0,1,1386.23333002,36.74852,Wheat,SDB,CT,OI,Yes
5.97499990463257,362.5,11.0079991817474,6.27800035476685,22.0,1,1392.31888768,37.921415,Wheat,SDB,CT,OI,Yes
3.53333330154419,380.799987792969,23.4060001373291,6.65000009536743,38.0200004577637,1,1392.31888768,37.921415,Wheat,SDB,CT,OI,Yes
4.97499990463257,334.900024414062,11.7280006408691,7.08100032806396,21.1134014129639,1,1392.31888768,37.921415,Wheat,SDB,CT,OI,Yes
4.94999980926514,261.100006103516,14.6100008487701,7.15000009536743,24.8999996185303,1,1504.57455673,75.908955,Wheat,SDB,CT,OI,Yes
-0.774999976158142,482.899993896484,19.0279996395111,7.16000032424927,22.7399997711182,1,2209.36309993,215.65155,Wheat,SDB,CT,OI,Yes
5.01666688919067,455.600006103516,12.331999540329,7.34600019454956,22.0300006866455,1,2110.465,149.25,Wheat,SDB,CT,OI,Yes
6.65000009536743,442.100006103516,13.9040005207062,7.50400018692017,22.6599998474121,1,2110.465,149.25,Wheat,SDB,CT,OI,Yes
5.77500009536743,434.100006103516,13.5440003871918,7.03200006484985,22.1700000762939,1,1957.72092727273,90.688113563401,Wheat,SDB,CT,OI,Yes
3.55833339691162,257.700012207031,4.00000005960464,6.69999980926514,10.0,1,1723.84567747,39.8709,Wheat,SDB,CT,OI,Yes
2.25,274.800018310547,13.0440008640289,7.24000024795532,22.5599994659424,1,2294.61292307692,90.688113563401,Wheat,SDB,CT,OI,Yes
4.67500019073486,365.200012207031,4.17500019073486,6.7649998664856,10.5500001907349,1,1594.17078604,32.108245,Wheat,SDB,CT,OI,Yes
4.27500009536743,326.800018310547,12.746000289917,7.44900035858154,19.7399997711182,1,1399.2937609,33.3673,Wheat,SDB,CT,OI,Yes
3.97500014305115,329.800018310547,20.9340000152588,6.8100004196167,34.25,1,1406.10352876,34.283615,Wheat,SDB,CT,OI,Yes
3.70833325386047,338.0,8.33999991416931,7.01599979400635,15.4899997711182,1,1516.44821965,36.49565,Wheat,SDB,CT,OI,Yes
7.85000038146973,157.300003051758,4.30000007152557,5.69999980926514,5.0,1,2498.24166655,214.889205,Wheat,SDB,CT,OI,Yes
8.875,89.8000030517578,4.98600006103516,7.04400014877319,26.7199993133545,1,2498.24166655,214.889205,Wheat,SDB,CT,OI,Yes
10.466667175293,27.0,4.62399989366531,7.92700004577637,20.3700008392334,1,2591.22499762,261.0,Wheat,SDB,CT,OI,Yes
8.875,523.200012207031,4.09999996423721,8.30000019073486,6.0,1,1947.16093939394,254.27890281746,Wheat,SDB,CT,OI,Yes
8.875,523.200012207031,7.90399968624115,6.38800001144409,23.1200008392334,1,1977.88457575757,254.27890281746,Wheat,SDB,CT,OI,Yes
10.2916669845581,579.100036621094,8.13899993896484,8.05599975585938,12.5100002288818,1,1992.00288,254.27890281746,Wheat,SDB,CT,OI,Yes
10.6333332061768,599.700012207031,9.55099999904633,8.16499996185303,13.4099998474121,1,3281.425,525.0,Wheat,SDB,CT,OI,Yes
10.4666662216187,557.299987792969,22.1979999542236,6.92199993133545,43.5400009155273,1,1856.2687948718,254.27890281746,Wheat,SDB,CT,OI,Yes
10.2083339691162,487.800018310547,6.94999992847443,7.31500005722046,20.3600006103516,1,1802.493,254.27890281746,Wheat,SDB,CT,OI,Yes
10.091667175293,521.799987792969,12.6719999313354,6.38400030136108,23.0400009155273,1,1936.51344444444,254.27890281746,Wheat,SDB,CT,OI,Yes
9.35000038146973,478.299987792969,8.3789998292923,6.84499979019165,21.9500007629395,1,1852.54241666667,254.27890281746,Wheat,SDB,CT,OI,Yes
9.58333396911621,525.299987792969,6.71800017356873,7.91400003433228,13.0100002288818,1,1869.47377272727,254.27890281746,Wheat,SDB,CT,OI,Yes
8.93333339691162,454.0,7.16199994087219,6.94500017166138,22.8400001525879,1,1946.7975,254.27890281746,Wheat,SDB,CT,OI,Yes
9.14999961853027,512.200012207031,6.97899997234344,7.60900020599365,20.8799991607666,1,1904.4114,254.27890281746,Wheat,SDB,CT,OI,Yes
9.14999961853027,512.200012207031,6.02400004863739,7.92799997329712,20.4599990844727,1,2118.29596636,174.846765,Wheat,SDB,CT,OI,Yes
10.125,453.800018310547,6.37699961662292,7.50999975204468,21.8999996185303,1,1839.89004347826,254.27890281746,Wheat,SDB,CT,OI,Yes
8.85833358764648,566.700012207031,6.36099994182587,7.96600008010864,20.0100002288818,1,2045.22126666667,254.27890281746,Wheat,SDB,CT,OI,Yes
8.11666679382324,519.200012207031,4.13100004196167,7.9060001373291,8.44999980926514,1,1550.808,165.0,Wheat,SDB,CT,OI,Yes
6.90833330154419,483.5,14.6800005435944,6.73400020599365,27.3595504760742,1,1611.05331578947,165.0,Wheat,SDB,CT,OI,Yes
7.16666698455811,454.700012207031,12.4609994888306,7.76399993896484,27.3799991607666,1,1643.83468421053,165.0,Wheat,SDB,CT,OI,Yes
7.70000028610229,462.299987792969,12.1299993991852,7.70800018310547,25.0,1,1590.911,165.0,Wheat,SDB,CT,OI,Yes
7.54166698455811,445.899993896484,13.5409998893738,7.6540002822876,22.2783508300781,1,1644.71883333333,165.0,Wheat,SDB,CT,OI,Yes
6.80833339691162,458.800018310547,14.1149997711182,5.91599988937378,22.9529418945312,1,1614.01683333333,165.0,Wheat,SDB,CT,OI,Yes
5.80000019073486,715.400024414062,10.6940007209778,6.7790002822876,21.9699993133545,1,1547.595,165.0,Wheat,SDB,CT,OI,Yes
5.625,551.799987792969,21.1159992218018,7.03800010681152,27.3600006103516,1,2165.8,116.625,Wheat,SDB,CT,OI,Yes
6.79166650772095,393.300018310547,6.94700002670288,7.11899995803833,19.1770839691162,1,1748.04474193548,71.7677603062304,Wheat,SDB,CT,OI,Yes
3.42499995231628,492.399993896484,17.4699997901917,6.92500019073486,22.6499996185303,1,1825.65833254,51.499995,Wheat,SDB,CT,OI,Yes
2.00000023841858,628.900024414062,28.1550002098083,6.2960000038147,20.0400009155273,1,2025.25473346,137.486835,Wheat,SDB,CT,OI,Yes
4.55000019073486,574.200012207031,17.0350003242493,6.31699991226196,22.9200000762939,1,2086.64574937,91.919115,Wheat,SDB,CT,OI,Yes
5.33333349227905,648.200012207031,15.7310009002686,6.29300022125244,21.5499992370605,1,2206.82805660377,71.7677603062304,Wheat,SDB,CT,OI,Yes
3.95000004768372,682.299987792969,8.72500002384186,6.60400009155273,18.5599994659424,1,1722.52499881,56.57499,Wheat,SDB,CT,OI,Yes
5.75833320617676,412.200012207031,22.0920014381409,6.14400005340576,35.2400016784668,1,1814.3454,71.7677603062304,Wheat,SDB,CT,OI,Yes
17.2333335876465,1298.59997558594,7.34000027179718,6.68800020217896,15.9888887405396,1,2682.37011363636,267.0,Wheat,SDB,CT,OI,Yes
16.9750003814697,1371.40002441406,10.4970002174377,6.8120002746582,36.8199996948242,1,2023.72675,267.0,Wheat,SDB,CT,OI,Yes
17.7583332061768,1362.59997558594,11.2000000476837,7.80000019073486,21.0,1,2707.27284375,267.0,Wheat,SDB,CT,OI,Yes
16.8166675567627,1319.20007324219,6.98000013828278,4.74399995803833,21.0483875274658,1,2362.34253129,237.81972,Wheat,SDB,CT,OI,Yes
16.8999996185303,1413.60009765625,9.96399998664856,6.89200019836426,21.2666664123535,1,2719.64324201625,258.11412,Wheat,SDB,CT,OI,Yes
15.6666669845581,820.0,6.17200016975403,7.95800018310547,26.1200008392334,1,3211.18005555555,267.321430831315,Wheat,SDB,CT,OI,Yes
15.841667175293,940.5,6.96600019931793,7.61199998855591,20.3099994659424,1,3342.44927884616,267.321430831315,Wheat,SDB,CT,OI,Yes
16.3666667938232,1021.10003662109,4.24199998378754,8.28999996185303,6.30000019073486,1,3283.88434084875,353.977695,Wheat,SDB,CT,OI,Yes
15.7250003814697,965.099975585938,8.88200044631958,7.34600019454956,28.75,1,3385.9929622425,254.660265,Wheat,SDB,CT,OI,Yes
16.9250011444092,1369.30004882812,11.2000000476837,7.80000019073486,21.0,1,2711.51545454546,267.321430831315,Wheat,SDB,CT,OI,Yes
17.1499996185303,1424.40002441406,12.5529992580414,6.27199983596802,31.0200004577637,1,2282.50354490625,248.54349,Wheat,SDB,CT,OI,Yes
16.7333335876465,1277.90002441406,12.0609998703003,5.58500003814697,30.9393939971924,1,2795.011171875,206.25,Wheat,SDB,CT,OI,Yes
16.7333335876465,1277.90002441406,7.80400037765503,7.9520001411438,25.0200004577637,1,3107.71872470625,188.50644,Wheat,SDB,CT,OI,Yes
17.2083339691162,1384.80004882812,12.2940003871918,4.7039999961853,31.1000003814697,1,2552.5640151825,233.983425,Wheat,SDB,CT,OI,Yes
16.9750003814697,1371.40002441406,10.3519999980927,7.84500026702881,21.8999996185303,1,2792.709,238.512,Wheat,SDB,CT,OI,Yes
16.25,1261.0,8.31000030040741,7.73000001907349,17.8500003814697,1,3256.93295833333,267.321430831315,Wheat,SDB,CT,OI,Yes
15.1166667938232,946.600036621094,8.125,6.44899988174438,20.0599994659424,1,3259.22782086,272.093955,Wheat,SDB,CT,OI,Yes
15.4416666030884,1018.20001220703,9.80500042438507,7.92000007629395,33.3600006103516,1,3168.61947226125,303.505815,Wheat,SDB,CT,OI,Yes
15.8249998092651,1076.40002441406,4.62099999189377,8.25500011444092,7.5,1,3005.55365476191,267.321430831315,Wheat,SDB,CT,OI,Yes
16.2416667938232,1048.30004882812,9.85000014305115,5.78299999237061,33.4827575683594,1,2344.0614516129,267.321430831315,Wheat,SDB,CT,OI,Yes
16.125,1073.30004882812,7.77999997138977,4.99200010299683,21.3768119812012,1,2354.85655263158,267.321430831315,Wheat,SDB,CT,OI,Yes
15.9833335876465,1239.80004882812,7.80600011348724,7.64400005340576,23.3199996948242,1,2906.7375625,267.321430831315,Wheat,SDB,CT,OI,Yes
15.2750005722046,1057.5,7.6280003786087,8.0,30.7600002288818,1,3164.15080317375,300.454815,Wheat,SDB,CT,OI,Yes
16.125,1073.30004882812,11.978999376297,6.52899980545044,30.4300003051758,1,3532.6993322325,277.76556,Wheat,SDB,CT,OI,Yes
16.6749992370605,1346.20007324219,11.1699998378754,7.69000005722046,20.9500007629395,1,2971.35544337625,219.971025,Wheat,SDB,CT,OI,Yes
16.4166679382324,1147.40002441406,10.485999584198,7.48000001907349,22.5416660308838,1,3260.8978129275,283.866165,Wheat,SDB,CT,OI,Yes
16.6749992370605,1346.20007324219,11.0199999809265,7.14000034332275,20.7000007629395,1,3018.53785,267.321430831315,Wheat,SDB,CT,OI,Yes
16.658332824707,1300.30004882812,11.0080003738403,7.09600019454956,20.6800003051758,1,2522.40892649625,193.83219,Wheat,SDB,CT,OI,Yes
16.658332824707,1300.30004882812,9.1839998960495,6.39600038528442,21.0,1,2995.5275,267.321430831315,Wheat,SDB,CT,OI,Yes
16.283332824707,1228.5,11.6550004482269,4.77099990844727,46.0666656494141,1,3318.92470646625,296.373705,Wheat,SDB,CT,OI,Yes
16.8166675567627,1319.20007324219,6.98000013828278,4.74399995803833,21.0483875274658,1,3108.538468425,198.48252,Wheat,SDB,CT,OI,Yes
16.533332824707,1343.80004882812,6.08399987220764,7.2480001449585,11.9200000762939,1,3665.146875,227.7,Wheat,SDB,CT,OI,Yes
16.2333335876465,1010.5,5.61900019645691,8.06500053405762,12.8500003814697,1,3381.50530769231,267.321430831315,Wheat,SDB,CT,OI,Yes
15.6750001907349,999.400024414062,6.44900023937225,6.50899982452393,24.1204814910889,1,3349.242809385,303.317745,Wheat,SDB,CT,OI,Yes
15.841667175293,1052.5,6.44500017166138,8.08500003814697,13.3500003814697,1,3076.13903842125,247.926555,Wheat,SDB,CT,OI,Yes
16.5583343505859,1017.70001220703,12.1379995346069,6.02600002288818,38.4099998474121,1,3212.53197854625,320.110965,Wheat,SDB,CT,OI,Yes
17.9833335876465,1542.90002441406,6.78999960422516,6.21799993515015,14.2386360168457,1,3070.19745,196.962878732494,Wheat,SDB,CT,OI,Yes
17.1833343505859,1660.90002441406,17.8349995613098,5.93400001525879,30.5957450866699,1,1821.41003934,173.06379,Wheat,SDB,CT,OI,Yes
18.3833332061768,1660.80004882812,19.2750000953674,6.41000032424927,35.2099990844727,1,2782.022375,196.962878732494,Wheat,SDB,CT,OI,Yes
17.9916667938232,1497.09997558594,12.2500002384186,6.5620002746582,23.9500007629395,1,2631.12116666667,196.962878732494,Wheat,SDB,CT,OI,Yes
17.125,1621.80004882812,13.5060000419617,5.93400001525879,21.75,1,2539.26166666667,196.962878732494,Wheat,SDB,CT,OI,Yes
17.9333343505859,1768.90002441406,21.4039993286133,4.76100015640259,43.7653045654297,1,1581.82343522625,167.49999,Wheat,SDB,CT,OI,Yes
17.9333343505859,1768.90002441406,14.1069996356964,5.85000038146973,41.1134033203125,1,2212.72085,196.962878732494,Wheat,SDB,CT,OI,Yes
17.716667175293,1282.80004882812,10.6710004806519,5.98600006103516,34.0499992370605,1,2325.32808228,190.43571,Wheat,SDB,CT,OI,Yes
17.716667175293,1282.80004882812,6.54500007629395,5.56599998474121,21.7808227539062,1,3183.75265909091,196.962878732494,Wheat,SDB,CT,OI,Yes
17.716667175293,1282.80004882812,11.7840003967285,5.46399974822998,23.1900005340576,1,3049.324425,196.962878732494,Wheat,SDB,CT,OI,Yes
17.0583343505859,1490.60009765625,16.2870001792908,6.92200040817261,29.0699996948242,1,3090.94231818182,196.962878732494,Wheat,SDB,CT,OI,Yes
16.8999996185303,1413.60009765625,6.20400011539459,5.01399993896484,27.452054977417,1,2746.74341342625,216.776685,Wheat,SDB,CT,OI,Yes
17.0583343505859,1490.60009765625,14.5589995384216,6.24200010299683,22.4300003051758,1,2833.88913888889,196.962878732494,Wheat,SDB,CT,OI,Yes
17.9583339691162,1553.0,21.3800001144409,5.97500038146973,36.6300010681152,1,2807.488375,196.962878732494,Wheat,SDB,CT,OI,Yes
17.9833335876465,1575.30004882812,14.2620003223419,6.57100009918213,24.6599998474121,1,2107.6281204525,125.412495,Wheat,SDB,CT,OI,Yes
17.9833335876465,1575.30004882812,15.3280007839203,6.32600021362305,19.4799995422363,1,2365.174032165,132.23076,Wheat,SDB,CT,OI,Yes
18.2250003814697,1889.09997558594,27.2829985618591,5.03700017929077,37.7200012207031,1,2225.02941666667,196.962878732494,Wheat,SDB,CT,OI,Yes
17.125,1621.80004882812,18.7800002098083,5.82000017166138,32.6161613464355,1,2423.90675,196.962878732494,Wheat,SDB,CT,OI,Yes
17.125,1621.80004882812,12.2889995574951,6.11400032043457,23.7700004577637,1,2519.4869280975,135.40908,Wheat,SDB,CT,OI,Yes
17.658332824707,1631.90002441406,13.5089993476868,6.29400014877319,27.5100002288818,1,3490.35234375,180.609375,Wheat,SDB,CT,OI,Yes
17.5833339691162,1799.30004882812,22.9690003395081,5.19600009918213,35.75,1,2104.47735714286,196.962878732494,Wheat,SDB,CT,OI,Yes
17.3333339691162,1191.0,11.2000000476837,7.80000019073486,21.0,1,2796.2137446075,185.301195,Wheat,SDB,CT,OI,Yes
17.3333339691162,1191.0,10.5920004844666,7.59200000762939,21.1599998474121,1,2672.9693368425,205.85253,Wheat,SDB,CT,OI,Yes
17.375,1395.0,12.8390002250671,6.81699991226196,19.9599990844727,1,2554.499408445,173.660835,Wheat,SDB,CT,OI,Yes
17.0666675567627,1132.59997558594,11.9050002098083,6.69799995422363,20.7800006866455,1,2870.46177528375,177.32853,Wheat,SDB,CT,OI,Yes
17.3333339691162,1191.0,9.63200032711029,6.70800018310547,21.0,1,2842.4917785375,173.912775,Wheat,SDB,CT,OI,Yes
17.3333339691162,1191.0,9.63200032711029,6.70800018310547,21.0,1,2610.369156705,191.16393,Wheat,SDB,CT,OI,Yes
17.0416660308838,1622.5,11.2000000476837,7.80000019073486,21.0,1,2759.72213461538,203.114649786921,Wheat,SDB,CT,OI,Yes
16.9583339691162,943.799987792969,7.48400032520294,6.89499998092651,19.3125,1,3180.48453186375,212.813445,Wheat,SDB,CT,OI,Yes
16.4916667938232,965.200012207031,6.31600022315979,7.0479998588562,25.3777770996094,1,3590.1175315275,203.6742,Wheat,SDB,CT,OI,Yes
16.5750007629395,1013.5,8.93800020217896,7.33900022506714,24.1399993896484,1,2945.277625,203.114649786921,Wheat,SDB,CT,OI,Yes
16.8833332061768,1031.59997558594,7.882000207901,7.4520001411438,20.3333339691162,1,3124.379375445,212.15256,Wheat,SDB,CT,OI,Yes
17.0500011444092,1372.5,11.5560007095337,6.9520001411438,21.4300003051758,1,3096.19261363637,203.114649786921,Wheat,SDB,CT,OI,Yes
17.0,1320.40002441406,10.5200004577637,7.5,21.1599998474121,1,3237.97921153846,203.114649786921,Wheat,SDB,CT,OI,Yes
17.0,1320.40002441406,7.91999995708466,7.25800037384033,15.7252750396729,1,2885.36272769625,163.070475,Wheat,SDB,CT,OI,Yes
16.1499996185303,966.200012207031,9.62000012397766,7.89599990844727,24.1399993896484,1,3448.86697464,218.409675,Wheat,SDB,CT,OI,Yes
17.5249996185303,1565.59997558594,9.40099954605103,5.46799993515015,21.7999992370605,1,2691.03647368421,203.114649786921,Wheat,SDB,CT,OI,Yes
17.6916675567627,1540.5,13.5599994659424,5.26300001144409,24.7294120788574,1,1843.351845075,142.938855,Wheat,SDB,CT,OI,Yes
17.9166660308838,1690.90002441406,12.8369998931885,5.84899997711182,22.9898986816406,1,2706.39745,203.114649786921,Wheat,SDB,CT,OI,Yes
17.9166660308838,1690.90002441406,9.69299972057343,4.88700008392334,26.5699996948242,1,1672.5623016225,65.78571,Wheat,SDB,CT,OI,Yes
18.2749996185303,1670.80004882812,6.22699975967407,7.38100004196167,19.4639167785645,1,2303.06726714625,153.95454,Wheat,SDB,CT,OI,Yes
15.3249998092651,1753.20007324219,12.3459994792938,5.83799982070923,21.0100002288818,1,1973.92563821625,131.506575,Wheat,SDB,CT,OI,Yes
16.591667175293,1501.5,11.2360000610352,7.17600011825562,20.7900009155273,1,2259.48213993375,195.214275,Wheat,SDB,CT,OI,Yes
16.6166667938232,1964.0,21.9989991188049,5.15999984741211,25.2299995422363,1,2802.31938333333,203.114649786921,Wheat,SDB,CT,OI,Yes
16.6166667938232,1964.0,18.3360004425049,5.59899997711182,18.2000007629395,1,2775.9742,203.114649786921,Wheat,SDB,CT,OI,Yes
16.6833343505859,1974.09997558594,16.797000169754,6.49300003051758,26.1200008392334,1,2865.16583333333,203.114649786921,Wheat,SDB,CT,OI,Yes
16.8166675567627,1233.80004882812,10.9019994735718,7.03999996185303,20.6868686676025,1,2690.066568045,162.228435,Wheat,SDB,CT,OI,Yes
16.8166675567627,1233.80004882812,10.4089999198914,6.71099996566772,19.2900009155273,1,3278.78622222222,203.114649786921,Wheat,SDB,CT,OI,Yes
16.8083343505859,1039.30004882812,10.5299997329712,5.73799991607666,20.9699993133545,1,2859.4197745275,208.420035,Wheat,SDB,CT,OI,Yes
16.8083343505859,1039.30004882812,9.91100013256073,6.75099992752075,19.7399997711182,1,2862.4028708625,186.974595,Wheat,SDB,CT,OI,Yes
16.966667175293,978.400024414062,8.99600028991699,7.6100001335144,23.6200008392334,1,3042.30990625,203.114649786921,Wheat,SDB,CT,OI,Yes
16.966667175293,978.400024414062,8.74000012874603,7.81799983978271,31.1399993896484,1,3388.7953,203.114649786921,Wheat,SDB,CT,OI,Yes
16.5750007629395,912.600036621094,6.57000005245209,7.74499988555908,21.8999996185303,1,3354.14946411375,186.18789,Wheat,SDB,CT,OI,Yes
16.5500011444092,924.600036621094,6.70300006866455,8.0,23.5100002288818,1,3434.41667493,221.61705,Wheat,SDB,CT,OI,Yes
16.966667175293,978.400024414062,8.37800025939941,6.99700021743774,33.3899993896484,1,3363.87499772625,160.5,Wheat,SDB,CT,OI,Yes
16.8583335876465,1007.70001220703,8.66800010204315,7.89800024032593,28.4200000762939,1,3005.29612799625,176.99934,Wheat,SDB,CT,OI,Yes
16.5750007629395,912.600036621094,6.59200012683868,8.0,22.6399993896484,1,3673.4100144675,217.99581,Wheat,SDB,CT,OI,Yes
16.1499996185303,966.200012207031,9.76000010967255,7.42199993133545,22.6399993896484,1,3678.30547435898,203.114649786921,Wheat,SDB,CT,OI,Yes
15.966667175293,857.0,5.39600014686584,8.04399967193604,16.5799999237061,1,3149.54321226,198.64341,Wheat,SDB,CT,OI,Yes
15.9000005722046,897.799987792969,7.61500000953674,7.90000009536743,32.5200004577637,1,3423.919944435,186.63219,Wheat,SDB,CT,OI,Yes
16.3666667938232,1021.10003662109,10.1550006866455,7.30200004577637,23.0200004577637,1,2914.76784040875,215.606175,Wheat,SDB,CT,OI,Yes
16.4916667938232,965.200012207031,10.0699996948242,7.21500015258789,24.2199993133545,1,3332.60996206125,220.83231,Wheat,SDB,CT,OI,Yes
16.8833332061768,1031.59997558594,10.9630000591278,7.21600008010864,22.0300006866455,1,3565.890129555,241.70097,Wheat,SDB,CT,OI,Yes
17.1666660308838,1108.09997558594,10.7480001449585,5.69199991226196,26.5319156646729,1,2617.9179475875,219.3,Wheat,SDB,CT,OI,Yes
16.591667175293,1501.5,14.2239999771118,6.81599998474121,10.9799995422363,1,2964.84703333333,203.114649786921,Wheat,SDB,CT,OI,Yes
16.3083343505859,1320.30004882812,12.6279997825623,6.00400018692017,20.5699996948242,1,3384.545452065,171.272715,Wheat,SDB,CT,OI,Yes
16.2583332061768,888.5,5.47800004482269,8.13500022888184,15.210000038147,1,3117.9689375,203.114649786921,Wheat,SDB,CT,OI,Yes
16.466667175293,933.900024414062,7.67000019550323,7.53200006484985,20.3299999237061,1,3730.45176943875,215.227875,Wheat,SDB,CT,OI,Yes
16.4833335876465,971.5,7.2680002450943,7.52099990844727,21.1200008392334,1,3736.2804661725,216.870525,Wheat,SDB,CT,OI,Yes
16.466667175293,933.900024414062,7.48400032520294,7.63600015640259,22.5900001525879,1,3460.917367605,231.10245,Wheat,SDB,CT,OI,Yes
17.3083343505859,1595.59997558594,11.6209995746613,4.91599988937378,27.8850574493408,1,3012.73220833333,203.114649786921,Wheat,SDB,CT,OI,Yes
17.3250007629395,1752.40002441406,16.8130004405975,6.48900032043457,35.5400009155273,1,2633.4328125,112.875,Wheat,SDB,CT,OI,Yes
17.3250007629395,1752.40002441406,14.7230005264282,6.33400011062622,25.0300006866455,1,2847.24401923077,203.114649786921,Wheat,SDB,CT,OI,Yes
17.3083343505859,1595.59997558594,13.7529993057251,6.67199993133545,23.0400009155273,1,3204.7125,103.5,Wheat,SDB,CT,OI,Yes
16.8083343505859,1626.10009765625,5.66699981689453,3.74600005149841,22.8545455932617,1,2604.94511842106,203.114649786921,Wheat,SDB,CT,OI,Yes
17.1499996185303,1424.40002441406,10.9430003166199,7.44099998474121,24.0606060028076,1,2933.5040610975,182.666355,Wheat,SDB,CT,OI,Yes
17.0416660308838,1622.5,12.2660005092621,6.36899995803833,26.7700004577637,1,3136.5,205.5,Wheat,SDB,CT,OI,Yes
15.7250003814697,1859.0,23.8299989700317,5.40000009536743,38.9799995422363,1,2973.1538,203.114649786921,Wheat,SDB,CT,OI,Yes
15.7250003814697,1859.0,17.0249998569489,6.21000003814697,30.4300003051758,1,3069.03163636363,203.114649786921,Wheat,SDB,CT,OI,Yes
16.8083343505859,1626.10009765625,14.3209993839264,5.93000030517578,27.3299999237061,1,2793.7321875,149.25,Wheat,SDB,CT,OI,Yes
18.125,2104.5,12.1480000019073,5.43000030517578,42.3300018310547,1,1701.35952777778,95.25,Wheat,SDB,CT,OI,Yes
18.5083332061768,2002.5,12.1480000019073,5.43000030517578,42.3300018310547,1,1695.0495,95.25,Wheat,SDB,CT,OI,Yes
20.0833339691162,1735.0,13.0360007286072,5.19400024414062,33.4099998474121,1,1704.18908333333,95.25,Wheat,SDB,CT,OI,Yes
14.8833332061768,672.200012207031,6.04299962520599,6.19899988174438,19.4874992370605,1,3593.54783333333,233.827951731359,Wheat,SDB,CT,OI,Yes
15.5666666030884,652.799987792969,6.45299971103668,8.02600002288818,19.7700004577637,1,2940.456,233.827951731359,Wheat,SDB,CT,OI,Yes
15.2916669845581,625.799987792969,6.23499989509583,7.42399978637695,18.53125,1,3219.6786516625,204.22779,Wheat,SDB,CT,OI,Yes
13.841667175293,611.5,6.42300009727478,7.16900014877319,15.6899995803833,1,4087.89190507,230.40195,Wheat,SDB,CT,OI,Yes
14.4416666030884,575.0,5.74599981307983,7.92399978637695,17.4599990844727,1,3681.118766935,362.76237,Wheat,SDB,CT,OI,Yes
12.7250003814697,699.5,7.31400012969971,6.76300001144409,21.5400009155273,1,3126.61166344375,129.69444,Wheat,SDB,CT,OI,Yes
15.0416669845581,830.900024414062,5.75299978256226,7.23799991607666,11.2200002670288,1,3815.592948595,225.441015,Wheat,SDB,CT,OI,Yes
13.625,602.5,4.45600003004074,7.94799995422363,22.3600006103516,1,1908.1429,233.827951731359,Wheat,SDB,CT,OI,Yes
14.25,563.100036621094,6.02400004863739,7.90700006484985,16.9500007629395,1,3564.1126943425,236.8044,Wheat,SDB,CT,OI,Yes
13.1500005722046,630.200012207031,7.74999976158142,6.55299997329712,22.6800003051758,1,3747.9221215075,233.07423,Wheat,SDB,CT,OI,Yes
13.0083341598511,776.700012207031,6.90400004386902,6.93499994277954,17.5400009155273,1,3236.3637660175,141.452835,Wheat,SDB,CT,OI,Yes
13.5333337783813,687.799987792969,6.38100028038025,6.80000019073486,15.1499996185303,1,3640.01577364,213.415365,Wheat,SDB,CT,OI,Yes
14.8833332061768,672.200012207031,6.04299962520599,6.19899988174438,19.4874992370605,1,3194.3780777275,226.23861,Wheat,SDB,CT,OI,Yes
12.6833333969116,677.700012207031,8.36000025272369,6.47900009155273,21.7099990844727,1,3250.8013833025,244.366665,Wheat,SDB,CT,OI,Yes
12.4250001907349,714.900024414062,8.18599998950958,6.83300018310547,16.5900001525879,1,2975.65025,233.827951731359,Wheat,SDB,CT,OI,Yes
13.3500003814697,795.700012207031,5.46899974346161,4.75600004196167,19.8732395172119,1,3052.9169169775,148.1283,Wheat,SDB,CT,OI,Yes
14.1083335876465,623.5,6.14600002765656,7.38600015640259,19.4300003051758,1,3210.2490446575,236.80395,Wheat,SDB,CT,OI,Yes
14.1083335876465,623.5,6.29299998283386,7.26999998092651,16.9200000762939,1,3488.8320775675,124.28763,Wheat,SDB,CT,OI,Yes
13.841667175293,611.5,9.32699978351593,7.17599964141846,18.8400001525879,1,3523.04494364125,132.26895,Wheat,SDB,CT,OI,Yes
14.0166673660278,740.700012207031,6.32000029087067,7.52299976348877,19.6200008392334,1,3614.584416325,161.5314,Wheat,SDB,CT,OI,Yes
14.1083335876465,623.5,6.16200029850006,7.25600004196167,13.5,1,3613.067830345,131.09793,Wheat,SDB,CT,OI,Yes
14.0166673660278,740.700012207031,5.7779997587204,7.40500020980835,14.0799999237061,1,3776.235690655,224.523,Wheat,SDB,CT,OI,Yes
14.0666666030884,739.900024414062,5.04899978637695,7.86700010299683,15.1599998474121,1,3707.01216480625,262.33941,Wheat,SDB,CT,OI,Yes
14.2666673660278,665.299987792969,5.86199998855591,8.00899982452393,17.2199993133545,1,3983.52258512875,222.103155,Wheat,SDB,CT,OI,Yes
15.6583337783813,765.0,9.96800005435944,6.94200038909912,21.0,1,3339.21578062375,265.158045,Wheat,SDB,CT,OI,Yes
14.7750005722046,713.799987792969,6.80000007152557,7.0310001373291,17.2299995422363,1,4366.89643940125,178.038525,Wheat,SDB,CT,OI,Yes
15.216667175293,684.700012207031,6.52099967002869,6.71600008010864,12.7299995422363,1,3523.88045126875,286.17633,Wheat,SDB,CT,OI,Yes
15.216667175293,684.700012207031,8.3050000667572,6.57599973678589,13.8400001525879,1,3875.41665105625,224.953995,Wheat,SDB,CT,OI,Yes
15.4833335876465,677.100036621094,6.46099984645844,7.72200012207031,17.6100006103516,1,3855.1680898825,242.59437,Wheat,SDB,CT,OI,Yes
14.0083332061768,788.700012207031,7.25000023841858,6.83099985122681,20.75,1,3420.598227565,182.731275,Wheat,SDB,CT,OI,Yes
15.0666666030884,675.400024414062,6.63399994373322,6.84999990463257,19.4300003051758,1,3463.14733905625,217.173675,Wheat,SDB,CT,OI,Yes
13.3083333969116,762.0,9.1430002450943,6.59999990463257,21.7399997711182,1,3249.8310430225,217.149765,Wheat,SDB,CT,OI,Yes
13.4416666030884,770.700012207031,8.45600008964539,6.4040002822876,21.6800003051758,1,3418.96950922375,172.053135,Wheat,SDB,CT,OI,Yes
13.375,870.700012207031,8.50800037384033,6.49600028991699,19.1299991607666,1,3409.9705,198.0,Wheat,SDB,CT,OI,Yes
13.4499998092651,808.599975585938,7.62700021266937,7.76700019836426,19.7600002288818,1,3481.71762761125,160.937295,Wheat,SDB,CT,OI,Yes
13.4499998092651,798.300048828125,10.5900001525879,7.18099975585938,22.1399993896484,1,3063.17957188,193.21284,Wheat,SDB,CT,OI,Yes
15.5666666030884,933.100036621094,7.5110000371933,7.86600017547607,26.3099994659424,1,3490.1998266775,229.28916,Wheat,SDB,CT,OI,Yes
13.4499998092651,808.599975585938,7.90700018405914,7.34600019454956,21.9500007629395,1,3170.56074998875,261.64068,Wheat,SDB,CT,OI,Yes
14.375,856.299987792969,6.05399966239929,7.46299982070923,22.4400005340576,1,3035.6599850125,204.100485,Wheat,SDB,CT,OI,Yes
14.0083332061768,788.700012207031,5.90200006961823,7.09999990463257,14.5200004577637,1,3402.224369335,180.77157,Wheat,SDB,CT,OI,Yes
14.1583337783813,890.0,7.79999971389771,6.50899982452393,16.1599998474121,1,3360.43519838875,150.136125,Wheat,SDB,CT,OI,Yes
14.0083332061768,788.700012207031,7.03400015830994,7.44099998474121,16.7900009155273,1,3088.91878993,239.50968,Wheat,SDB,CT,OI,Yes
15.1166667938232,946.600036621094,8.02299976348877,6.58200025558472,22.2600002288818,1,3075.9952176775,131.24475,Wheat,SDB,CT,OI,Yes
14.7416667938232,646.299987792969,5.70200026035309,7.97900009155273,18.2700004577637,1,3418.802949535,225.0093,Wheat,SDB,CT,OI,Yes
14.4000005722046,599.600036621094,5.89700043201447,7.99399995803833,17.9699993133545,1,3615.71104228,324.787935,Wheat,SDB,CT,OI,Yes
15.1416673660278,595.0,5.39099991321564,7.94000005722046,19.6100006103516,1,3529.4347478575,229.17456,Wheat,SDB,CT,OI,Yes
15.5666666030884,652.799987792969,4.15699988603592,8.29100036621094,6.3600001335144,1,3789.27472518625,298.17693,Wheat,SDB,CT,OI,Yes
15.0250005722046,574.799987792969,5.62200009822845,7.97900009155273,17.7900009155273,1,3755.65873232125,227.60997,Wheat,SDB,CT,OI,Yes
14.4000005722046,599.600036621094,5.86000025272369,7.98099994659424,18.6700000762939,1,3968.598643255,262.01457,Wheat,SDB,CT,OI,Yes
15.5666666030884,652.799987792969,5.85999965667725,7.98000001907349,19.1200008392334,1,3885.03138755125,176.931255,Wheat,SDB,CT,OI,Yes
15.2916669845581,625.799987792969,5.53200006484985,7.97399997711182,17.7399997711182,1,3528.79375,233.827951731359,Wheat,SDB,CT,OI,Yes
14.9250001907349,583.600036621094,6.40100002288818,7.99700021743774,20.7000007629395,1,3861.604379515,289.646625,Wheat,SDB,CT,OI,Yes
14.9250001907349,583.600036621094,5.83700001239777,7.97300004959106,19.1399993896484,1,3634.75627337125,282.007305,Wheat,SDB,CT,OI,Yes
15.2916669845581,625.799987792969,5.59599995613098,7.94899988174438,20.2299995422363,1,3568.09614586,276.143235,Wheat,SDB,CT,OI,Yes
14.9499998092651,602.600036621094,6.33899986743927,7.99300003051758,20.7199993133545,1,3415.13865378625,251.55531,Wheat,SDB,CT,OI,Yes
15.375,630.900024414062,4.89300012588501,7.93200016021729,18.3999996185303,1,3458.16571286125,246.98532,Wheat,SDB,CT,OI,Yes
15.091667175293,565.900024414062,5.34600019454956,8.07999992370605,14.5900001525879,1,3366.8697070375,261.806445,Wheat,SDB,CT,OI,Yes
14.4416666030884,575.0,5.5620002746582,7.96299982070923,17.1900005340576,1,3723.90099585625,332.07321,Wheat,SDB,CT,OI,Yes
14.0416669845581,582.299987792969,5.80200016498566,7.98899984359741,17.8899993896484,1,2984.05990250125,212.114145,Wheat,SDB,CT,OI,Yes
14.25,563.100036621094,6.39400005340576,7.03299999237061,18.1000003814697,1,3617.44327812625,360.41826,Wheat,SDB,CT,OI,Yes
15.591667175293,687.0,6.21500015258789,8.0,19.2900009155273,1,3658.12947826087,233.827951731359,Wheat,SDB,CT,OI,Yes
15.7083339691162,744.200012207031,4.31999981403351,8.1830005645752,9.19999980926514,1,3682.93364738875,196.992195,Wheat,SDB,CT,OI,Yes
15.6916675567627,782.200012207031,4.14799988269806,7.69400024414062,5.98999977111816,1,3228.72473803,180.881835,Wheat,SDB,CT,OI,Yes
15.7083339691162,744.200012207031,5.89200019836426,7.99399995803833,17.9400005340576,1,3551.15042195125,214.556415,Wheat,SDB,CT,OI,Yes
15.7916669845581,728.600036621094,5.24399995803833,7.95800018310547,17.5799999237061,1,3030.9962209075,274.22406,Wheat,SDB,CT,OI,Yes
15.125,650.900024414062,5.50599992275238,8.07800006866455,14.8800001144409,1,3344.35132558375,256.358535,Wheat,SDB,CT,OI,Yes
15.125,650.900024414062,6.00000023841858,8.0,18.0,1,3351.4226722525,244.898865,Wheat,SDB,CT,OI,Yes
15.591667175293,687.0,5.27400016784668,7.69500017166138,16.1499996185303,1,3616.83008600125,306.00135,Wheat,SDB,CT,OI,Yes
15.9916667938232,710.200012207031,6.57999992370605,7.92000007629395,16.9099998474121,1,3471.3815926975,203.5977,Wheat,SDB,CT,OI,Yes
15.2833337783813,722.800048828125,5.07400035858154,7.73799991607666,16.25,1,3040.55979166667,190.555104184442,Wheat,SDB,CT,OI,Yes
15.2833337783813,722.800048828125,8.15599977970123,6.37700033187866,23.4300003051758,1,3920.79684796375,224.633175,Wheat,SDB,CT,OI,Yes
15.2833337783813,722.800048828125,3.83200019598007,8.18400001525879,12.7200002670288,1,2753.39608798375,149.63124,Wheat,SDB,CT,OI,Yes
15.966667175293,781.799987792969,6.38999998569489,7.17500019073486,14.3999996185303,1,3224.94408080875,151.954845,Wheat,SDB,CT,OI,Yes
15.3083333969116,805.599975585938,3.92800003290176,8.17599964141846,12.960000038147,1,3581.6875,172.5,Wheat,SDB,CT,OI,Yes
15.7916669845581,720.0,5.54400026798248,8.07200050354004,15.1199998855591,1,3613.9753894975,169.699425,Wheat,SDB,CT,OI,Yes
15.9916667938232,683.0,5.29700040817261,8.11100006103516,13.5600004196167,1,3613.61810791375,183.42579,Wheat,SDB,CT,OI,Yes
15.9916667938232,683.0,7.92199969291687,7.77799987792969,16.3299999237061,1,3468.3412735975,175.61061,Wheat,SDB,CT,OI,Yes
15.7916669845581,720.0,6.5420001745224,7.52300024032593,14.7938146591187,1,3738.966604255,240.295935,Wheat,SDB,CT,OI,Yes
15.9916667938232,710.200012207031,5.76600015163422,8.06799983978271,15.0299997329712,1,3149.26330541125,140.93556,Wheat,SDB,CT,OI,Yes
15.625,630.700012207031,5.57600021362305,7.97900009155273,19.1100006103516,1,2522.47706487625,139.175625,Wheat,SDB,CT,OI,Yes
12.3500003814697,900.0,5.47599971294403,7.56399965286255,22.75,1,4187.0065,190.555104184442,Wheat,SDB,CT,OI,Yes
15.0083332061768,773.200012207031,5.48600018024445,6.18200016021729,20.3614463806152,1,2657.087918185,143.153595,Wheat,SDB,CT,OI,Yes
15.0083332061768,773.200012207031,6.20299994945526,8.00599956512451,19.4699993133545,1,2699.7966394675,166.39431,Wheat,SDB,CT,OI,Yes
15.625,630.700012207031,5.10300040245056,7.98999977111816,15.3299999237061,1,2633.48117582125,139.43046,Wheat,SDB,CT,OI,Yes
13.5416669845581,790.0,5.30499994754791,8.0629997253418,16.9799995422363,1,2857.00837380625,195.19869,Wheat,SDB,CT,OI,Yes
15.0083332061768,773.200012207031,6.20899975299835,6.86199998855591,11.1300001144409,1,2970.7263037,171.92979,Wheat,SDB,CT,OI,Yes
15.9916667938232,710.200012207031,5.76600015163422,8.06799983978271,15.0299997329712,1,3394.68182193625,206.37849,Wheat,SDB,CT,OI,Yes
16.2749996185303,767.0,6.95199966430664,7.05399990081787,23.1399993896484,1,3100.433412595,132.633795,Wheat,SDB,CT,OI,Yes
16.2749996185303,767.0,9.59399998188019,6.80600023269653,41.1800003051758,1,3611.3656159675,164.40504,Wheat,SDB,CT,OI,Yes
15.5083332061768,840.200012207031,8.3840000629425,6.95300006866455,28.7000007629395,1,3051.11377825375,185.538495,Wheat,SDB,CT,OI,Yes
16.2749996185303,767.0,6.31200015544891,6.59000015258789,9.72000026702881,1,3028.77764887,88.05048,Wheat,SDB,CT,OI,Yes
16.2250003814697,947.700012207031,9.18200016021729,5.50300025939941,35.0219764709473,1,3092.903900605,156.867405,Wheat,SDB,CT,OI,Yes
15.0583333969116,708.299987792969,5.35700023174286,7.88800001144409,16.3299999237061,1,3314.54940514,189.318975,Wheat,SDB,CT,OI,Yes
15.0083332061768,603.799987792969,4.46099996566772,8.16699981689453,8.76000022888184,1,3800.33202371125,247.78194,Wheat,SDB,CT,OI,Yes
15.1750001907349,614.799987792969,6.29999995231628,6.5,9.0,1,3613.1972098225,212.546295,Wheat,SDB,CT,OI,Yes
15.5250005722046,635.700012207031,6.14499986171722,8.01500034332275,14.9700002670288,1,3603.70103347375,246.09978,Wheat,SDB,CT,OI,Yes
15.5250005722046,635.700012207031,4.69899982213974,8.01700019836426,14.3500003814697,1,3442.13977714,137.477115,Wheat,SDB,CT,OI,Yes
11.9333333969116,668.100036621094,7.32999980449677,7.2350001335144,22.3500003814697,1,3100.38057481,156.91374,Wheat,SDB,CT,OI,Yes
15.5250005722046,635.700012207031,4.07200008630753,8.17199993133545,12.6000003814697,1,3791.413941925,242.11506,Wheat,SDB,CT,OI,Yes
15.1750001907349,614.799987792969,6.51099979877472,7.4980001449585,17.9400005340576,1,3945.18692731375,280.92909,Wheat,SDB,CT,OI,Yes
15.8916664123535,643.799987792969,6.33300006389618,8.0,20.6100006103516,1,3834.17245533625,287.408715,Wheat,SDB,CT,OI,Yes
15.8916664123535,643.799987792969,5.53799986839294,8.10400009155273,13.5900001525879,1,3119.92948611111,190.555104184442,Wheat,SDB,CT,OI,Yes
15.7416667938232,632.5,4.34700012207031,8.26100063323975,7.55999994277954,1,3566.0556489925,197.78598,Wheat,SDB,CT,OI,Yes
15.7416667938232,632.5,5.52599966526031,8.08400058746338,8.30000019073486,1,3662.82730385875,234.29703,Wheat,SDB,CT,OI,Yes
15.7416667938232,632.5,6.35299980640411,7.83500003814697,18.9300003051758,1,3610.49425081375,245.129355,Wheat,SDB,CT,OI,Yes
15.8916664123535,643.799987792969,7.41600036621094,6.81799983978271,15.5600004196167,1,3811.85776157125,231.280725,Wheat,SDB,CT,OI,Yes
14.75,664.799987792969,5.00699996948242,8.10900020599365,15.5200004577637,1,3795.4273046875,151.028895,Wheat,SDB,CT,OI,Yes
14.75,664.799987792969,5.91600000858307,8.0319995880127,18.8400001525879,1,3687.984059005,219.001995,Wheat,SDB,CT,OI,Yes
14.75,664.799987792969,6.00199997425079,8.01500034332275,18.5100002288818,1,3748.53789583333,190.555104184442,Wheat,SDB,CT,OI,Yes
15.2833337783813,722.800048828125,5.7530003786087,8.03899955749512,16.4400005340576,1,3772.0605890425,205.445265,Wheat,SDB,CT,OI,Yes
14.1583337783813,611.700012207031,6.73500001430511,7.90999984741211,18.7199993133545,1,3639.37924308625,198.53283,Wheat,SDB,CT,OI,Yes
15.9333333969116,630.799987792969,4.22800004482269,8.27099990844727,7.53000020980835,1,3802.67963875375,185.62848,Wheat,SDB,CT,OI,Yes
15.1500005722046,636.5,6.10399961471558,7.76599979400635,21.5400009155273,1,3538.32942740125,210.63057,Wheat,SDB,CT,OI,Yes
14.9499998092651,602.600036621094,4.97400015592575,8.16199970245361,11.5200004577637,1,3983.15024930125,266.09259,Wheat,SDB,CT,OI,Yes
15.125,650.900024414062,7.94700026512146,7.99599981307983,33.1599998474121,1,3620.71301345875,274.52718,Wheat,SDB,CT,OI,Yes
15.125,650.900024414062,6.05800032615662,7.1710000038147,17.9677410125732,1,3629.2393368325,293.799525,Wheat,SDB,CT,OI,Yes
15.1500005722046,636.5,6.8149995803833,7.99700021743774,24.0,1,3574.448955505,206.73183,Wheat,SDB,CT,OI,Yes
15.9916667938232,683.0,6.0860002040863,8.00300025939941,18.5100002288818,1,3315.03839830375,123.13059,Wheat,SDB,CT,OI,Yes
16.2416667938232,848.700012207031,7.79100000858307,6.68800020217896,13.7700004577637,1,3575.5175573575,202.818225,Wheat,SDB,CT,OI,Yes
15.3083333969116,805.599975585938,5.87499976158142,7.05499982833862,11.4899997711182,1,3297.5199401875,202.42737,Wheat,SDB,CT,OI,Yes
15.966667175293,781.799987792969,6.48299992084503,7.90999984741211,20.25,1,3774.74736256375,156.56955,Wheat,SDB,CT,OI,Yes
16.1499996185303,802.0,8.42199981212616,6.94899988174438,26.8899993896484,1,3881.66046875,190.555104184442,Wheat,SDB,CT,OI,Yes
16.1499996185303,802.0,8.32800030708313,6.94099998474121,33.1100006103516,1,3807.93625,190.555104184442,Wheat,SDB,CT,OI,Yes
16.2250003814697,947.700012207031,10.1889991760254,6.25399971008301,27.6100006103516,1,3836.9835844525,176.962275,Wheat,SDB,CT,OI,Yes
16.2416667938232,848.700012207031,7.83200025558472,7.79199981689453,27.6200008392334,1,3387.51489967375,144.999555,Wheat,SDB,CT,OI,Yes
14.1750001907349,696.200012207031,4.26800012588501,8.14599990844727,14.1999998092651,1,2669.909748115,158.1204,Wheat,SDB,CT,OI,Yes
12.4416666030884,791.900024414062,5.81700026988983,7.90399980545044,20.2299995422363,1,2517.37000405375,161.460825,Wheat,SDB,CT,OI,Yes
14.1750001907349,696.200012207031,4.89100009202957,8.10700035095215,16.0699996948242,1,2316.821625,190.555104184442,Wheat,SDB,CT,OI,Yes
14.2250003814697,680.0,4.34500008821487,8.13999938964844,13.9499998092651,1,3145.308773125,189.055515,Wheat,SDB,CT,OI,Yes
15.5583333969116,851.5,9.9700003862381,5.86600017547607,20.4888896942139,1,2594.05063069,136.368465,Wheat,SDB,CT,OI,Yes
16.0249996185303,904.5,10.2300000190735,5.93800020217896,30.6200008392334,1,3104.4616497625,152.281335,Wheat,SDB,CT,OI,Yes
15.5416669845581,788.400024414062,9.65099990367889,6.33599996566772,39.5800018310547,1,2741.1239787025,155.538675,Wheat,SDB,CT,OI,Yes
15.5583333969116,851.5,10.0059998035431,6.51000022888184,40.9199981689453,1,3245.455241365,165.555345,Wheat,SDB,CT,OI,Yes
15.6750001907349,829.5,10.8000004291534,6.27500009536743,26.1399993896484,1,2858.22795899125,148.205205,Wheat,SDB,CT,OI,Yes
15.5416669845581,788.400024414062,9.78700041770935,6.08800029754639,34.0,1,3389.324152915,178.20609,Wheat,SDB,CT,OI,Yes
16.1083335876465,848.900024414062,12.2459995746613,7.13399982452393,34.1199989318848,1,3233.5577245975,157.549935,Wheat,SDB,CT,OI,Yes
16.7416667938232,859.600036621094,9.61399972438812,6.39400005340576,20.5100002288818,1,2975.615202715,148.93332,Wheat,SDB,CT,OI,Yes
17.0083332061768,834.799987792969,9.69500005245209,7.10500001907349,41.6300010681152,1,3262.37360657875,153.2958,Wheat,SDB,CT,OI,Yes
16.1833324432373,996.5,10.0209999084473,6.74500036239624,37.3300018310547,1,2766.610041805,147.85155,Wheat,SDB,CT,OI,Yes
17.0083332061768,834.799987792969,10.0839996337891,7.47200012207031,51.3199996948242,1,3196.68963800125,184.48542,Wheat,SDB,CT,OI,Yes
15.9583339691162,816.400024414062,6.37099981307983,8.16199970245361,22.5599994659424,1,3718.33916666667,190.555104184442,Wheat,SDB,CT,OI,Yes
15.7833337783813,727.900024414062,6.25299990177155,7.92700004577637,15.3999996185303,1,3441.76229560375,233.55741,Wheat,SDB,CT,OI,Yes
15.875,732.0,6.72100007534027,8.0600004196167,24.3199996948242,1,3608.12713636364,190.555104184442,Wheat,SDB,CT,OI,Yes
15.875,732.0,5.00599980354309,8.14000034332275,11.7700004577637,1,3805.856177005,236.837535,Wheat,SDB,CT,OI,Yes
15.875,732.0,6.7059999704361,8.0930004119873,24.4300003051758,1,3818.70213433375,234.910815,Wheat,SDB,CT,OI,Yes
15.9583339691162,816.400024414062,6.03399991989136,8.12899971008301,19.5100002288818,1,3696.81605024125,271.485105,Wheat,SDB,CT,OI,Yes
15.966667175293,857.0,7.00500011444092,8.07499980926514,26.6000003814697,1,3854.44955866,227.513685,Wheat,SDB,CT,OI,Yes
16.3250007629395,893.0,7.60399997234344,7.98299980163574,30.7399997711182,1,3809.86618084375,233.317905,Wheat,SDB,CT,OI,Yes
17.125,1084.30004882812,11.139999628067,7.57999992370605,20.8999996185303,1,2421.4375,168.9,Wheat,SDB,CT,OI,Yes
17.125,1084.30004882812,10.3320002555847,7.10100030899048,18.7399997711182,1,2503.02043234,148.263765,Wheat,SDB,CT,OI,Yes
16.7999992370605,1204.0,9.67599987983704,6.56500005722046,21.4899997711182,1,2003.7475,105.6,Wheat,SDB,CT,OI,Yes
16.6000003814697,1255.19995117188,10.0360000133514,4.46999979019165,20.8552627563477,1,2192.288125,90.7125,Wheat,SDB,CT,OI,Yes
17.0666675567627,1103.5,10.57000041008,7.55800008773804,19.5100002288818,1,2569.004662015,162.625725,Wheat,SDB,CT,OI,Yes
17.0416660308838,1094.19995117188,10.1259994506836,7.43400001525879,18.4500007629395,1,2746.92544334875,187.62402,Wheat,SDB,CT,OI,Yes
17.0416660308838,1094.19995117188,8.60000014305115,6.42600011825562,20.9400005340576,1,3116.96058791875,134.31651,Wheat,SDB,CT,OI,Yes
17.125,1084.30004882812,13.1379997730255,5.78299999237061,29.0699996948242,1,3167.09568656875,159.2268,Wheat,SDB,CT,OI,Yes
15.9916667938232,683.0,6.05400025844574,7.73000001907349,16.3799991607666,1,3348.87737961625,192.71742,Wheat,SDB,CT,OI,Yes
16.1333332061768,809.300048828125,7.03500032424927,8.00599956512451,26.1700000762939,1,3552.2521547425,211.552095,Wheat,SDB,CT,OI,Yes
16.1333332061768,809.300048828125,5.49799978733063,8.16300010681152,15.7700004577637,1,4135.73124025,193.66218,Wheat,SDB,CT,OI,Yes
16.5750007629395,912.600036621094,8.59300017356873,7.94500017166138,38.4599990844727,1,3665.20392515125,230.58798,Wheat,SDB,CT,OI,Yes
16.2749996185303,854.400024414062,8.20500016212463,7.46099996566772,36.6199989318848,1,3204.62466666667,190.555104184442,Wheat,SDB,CT,OI,Yes
15.9500007629395,749.900024414062,7.81300008296967,8.0,32.2099990844727,1,3548.33513914,186.91056,Wheat,SDB,CT,OI,Yes
16.2749996185303,854.400024414062,7.77600049972534,8.0,31.9200000762939,1,3536.09499474625,219.887025,Wheat,SDB,CT,OI,Yes
16.4583339691162,913.400024414062,8.01400005817413,7.98699998855591,33.189998626709,1,3790.99816053625,225.702645,Wheat,SDB,CT,OI,Yes
16.4416675567627,938.700012207031,10.621999502182,6.86999988555908,45.5900001525879,1,3866.9252047975,181.855365,Wheat,SDB,CT,OI,Yes
16.6833343505859,1000.80004882812,10.5280005931854,7.24399995803833,43.310001373291,1,3481.67953660375,188.2962,Wheat,SDB,CT,OI,Yes
16.6916675567627,1028.0,10.7439994812012,5.23799991607666,29.8400001525879,1,3405.64449047125,164.472645,Wheat,SDB,CT,OI,Yes
16.6916675567627,1028.0,10.1059997081757,6.26300001144409,34.9799995422363,1,3212.2003763125,177.51387,Wheat,SDB,CT,OI,Yes
16.375,942.599975585938,9.30399954319,6.45199966430664,19.6399993896484,1,3878.4437491075,212.884605,Wheat,SDB,CT,OI,Yes
16.4416675567627,938.700012207031,11.1389994621277,6.34800004959106,26.4899997711182,1,3158.88562994125,142.273215,Wheat,SDB,CT,OI,Yes
16.4416675567627,938.700012207031,8.13400030136108,6.94700002670288,30.0200004577637,1,3439.38186289,148.60908,Wheat,SDB,CT,OI,Yes
16.6833343505859,1000.80004882812,9.61300015449524,6.29800033569336,33.6500015258789,1,3280.8929775625,180.143085,Wheat,SDB,CT,OI,Yes
14.1583337783813,611.700012207031,6.36600017547607,7.31599998474121,15.2200002670288,1,3371.15756754625,196.524345,Wheat,SDB,CT,OI,Yes
17.9416675567627,1278.80004882812,10.1199996471405,7.60500001907349,19.3500003814697,1,2645.057359375,162.532351317876,Wheat,SDB,CT,OI,Yes
18.0166664123535,1401.20007324219,7.16000020503998,6.87400007247925,16.1299991607666,1,2553.25064285714,162.532351317876,Wheat,SDB,CT,OI,Yes
18.2000007629395,1532.60009765625,8.19100022315979,5.13199996948242,25.2000007629395,1,1605.0542457525,109.62621,Wheat,SDB,CT,OI,Yes
15.0166664123535,851.100036621094,5.84299981594086,6.55999994277954,15.6400003433228,1,2389.67343148125,98.44245,Wheat,SDB,CT,OI,Yes
15.4750003814697,912.5,8.85500013828278,6.53600025177002,13.9799995422363,1,1842.570184395,130.31376,Wheat,SDB,CT,OI,Yes
14.5083332061768,929.0,11.0450005531311,7.1870002746582,28.6700000762939,1,2574.54004312875,207.54069,Wheat,SDB,CT,OI,Yes
16.9750003814697,843.600036621094,9.86000001430511,5.90100002288818,44.4130439758301,1,2095.4094881775,135.749505,Wheat,SDB,CT,OI,Yes
14.8166666030884,1229.59997558594,11.66100025177,6.38000011444092,31.4899997711182,1,2018.8644220275,110.373615,Wheat,SDB,CT,OI,Yes
17.6666660308838,1049.5,8.2260000705719,7.4539999961853,17.7000007629395,1,2756.48297152875,143.04624,Wheat,SDB,CT,OI,Yes
18.0750007629395,1117.40002441406,8.3160001039505,6.59400033950806,20.25,1,1961.683343025,145.905525,Wheat,SDB,CT,OI,Yes
17.2833347320557,858.299987792969,9.77400004863739,6.9060001373291,32.0400009155273,1,1810.47498571428,162.532351317876,Wheat,SDB,CT,OI,Yes
15.6916666030884,959.299987792969,13.0330002307892,6.84200000762939,23.0799999237061,1,2158.469175,156.0,Wheat,SDB,CT,OI,Yes
16.8500003814697,872.100036621094,6.65800034999847,6.90999984741211,17.9680843353271,1,2029.4758586625,133.28256,Wheat,SDB,CT,OI,Yes
13.9333333969116,1041.59997558594,11.5020000934601,6.48400020599365,45.0099983215332,1,1730.31442839,154.890135,Wheat,SDB,CT,OI,Yes
16.8500003814697,872.100036621094,10.0619995594025,7.20499992370605,28.4699993133545,1,2745.501720825,209.070105,Wheat,SDB,CT,OI,Yes
17.0249996185303,884.700012207031,6.99200034141541,6.45800018310547,17.6105270385742,1,2865.247727745,186.44376,Wheat,SDB,CT,OI,Yes
17.466667175293,885.100036621094,8.0239999294281,6.27200031280518,18.5238094329834,1,2727.225,153.0,Wheat,SDB,CT,OI,Yes
17.7083339691162,1060.0,5.94799995422363,6.33800029754639,12.1477270126343,1,2451.71716132875,150.97758,Wheat,SDB,CT,OI,Yes
17.1499996185303,993.900024414062,9.7759997844696,7.31599998474121,21.0,1,2632.87329946875,186.000975,Wheat,SDB,CT,OI,Yes
17.3166675567627,1223.70007324219,12.5150001049042,6.23899984359741,20.4799995422363,1,1832.00415,148.2,Wheat,SDB,CT,OI,Yes
16.7749996185303,1181.5,8.78899991512299,6.55399990081787,21.6200008392334,1,2386.1625,148.269225,Wheat,SDB,CT,OI,Yes
17.5,1098.30004882812,10.6379997730255,7.4850001335144,24.1299991607666,1,2623.13348898,153.162075,Wheat,SDB,CT,OI,Yes
17.8250007629395,1158.70007324219,8.79200041294098,7.66700029373169,26.0,1,2888.02428394875,113.793015,Wheat,SDB,CT,OI,Yes
17.5,1098.30004882812,10.5739998817444,7.6100001335144,21.6900005340576,1,2074.20829966125,164.52036,Wheat,SDB,CT,OI,Yes
17.8250007629395,1158.70007324219,8.02200019359589,7.88600015640259,18.8700008392334,1,3545.775,375.0,Wheat,SDB,CT,OI,Yes
17.9250011444092,1100.20007324219,10.0040006637573,7.25600004196167,21.0833339691162,1,2539.55317307692,162.532351317876,Wheat,SDB,CT,OI,Yes
18.4250011444092,1296.70007324219,5.45000016689301,5.15799999237061,19.7014923095703,1,1902.57925132875,118.70739,Wheat,SDB,CT,OI,Yes
18.2000007629395,1532.60009765625,5.32700002193451,6.18200016021729,18.5769233703613,1,2293.0297,162.532351317876,Wheat,SDB,CT,OI,Yes
18.0166664123535,1401.20007324219,4.81800019741058,6.05800008773804,18.0657901763916,1,1929.99140625,157.8375,Wheat,SDB,CT,OI,Yes
17.5083332061768,1279.0,8.47200036048889,6.70800018310547,21.625,1,2516.88652435125,132.059115,Wheat,SDB,CT,OI,Yes
17.3333339691162,1605.30004882812,8.57800006866455,6.90299987792969,21.6900005340576,1,3296.33786968875,114.752475,Wheat,SDB,CT,OI,Yes
16.3333339691162,1683.80004882812,8.46400022506714,6.86399984359741,21.7199993133545,1,1830.64890405,107.059665,Wheat,SDB,CT,OI,Yes
16.3250007629395,1450.70007324219,9.42499995231628,7.05600023269653,21.0300006866455,1,1786.9429725,140.88999,Wheat,SDB,CT,OI,Yes
18.2666664123535,1412.80004882812,7.06300020217896,4.25999975204468,25.6666660308838,1,2323.32912178875,185.10951,Wheat,SDB,CT,OI,Yes
16.8000011444092,1120.70007324219,8.49700033664703,7.2790002822876,16.8099994659424,1,2030.0595666675,132.04167,Wheat,SDB,CT,OI,Yes
17.1000003814697,1021.0,12.0640003681183,6.85500001907349,22.7700004577637,1,2795.4375,136.5,Wheat,SDB,CT,OI,Yes
17.9249992370605,1148.80004882812,8.26800048351288,7.96400022506714,28.9799995422363,1,2054.0343504675,149.31114,Wheat,SDB,CT,OI,Yes
17.7333335876465,1088.40002441406,9.15600001811981,7.71400022506714,19.9285717010498,1,1908.675,150.0,Wheat,SDB,CT,OI,Yes
24.4833335876465,1630.70007324219,11.7339992523193,5.50099992752075,24.9699993133545,1,1984.21402777778,151.26872246696,Wheat,SDB,CT,OI,Yes
24.6916675567627,1812.40002441406,8.12900006771088,4.96700000762939,21.987340927124,1,2033.22597222222,151.26872246696,Wheat,SDB,CT,OI,Yes
24.2416667938232,1846.69995117188,10.5140006542206,5.57399988174438,27.8899993896484,1,2041.80847619047,151.26872246696,Wheat,SDB,CT,OI,Yes
24.2416667938232,1846.69995117188,11.2590003013611,6.59500026702881,26.4300003051758,1,2004.82214285714,151.26872246696,Wheat,SDB,CT,OI,Yes
23.2916679382324,1892.0,13.3689999580383,5.41300010681152,28.2600002288818,1,2255.85595454546,151.26872246696,Wheat,SDB,CT,OI,Yes
19.4916667938232,1235.5,16.5600001811981,5.21600008010864,45.3600006103516,1,1105.33386111111,80.0456789202387,Wheat,SDB,CT,OI,Yes
20.2333335876465,1387.70007324219,11.9280004501343,6.53299999237061,43.7000007629395,1,1210.48216666667,80.0456789202387,Wheat,SDB,CT,OI,Yes
18.125,1194.70007324219,8.75800013542175,7.93200016021729,21.0,1,1741.63016666667,146.348035056645,Wheat,SDB,CT,OI,Yes
17.8083343505859,1154.40002441406,10.5570006370544,7.28000020980835,20.7800006866455,1,1574.43375,94.725,Wheat,SDB,CT,OI,Yes
15.4416666030884,1387.19995117188,7.54400014877319,6.40899991989136,20.8470592498779,1,1623.3862459875,91.08402,Wheat,SDB,CT,OI,Yes
15.625,1228.90002441406,11.5110003948212,5.46099996566772,29.5699996948242,1,2459.95831944445,146.348035056645,Wheat,SDB,CT,OI,Yes
17.2999992370605,1044.70007324219,11.2000000476837,7.80000019073486,21.0,1,1972.03683333333,129.022925411045,Wheat,SDB,CT,OI,Yes
17.3666667938232,1143.40002441406,11.2000000476837,7.80000019073486,21.0,1,2171.8615625,129.022925411045,Wheat,SDB,CT,OI,Yes
17.2999992370605,1044.70007324219,9.56000030040741,7.59299993515015,24.9699993133545,1,2790.27439355625,142.25895,Wheat,SDB,CT,OI,Yes
17.2999992370605,1044.70007324219,11.2000000476837,7.80000019073486,21.0,1,2504.387941155,93.76575,Wheat,SDB,CT,OI,Yes
17.3666667938232,1143.40002441406,11.1450004577637,7.62400007247925,21.2199993133545,1,2434.28586622875,108.69336,Wheat,SDB,CT,OI,Yes
18.4583339691162,1477.70007324219,13.4020006656647,5.8439998626709,20.4599990844727,1,1727.83826007,96.161865,Wheat,SDB,CT,OI,Yes
18.3583335876465,1326.59997558594,12.0930004119873,6.29300022125244,20.6100006103516,1,1933.71397383375,115.07133,Wheat,SDB,CT,OI,Yes
18.283332824707,871.100036621094,11.1779999732971,5.88000011444092,34.7099990844727,1,2473.57194155625,207.102855,Wheat,SDB,CT,OI,Yes
18.7916679382324,1138.5,11.9959998130798,6.27400016784668,21.4799995422363,1,2351.00682115125,122.06922,Wheat,SDB,CT,OI,Yes
17.033332824707,1144.09997558594,12.8639996051788,5.02099990844727,21.7099990844727,1,2010.99375,96.62499,Wheat,SDB,CT,OI,Yes
15.7750005722046,1153.5,9.62599992752075,6.89499998092651,21.1100006103516,1,2113.3125,181.5,Wheat,SDB,CT,OI,Yes
17.3666667938232,1005.10003662109,9.91599977016449,6.94299983978271,21.2099990844727,1,2772.0711853425,143.48301,Wheat,SDB,CT,OI,Yes
16.7749996185303,970.799987792969,11.2000000476837,7.80000019073486,21.0,1,2784.82308247875,121.452705,Wheat,SDB,CT,OI,Yes
17.5666675567627,1053.40002441406,8.92199993133545,7.43200016021729,20.7800006866455,1,2554.3974853275,106.28217,Wheat,SDB,CT,OI,Yes
17.5666675567627,1053.40002441406,6.7519998550415,8.06599998474121,17.7000007629395,1,2151.3953886825,127.36914,Wheat,SDB,CT,OI,Yes
17.2416667938232,1006.5,8.49699974060059,7.38800001144409,20.75,1,2467.175130195,136.936785,Wheat,SDB,CT,OI,Yes
14.1666669845581,844.700012207031,12.3650002479553,5.50600004196167,21.9400005340576,1,2052.67916590875,175.441665,Wheat,SDB,CT,OI,Yes
15.716667175293,944.100036621094,10.5920004844666,7.74399995803833,21.0,1,2606.09395873125,148.29276,Wheat,SDB,CT,OI,Yes
14.3583335876465,1063.69995117188,11.7930006980896,6.60799980163574,20.5400009155273,1,2448.96651273,130.205955,Wheat,SDB,CT,OI,Yes
13.1000003814697,779.100036621094,10.7200002670288,5.60400009155273,16.3999996185303,1,2028.046875,115.736895,Wheat,SDB,CT,OI,Yes
16.4916667938232,1081.0,8.42499971389771,7.94999980926514,21.0,1,2202.81749776875,147.738315,Wheat,SDB,CT,OI,Yes
18.0833339691162,1134.80004882812,8.38800013065338,7.9520001411438,21.0,1,2536.18109845875,114.55833,Wheat,SDB,CT,OI,Yes
17.8000011444092,1112.59997558594,7.64800012111664,7.99200010299683,21.0,1,2514.943579965,137.81796,Wheat,SDB,CT,OI,Yes
18.1083335876465,1302.30004882812,13.1470000743866,6.20700025558472,20.4099998474121,1,1571.93973046875,93.21093,Wheat,SDB,CT,OI,Yes
18.1083335876465,1302.30004882812,13.8069999217987,5.66699981689453,20.2099990844727,1,1911.046803195,141.33921,Wheat,SDB,CT,OI,Yes
15.3583335876465,1274.90002441406,12.6289999485016,5.71000003814697,21.0499992370605,1,2360.64597222222,129.022925411045,Wheat,SDB,CT,OI,Yes
17.9500007629395,1164.20007324219,8.98400008678436,7.47100019454956,20.6700000762939,1,2217.179537325,130.5273,Wheat,SDB,CT,OI,Yes
17.6166667938232,1236.80004882812,9.44599986076355,7.56699991226196,20.8700008392334,1,2006.66807477625,107.75853,Wheat,SDB,CT,OI,Yes
17.9500007629395,1164.20007324219,8.12900006771088,7.96600008010864,21.0,1,1886.74311918375,119.703795,Wheat,SDB,CT,OI,Yes
17.9500007629395,1164.20007324219,7.8329998254776,7.94000005722046,20.6399993896484,1,2498.22849565125,153.264585,Wheat,SDB,CT,OI,Yes
17.6750011444092,1102.70007324219,8.46199989318848,7.94799995422363,21.0,1,2148.58977445125,144.363405,Wheat,SDB,CT,OI,Yes
16.6000003814697,1165.30004882812,8.03099989891052,7.96400022506714,20.7299995422363,1,2283.69373024875,130.610595,Wheat,SDB,CT,OI,Yes
17.5583324432373,1447.20007324219,9.26700055599213,5.47700023651123,26.0941181182861,1,2160.651975,129.022925411045,Wheat,SDB,CT,OI,Yes
17.091667175293,1283.90002441406,6.46899998188019,5.67700004577637,20.8533325195312,1,2171.22715669125,105.046905,Wheat,SDB,CT,OI,Yes
17.5583324432373,1447.20007324219,17.6289999485016,6.38500022888184,14.6700000762939,1,1898.930353245,128.1,Wheat,SDB,CT,OI,Yes
17.4583339691162,1686.0,10.5680000782013,6.62100028991699,24.8099994659424,1,2088.073875,129.022925411045,Wheat,SDB,CT,OI,Yes
18.7666664123535,1273.59997558594,10.9150004386902,6.2519998550415,20.5531921386719,1,2252.40915625,129.022925411045,Wheat,SDB,CT,OI,Yes
17.783332824707,1227.0,13.8069999217987,5.66699981689453,20.2099990844727,1,2228.54615,129.022925411045,Wheat,SDB,CT,OI,Yes
18.1750011444092,1097.5,12.2100007534027,6.80399990081787,20.6565647125244,1,1693.6973444775,145.12737,Wheat,SDB,CT,OI,Yes
18.6166667938232,1088.09997558594,13.6090004444122,5.8289999961853,20.2700004577637,1,1853.20746674625,80.64699,Wheat,SDB,CT,OI,Yes
17.783332824707,1227.0,13.0659997463226,5.73299980163574,20.8799991607666,1,1652.88230642625,107.7552,Wheat,SDB,CT,OI,Yes
17.783332824707,1227.0,13.452000617981,5.54099988937378,28.2700004577637,1,1433.286344055,110.664225,Wheat,SDB,CT,OI,Yes
16.9750003814697,1326.40002441406,10.9080004692078,6.90799999237061,20.6399993896484,1,1782.74422709625,132.00768,Wheat,SDB,CT,OI,Yes
17.6499996185303,1296.0,14.0710008144379,5.45099973678589,20.1299991607666,1,1369.79625,83.25,Wheat,SDB,CT,OI,Yes
18.125,1230.90002441406,13.3120000362396,6.07200002670288,20.3600006103516,1,1879.0614844575,95.641875,Wheat,SDB,CT,OI,Yes
11.8250007629395,1085.0,8.30399990081787,7.70599985122681,20.9799995422363,1,1946.30014870125,124.22619,Wheat,SDB,CT,OI,Yes
11.8250007629395,1085.0,13.429000377655,5.43599987030029,20.7700004577637,1,2665.0379375,129.022925411045,Wheat,SDB,CT,OI,Yes
11.8250007629395,1085.0,16.1570012569427,7.13000011444092,20.1100006103516,1,1649.4675,123.075,Wheat,SDB,CT,OI,Yes
16.3916664123535,1299.0,8.61000001430511,7.94000005722046,21.0,1,2443.4916546975,133.605615,Wheat,SDB,CT,OI,Yes
17.9166679382324,1217.0,13.510000705719,5.59600019454956,21.7399997711182,1,2051.08754166667,129.022925411045,Wheat,SDB,CT,OI,Yes
18.0666675567627,1044.70007324219,8.53600025177002,7.94400024414062,21.0,1,1551.02445464625,117.020445,Wheat,SDB,CT,OI,Yes
18.0666675567627,1044.70007324219,8.57299983501434,7.94199991226196,21.0,1,1606.5360122475,111.585585,Wheat,SDB,CT,OI,Yes
17.9166679382324,1217.0,8.42499971389771,7.94999980926514,21.0,1,2223.44370948,117.543975,Wheat,SDB,CT,OI,Yes
6.36666679382324,774.700012207031,8.76500010490417,7.34499979019165,21.3299999237061,1,2079.96665163934,129.022925411045,Wheat,SDB,CT,OI,Yes
1.77500009536743,745.200012207031,12.1280002593994,7.40000009536743,20.9200000762939,1,2653.36533181818,129.022925411045,Wheat,SDB,CT,OI,Yes
6.75833368301392,685.900024414062,6.64399981498718,7.76000022888184,21.1599998474121,1,2065.87489473684,129.022925411045,Wheat,SDB,CT,OI,Yes
3.90833330154419,704.0,6.94999992847443,7.25,21.5,1,2307.1496829525,169.74999,Wheat,SDB,CT,OI,Yes
3.90833330154419,704.0,6.91100001335144,7.70499992370605,20.8899993896484,1,1686.42626714625,63.962715,Wheat,SDB,CT,OI,Yes
1.00833332538605,690.799987792969,8.69400024414062,6.6269998550415,19.0300006866455,1,1806.35625,48.975,Wheat,SDB,CT,OI,Yes
3.09166669845581,667.700012207031,7.89900004863739,6.76399993896484,20.9599990844727,1,2070.78908490566,129.022925411045,Wheat,SDB,CT,OI,Yes
-0.133333370089531,669.900024414062,16.4010000228882,6.80900001525879,20.9899997711182,1,941.553774193546,129.022925411045,Wheat,SDB,CT,OI,Yes
2.34166669845581,609.5,24.2109990119934,7.04699993133545,21.0900001525879,1,1351.90941666667,129.022925411045,Wheat,SDB,CT,OI,Yes
3.55833339691162,715.600036621094,6.40599966049194,7.94600009918213,21.1800003051758,1,2283.84375,120.75,Wheat,SDB,CT,OI,Yes
1.45000004768372,903.400024414062,9.00799989700317,6.30800008773804,18.1599998474121,1,1422.6609375,144.0375,Wheat,SDB,CT,OI,Yes
3.74166679382324,745.800048828125,6.67199969291687,7.29199981689453,21.7600002288818,1,1647.09019306931,129.022925411045,Wheat,SDB,CT,OI,Yes
2.60833334922791,710.200012207031,16.6799998283386,6.65199995040894,20.9599990844727,1,1304.31225,38.75,Wheat,SDB,CT,OI,Yes
2.65833330154419,683.599975585938,20.1920008659363,6.92799997329712,20.7600002288818,1,1510.7687454525,38.84999,Wheat,SDB,CT,OI,Yes
1.08333325386047,660.700012207031,16.8519997596741,6.65399980545044,20.9400005340576,1,1097.18801582278,129.022925411045,Wheat,SDB,CT,OI,Yes
3.05833339691162,679.400024414062,12.9149997234344,6.44999980926514,19.3799991607666,1,1489.168125,79.999995,Wheat,SDB,CT,OI,Yes
-1.98333334922791,638.299987792969,13.8749992847443,5.84999990463257,11.2200002670288,1,1002.22929104477,129.022925411045,Wheat,SDB,CT,OI,Yes
3.35833334922791,607.700012207031,12.2380006313324,6.61700010299683,21.0900001525879,1,906.878073809521,129.022925411045,Wheat,SDB,CT,OI,Yes
-0.908333301544189,591.900024414062,14.8199999332428,5.96999979019165,10.8000001907349,1,2237.0045,129.022925411045,Wheat,SDB,CT,OI,Yes
0.0583333969116211,660.0,25.9240007400513,7.13199996948242,19.3199996948242,1,2237.0045,129.022925411045,Wheat,SDB,CT,OI,Yes
1.81666684150696,716.400024414062,25.2859997749329,6.97800016403198,16.2199993133545,1,868.811517964069,129.022925411045,Wheat,SDB,CT,OI,Yes
3.24166679382324,610.700012207031,9.9669998884201,7.19199991226196,20.8999996185303,1,2120.89166590875,69.0,Wheat,SDB,CT,OI,Yes
4.84166669845581,737.600036621094,8.36499989032745,7.07399988174438,25.2099990844727,1,2410.036875,129.375,Wheat,SDB,CT,OI,Yes
2.04999995231628,753.100036621094,29.6329998970032,7.46400022506714,20.0,1,1022.41173641304,129.022925411045,Wheat,SDB,CT,OI,Yes
6.61666679382324,606.0,8.42400014400482,7.13899993896484,29.9500007629395,1,1556.39533333333,129.022925411045,Wheat,SDB,CT,OI,Yes
14.5083341598511,1019.5,11.3180005550385,5.80600023269653,20.7272720336914,1,3442.11983752125,237.663255,Wheat,SDB,CT,OI,Yes
11.125,949.100036621094,6.94100022315979,7.2649998664856,21.4899997711182,1,2030.78655502875,129.06393,Wheat,SDB,CT,OI,Yes
17.2999992370605,1044.70007324219,11.2000000476837,7.80000019073486,21.0,1,2255.2234903125,147.27684,Wheat,SDB,CT,OI,Yes
14.8000001907349,941.400024414062,12.4839997291565,6.5460000038147,45.0400009155273,1,2680.6364218425,210.104505,Wheat,SDB,CT,OI,Yes
14.3833332061768,831.100036621094,13.7960004806519,6.04199981689453,32.7999992370605,1,2554.3601594475,168.144465,Wheat,SDB,CT,OI,Yes
14.3833332061768,831.100036621094,11.6349995136261,6.06300020217896,35.060001373291,1,2034.456912765,154.77339,Wheat,SDB,CT,OI,Yes
10.3916664123535,1021.30004882812,9.45900022983551,6.0939998626709,21.4200000762939,1,3034.30527272727,129.022925411045,Wheat,SDB,CT,OI,Yes
13.0333337783813,863.200012207031,11.2800002098083,6.58099985122681,37.5499992370605,1,2687.3469220275,147.553845,Wheat,SDB,CT,OI,Yes
9.49166679382324,983.600036621094,10.5710005760193,6.4210000038147,20.9699993133545,1,1635.825,103.5,Wheat,SDB,CT,OI,Yes
9.49166679382324,983.600036621094,10.1400005817413,6.61399984359741,34.1599998474121,1,1694.292853245,128.142855,Wheat,SDB,CT,OI,Yes
11.0,928.599975585938,11.1360001564026,5.84000015258789,20.9400005340576,1,3042.30611666667,129.022925411045,Wheat,SDB,CT,OI,Yes
15.9166669845581,1151.80004882812,15.1460003852844,6.65199995040894,35.9000015258789,1,1908.675,310.5,Wheat,SDB,CT,OI,Yes
17.9500007629395,1158.80004882812,11.3960003852844,5.97700023651123,30.1399993896484,1,1192.87323611111,132.001988883995,Wheat,SDB,CT,OI,Yes
16.75,1231.5,12.28600025177,6.2810001373291,45.0200004577637,1,1644.91999772625,122.58999,Wheat,SDB,CT,OI,Yes
13.4750003814697,1088.30004882812,10.110000371933,4.87099981307983,22.4777774810791,1,1784.209925,132.001988883995,Wheat,SDB,CT,OI,Yes
15.4083337783813,1199.30004882812,13.7999999523163,5.64699983596802,27.78125,1,1281.52124638875,74.73528,Wheat,SDB,CT,OI,Yes
14.3250007629395,1166.20007324219,10.8200001716614,4.48400020599365,23.411111831665,1,1655.74305,132.001988883995,Wheat,SDB,CT,OI,Yes
14.0000009536743,1118.0,11.068000793457,5.70000028610229,33.9300003051758,1,1873.60872222222,132.001988883995,Wheat,SDB,CT,OI,Yes
13.5583333969116,974.799987792969,12.4599993228912,5.10400009155273,21.8500003814697,1,1126.0748292375,75.952695,Wheat,SDB,CT,OI,Yes
15.7583332061768,1231.09997558594,8.99200022220612,4.44300031661987,40.9135818481445,1,1766.5656204525,210.84999,Wheat,SDB,CT,OI,Yes
15.7583332061768,1231.09997558594,13.0379998683929,6.37800025939941,29.5306129455566,1,1398.30189473684,132.001988883995,Wheat,SDB,CT,OI,Yes
16.5583343505859,903.0,10.2310001850128,7.26999998092651,22.1900005340576,1,1715.34940625,148.223483167595,Wheat,SDB,CT,OI,Yes
15.7583341598511,891.200012207031,11.8299996852875,7.27400016784668,35.3535346984863,1,1652.878125,102.0,Wheat,SDB,CT,OI,Yes
15.7750005722046,922.600036621094,11.5209996700287,6.34600019454956,26.0400009155273,1,2039.93238471,118.663635,Wheat,SDB,CT,OI,Yes
14.4333333969116,1104.40002441406,14.4660007953644,5.41799974441528,20.6200008392334,1,1640.30977586207,148.223483167595,Wheat,SDB,CT,OI,Yes
16.8500003814697,845.299987792969,11.6600000858307,6.2039999961853,21.6800003051758,1,1737.83202569625,225.0129,Wheat,SDB,CT,OI,Yes
13.7083330154419,819.100036621094,12.0169997215271,5.96700000762939,28.4099998474121,1,1922.87719230769,148.223483167595,Wheat,SDB,CT,OI,Yes
13.5583333969116,974.799987792969,10.8469998836517,5.35699987411499,30.9099998474121,1,1635.825,67.5,Wheat,SDB,CT,OI,Yes
14.1916666030884,918.5,13.7600004673004,5.03999996185303,24.6000003814697,1,1762.0863375,148.223483167595,Wheat,SDB,CT,OI,Yes
13.1333341598511,1006.5,8.06800007820129,6.62599992752075,21.8999996185303,1,2056.241375,148.223483167595,Wheat,SDB,CT,OI,Yes
16.9416675567627,888.700012207031,12.4870002269745,5.28000020980835,23.8199996948242,1,1992.08175252,139.750935,Wheat,SDB,CT,OI,Yes
18.9416675567627,852.700012207031,11.8939995765686,5.40500020980835,30.4799995422363,1,1501.992075,148.223483167595,Wheat,SDB,CT,OI,Yes
18.9166679382324,1130.80004882812,18.6860001087189,5.92199993133545,36.6199989318848,1,1429.30112962963,148.223483167595,Wheat,SDB,CT,OI,Yes
17.9583339691162,958.100036621094,14.0629994869232,5.46600008010864,36.4947357177734,1,1203.8124954525,138.0,Wheat,SDB,CT,OI,Yes
18.0750007629395,884.100036621094,25.9990000724792,4.97399997711182,47.6699981689453,1,1499.4,77.87142,Wheat,SDB,CT,OI,Yes
12.1583337783813,1171.59997558594,12.1360003948212,6.7960000038147,21.0900001525879,1,1828.427550345,99.77388,Wheat,SDB,CT,OI,Yes
6.42500019073486,680.799987792969,14.8829996585846,6.68599987030029,19.3400001525879,1,2569.0647826425,86.717745,Wheat,SDB,CT,OI,Yes
13.9000005722046,701.400024414062,10.4209995269775,7.83400011062622,20.7000007629395,1,2702.096875,185.216258162513,Wheat,SDB,CT,OI,Yes
15.0,630.700012207031,10.8560001850128,7.81400012969971,20.9099998474121,1,2680.05653846154,185.216258162513,Wheat,SDB,CT,OI,Yes
13.9000005722046,701.400024414062,10.9019994735718,7.81599998474121,19.1800003051758,1,3064.56025,186.8355,Wheat,SDB,CT,OI,Yes
14.6000003814697,670.800048828125,9.5770001411438,7.86600017547607,17.8400001525879,1,2977.0422323125,136.598835,Wheat,SDB,CT,OI,Yes
13.216667175293,623.900024414062,8.87199997901917,7.71600008010864,19.5,1,2746.721875,185.216258162513,Wheat,SDB,CT,OI,Yes
11.6666669845581,657.200012207031,7.12399959564209,7.8439998626709,24.2399997711182,1,2614.965400975,276.13572,Wheat,SDB,CT,OI,Yes
11.4416666030884,787.400024414062,8.64499986171722,7.57800006866455,16.375,1,2530.075,185.216258162513,Wheat,SDB,CT,OI,Yes
15.0,630.700012207031,5.71200013160706,3.97800016403198,21.0,1,3219.703317175,252.31677,Wheat,SDB,CT,OI,Yes
13.1916666030884,729.299987792969,8.62899959087372,7.90199995040894,17.5400009155273,1,3292.7905928875,229.36761,Wheat,SDB,CT,OI,Yes
13.1916666030884,729.299987792969,9.56299960613251,7.87400007247925,18.6200008392334,1,3342.6679082125,294.014415,Wheat,SDB,CT,OI,Yes
13.1916666030884,729.299987792969,8.01599979400635,7.88500022888184,17.7399997711182,1,3671.09687245,153.85416,Wheat,SDB,CT,OI,Yes
10.4000005722046,662.5,5.76799988746643,7.81400012969971,15.5,1,2297.96509495,152.64597,Wheat,SDB,CT,OI,Yes
11.6666669845581,675.299987792969,6.15199983119965,8.02400016784668,18.6599998474121,1,2692.518109825,159.4005,Wheat,SDB,CT,OI,Yes
11.2750005722046,696.799987792969,7.12399959564209,7.8439998626709,24.2399997711182,1,2298.5703610375,193.81293,Wheat,SDB,CT,OI,Yes
10.6999998092651,850.800048828125,7.09100008010864,7.67700004577637,20.2900009155273,1,2224.8142821625,86.921415,Wheat,SDB,CT,OI,Yes
11.4416666030884,787.400024414062,8.84499967098236,6.21000003814697,19.6499996185303,1,2152.4125,248.25,Wheat,SDB,CT,OI,Yes
13.216667175293,623.900024414062,11.3440001010895,7.74399995803833,16.4400005340576,1,3569.1676317625,206.8197,Wheat,SDB,CT,OI,Yes
13.216667175293,623.900024414062,11.3580000400543,7.80200004577637,16.0699996948242,1,3363.6333127,177.099675,Wheat,SDB,CT,OI,Yes
12.3000001907349,661.0,10.1349997520447,7.84800004959106,19.5300006866455,1,3131.5804063375,152.968785,Wheat,SDB,CT,OI,Yes
14.6000003814697,670.800048828125,11.0599994659424,7.81599998474121,14.3199996948242,1,2228.76272065,161.029515,Wheat,SDB,CT,OI,Yes
12.3000001907349,661.0,6.49999976158142,8.0,21.0,1,2420.029638625,152.84067,Wheat,SDB,CT,OI,Yes
11.4250001907349,594.900024414062,6.67499959468842,7.92000007629395,20.8999996185303,1,2402.164165225,183.096525,Wheat,SDB,CT,OI,Yes
13.216667175293,623.900024414062,9.33499991893768,6.7039999961853,19.3799991607666,1,2237.2827876625,185.50713,Wheat,SDB,CT,OI,Yes
14.6000003814697,670.800048828125,9.81700003147125,7.77500009536743,19.2700004577637,1,3545.9478373,220.91994,Wheat,SDB,CT,OI,Yes
14.6000003814697,670.800048828125,10.9899997711182,7.79800033569336,14.8900003433228,1,3276.00481945,193.549395,Wheat,SDB,CT,OI,Yes
14.6916666030884,707.5,10.6780004501343,7.82200002670288,20.9699993133545,1,2428.139503075,137.460615,Wheat,SDB,CT,OI,Yes
14.8500003814697,668.0,10.8280003070831,7.36600017547607,20.3799991607666,1,3334.06428025,298.91904,Wheat,SDB,CT,OI,Yes
14.8500003814697,668.0,9.22500014305115,7.82600021362305,20.9200000762939,1,2541.7083182125,174.252795,Wheat,SDB,CT,OI,Yes
14.6750001907349,612.700012207031,7.99300014972687,7.98000001907349,17.7000007629395,1,3484.095969325,222.61626,Wheat,SDB,CT,OI,Yes
13.6166667938232,672.400024414062,5.01500010490417,6.23999977111816,20.5769233703613,1,2448.096042775,167.084415,Wheat,SDB,CT,OI,Yes
14.6916666030884,707.5,8.5180002450943,7.83799982070923,17.7999992370605,1,2984.8127006875,214.516935,Wheat,SDB,CT,OI,Yes
11.5333337783813,598.5,5.87599992752075,8.07800006866455,17.1000003814697,1,2385.3885471625,179.806305,Wheat,SDB,CT,OI,Yes
13.3500003814697,954.100036621094,12.2440004348755,6.46799993515015,19.1399993896484,1,2689.700607175,159.17886,Wheat,SDB,CT,OI,Yes
13.3583335876465,967.700012207031,10.3030002117157,7.23000001907349,17.7600002288818,1,2421.428096875,154.70346,Wheat,SDB,CT,OI,Yes
13.3000001907349,927.0,8.28400015830994,7.00799989700317,17.3099994659424,1,2667.724995325,152.055555,Wheat,SDB,CT,OI,Yes
13.5,974.100036621094,9.08399999141693,6.78399991989136,21.8099994659424,1,1964.64691435,199.034235,Wheat,SDB,CT,OI,Yes
14.0,843.100036621094,9.70400035381317,6.25399971008301,21.6000003814697,1,2340.76239265,140.731965,Wheat,SDB,CT,OI,Yes
10.8500003814697,480.600006103516,6.01999998092651,8.0600004196167,18.0,1,1472.80232758621,185.216258162513,Wheat,SDB,CT,OI,Yes
14.6999998092651,905.599975585938,8.91400039196014,6.38800001144409,32.8899993896484,1,2905.28178571428,185.216258162513,Wheat,SDB,CT,OI,Yes
15.0,630.700012207031,5.71200013160706,3.97800016403198,21.0,1,1903.0519199875,117.0,Wheat,SDB,CT,OI,Yes
15.0166664123535,851.100036621094,9.09000039100647,6.125,23.1599998474121,1,2160.7340609875,183.229005,Wheat,SDB,CT,OI,Yes
11.6750001907349,875.299987792969,3.94500017166138,8.09000015258789,10.4899997711182,1,2464.88022727273,185.216258162513,Wheat,SDB,CT,OI,Yes
11.3083333969116,882.900024414062,6.20599985122681,7.89599990844727,19.6800003051758,1,1777.3763888875,97.21935,Wheat,SDB,CT,OI,Yes
12.4166669845581,844.700012207031,9.28099989891052,6.84999990463257,20.9500007629395,1,2060.6125,82.425,Wheat,SDB,CT,OI,Yes
11.6750001907349,875.299987792969,9.00600016117096,6.94700002670288,27.3700008392334,1,2334.819868825,124.92387,Wheat,SDB,CT,OI,Yes
12.6500005722046,913.600036621094,10.8039999008179,6.5,40.5,1,2447.4618941125,155.09838,Wheat,SDB,CT,OI,Yes
10.6666669845581,908.700012207031,8.24999988079071,6.64900016784668,18.3600006103516,1,2322.9868201375,129.00405,Wheat,SDB,CT,OI,Yes
4.95833349227905,282.600006103516,8.09800028800964,7.94100046157837,21.0,1,2368.27145605,239.527755,Wheat,SDB,CT,OI,Yes
8.5,275.100006103516,4.90900009870529,8.09899997711182,20.1800003051758,1,3043.6191495625,299.68509,Wheat,SDB,CT,OI,Yes
6.14166688919067,379.399993896484,9.33499991893768,6.7039999961853,19.3799991607666,1,2061.2396489125,90.70575,Wheat,SDB,CT,OI,Yes
2.82500004768372,218.699996948242,6.1760002374649,7.39300012588501,27.3799991607666,1,2869.6,206.25,Wheat,SDB,CT,OI,Yes
8.47500038146973,184.600006103516,8.75599980354309,7.33099985122681,16.5300006866455,1,1658.02050175,90.66573,Wheat,SDB,CT,OI,Yes
7.17500019073486,398.900024414062,7.79500007629395,7.40799999237061,20.2600002288818,1,1621.7221793125,64.25385,Wheat,SDB,CT,OI,Yes
8.74166679382324,150.600006103516,10.6840002536774,8.16399955749512,19.6000003814697,1,2333.3549990125,105.60336,Wheat,SDB,CT,OI,Yes
10.625,546.700012207031,7.58899986743927,7.71399974822998,26.6100006103516,1,2329.31215517241,141.905965376274,Wheat,SDB,CT,OI,Yes
10.625,546.700012207031,5.87599992752075,8.02700042724609,18.6200008392334,1,2751.33578125,141.905965376274,Wheat,SDB,CT,OI,Yes
9.30833339691162,624.799987792969,7.33000040054321,7.35799980163574,17.5799999237061,1,1920.139371175,142.692495,Wheat,SDB,CT,OI,Yes
10.625,546.700012207031,6.59500002861023,7.94500017166138,21.7800006866455,1,1930.031394925,144.933195,Wheat,SDB,CT,OI,Yes
9.38333320617676,520.200012207031,6.39499962329865,8.0,20.3700008392334,1,2484.3684890875,125.69097,Wheat,SDB,CT,OI,Yes
7.64166688919067,522.099975585938,5.43500006198883,7.80499982833862,21.3700008392334,1,2256.3345580375,161.01639,Wheat,SDB,CT,OI,Yes
9.30833339691162,624.799987792969,8.14400017261505,6.92199993133545,16.9699993133545,1,2090.0411759875,151.63992,Wheat,SDB,CT,OI,Yes
7.10000038146973,151.300003051758,10.7840001583099,7.81599998474121,20.7600002288818,1,3761.2075,141.905965376274,Wheat,SDB,CT,OI,Yes
9.75833320617676,79.4000015258789,9.61300015449524,7.48699998855591,20.5499992370605,1,3558.1,168.0,Wheat,SDB,CT,OI,Yes
1.05833327770233,370.600006103516,7.93600022792816,7.98400020599365,22.1499996185303,1,2916.1448433625,159.513975,Wheat,SDB,CT,OI,Yes
4.95833349227905,282.600006103516,13.121999502182,7.65700006484985,23.5499992370605,1,1871.3187943375,92.290065,Wheat,SDB,CT,OI,Yes
2.69166684150696,132.5,5.96700012683868,7.89699983596802,18.4400005340576,1,2870.843125,141.905965376274,Wheat,SDB,CT,OI,Yes
-1.45000004768372,226.699996948242,7.69600033760071,7.87400007247925,21.5599994659424,1,1764.175,141.905965376274,Wheat,SDB,CT,OI,Yes
-1.16666674613953,237.900009155273,15.5070006847382,6.99100017547607,7.53000020980835,1,3091.4437250875,164.89179,Wheat,SDB,CT,OI,Yes
8.36666679382324,100.600006103516,12.3880004882812,6.50600004196167,19.3600006103516,1,2414.424996175,226.2,Wheat,SDB,CT,OI,Yes
5.10000038146973,143.600006103516,9.32000041007996,7.24000024795532,19.2688179016113,1,4758.220758325,373.62429,Wheat,SDB,CT,OI,Yes
4.55833339691162,129.0,16.8860006332397,6.83800029754639,13.5600004196167,1,2753.9465330875,121.92216,Wheat,SDB,CT,OI,Yes
9.125,482.200012207031,6.98000013828278,7.66100025177002,18.2700004577637,1,2200.0975,141.905965376274,Wheat,SDB,CT,OI,Yes
10.9499998092651,583.600036621094,7.23499953746796,7.66400003433228,20.5799999237061,1,2193.353223025,162.854715,Wheat,SDB,CT,OI,Yes
11.4250001907349,594.900024414062,7.54999995231628,7.51999998092651,20.3999996185303,1,1818.7659565375,134.736015,Wheat,SDB,CT,OI,Yes
10.9499998092651,583.600036621094,6.01999998092651,8.0600004196167,18.0,1,2066.1154051,153.149385,Wheat,SDB,CT,OI,Yes
7.17500019073486,569.200012207031,7.41500020027161,7.51999998092651,19.5900001525879,1,2297.3782921375,107.10267,Wheat,SDB,CT,OI,Yes
7.80000019073486,438.400024414062,6.29499971866608,8.0,19.7700004577637,1,2183.6987145625,86.416485,Wheat,SDB,CT,OI,Yes
9.10833358764648,81.6000061035156,13.9030003547668,7.55000019073486,25.3700008392334,1,3746.80910714286,141.905965376274,Wheat,SDB,CT,OI,Yes
9.10833358764648,81.6000061035156,5.98600029945374,7.56699991226196,20.3199996948242,1,3595.173074275,366.041535,Wheat,SDB,CT,OI,Yes
9.05833339691162,31.8000011444092,8.70800018310547,7.78500032424927,18.1299991607666,1,2557.79875,141.905965376274,Wheat,SDB,CT,OI,Yes
8.85833358764648,57.0,14.1470003128052,6.66300010681152,18.0900001525879,1,3079.377745375,222.71871,Wheat,SDB,CT,OI,Yes
10.7583332061768,27.1000003814697,10.0269997119904,7.61299991607666,21.5100002288818,1,2882.6815,141.905965376274,Wheat,SDB,CT,OI,Yes
10.6999998092651,526.700012207031,6.49999976158142,8.0,21.0,1,1939.09225,141.905965376274,Wheat,SDB,CT,OI,Yes
10.3166666030884,444.100006103516,7.75999963283539,7.42400026321411,20.2800006866455,1,1447.7838539125,96.869775,Wheat,SDB,CT,OI,Yes
9.26666641235352,362.0,7.82999992370605,7.39200019836426,20.2399997711182,1,1556.222873575,159.333465,Wheat,SDB,CT,OI,Yes
10.3166666030884,444.100006103516,7.59899973869324,6.96399974822998,16.1399993896484,1,1465.2397386625,128.82417,Wheat,SDB,CT,OI,Yes
10.3833332061768,560.599975585938,6.30500018596649,8.0,19.8299999237061,1,1844.663338975,152.297565,Wheat,SDB,CT,OI,Yes
10.9833335876465,614.5,7.12999999523163,7.71199989318848,20.6399993896484,1,2981.6454515125,171.75,Wheat,SDB,CT,OI,Yes
10.6999998092651,526.700012207031,6.30500018596649,8.0,19.8299999237061,1,2318.75866705,160.6212,Wheat,SDB,CT,OI,Yes
10.2250003814697,497.399993896484,6.88499987125397,7.82399988174438,20.7800006866455,1,2241.022805725,150.28308,Wheat,SDB,CT,OI,Yes
7.16666650772095,370.100006103516,6.99000000953674,7.77600002288818,20.7199993133545,1,1684.26576086957,141.905965376274,Wheat,SDB,CT,OI,Yes
7.94166660308838,475.899993896484,7.96999990940094,7.32800006866455,20.1599998474121,1,1468.2286606,85.504875,Wheat,SDB,CT,OI,Yes
6.61666679382324,456.0,7.29499995708466,7.55200004577637,19.3299999237061,1,1800.2213696875,117.982725,Wheat,SDB,CT,OI,Yes
6.30833339691162,468.100006103516,8.17900002002716,7.34700012207031,24.1499996185303,1,1794.6274448875,75.55623,Wheat,SDB,CT,OI,Yes
5.54166698455811,469.399993896484,8.61000001430511,7.00799989700317,19.3999996185303,1,2341.5275227,125.615505,Wheat,SDB,CT,OI,Yes
3.71666669845581,560.0,8.12200009822845,8.0,15.460000038147,1,2113.2381638875,76.511205,Wheat,SDB,CT,OI,Yes
5.07500028610229,609.600036621094,15.8700001239777,7.5460000038147,21.5799999237061,1,2313.277484125,109.55409,Wheat,SDB,CT,OI,Yes
9.84166717529297,663.100036621094,6.92399978637695,7.94600009918213,21.2000007629395,1,1966.4155,141.905965376274,Wheat,SDB,CT,OI,Yes
12.6500005722046,620.0,4.86399978399277,7.85299968719482,18.7299995422363,1,2476.449184225,171.922365,Wheat,SDB,CT,OI,Yes
11.466667175293,736.299987792969,6.93599998950958,7.40899991989136,21.5799999237061,1,2238.475,278.749995,Wheat,SDB,CT,OI,Yes
5.07500028610229,609.600036621094,6.90599977970123,7.80999994277954,21.3799991607666,1,1773.2275,141.905965376274,Wheat,SDB,CT,OI,Yes
13.1583337783813,708.0,7.20600008964539,6.77099990844727,21.5900001525879,1,2250.8964407875,103.7982,Wheat,SDB,CT,OI,Yes
9.71666717529297,573.400024414062,8.27600002288818,6.91599988937378,21.4699993133545,1,2935.4749972375,105.84258,Wheat,SDB,CT,OI,Yes
9.71666717529297,573.400024414062,7.23399996757507,7.57100009918213,20.0400009155273,1,1995.1838343625,159.792405,Wheat,SDB,CT,OI,Yes
12.3916673660278,713.299987792969,6.21999979019165,8.02200031280518,19.1399993896484,1,2465.806879075,130.512075,Wheat,SDB,CT,OI,Yes
12.3916673660278,713.299987792969,6.38000011444092,8.0,20.2800006866455,1,2204.2468708375,138.0,Wheat,SDB,CT,OI,Yes
7.45000028610229,404.300018310547,8.14000010490417,7.26399993896484,20.0799999237061,1,2618.188154725,106.408875,Wheat,SDB,CT,OI,Yes
5.54166698455811,469.399993896484,8.6599999666214,7.4060001373291,20.6399993896484,1,2658.769469275,130.791675,Wheat,SDB,CT,OI,Yes
7.45000028610229,404.300018310547,8.68299961090088,6.36800003051758,19.9347820281982,1,2618.5873298125,173.283555,Wheat,SDB,CT,OI,Yes
2.70833325386047,496.700012207031,6.99000000953674,7.77600002288818,20.7199993133545,1,2838.54578125,94.241865,Wheat,SDB,CT,OI,Yes
7.45000028610229,404.300018310547,10.7280004024506,6.91200017929077,20.8400001525879,1,2046.573445675,140.378355,Wheat,SDB,CT,OI,Yes
4.20000028610229,417.100006103516,10.4359996318817,6.42000007629395,19.1599998474121,1,2253.7201628875,101.95347,Wheat,SDB,CT,OI,Yes
2.72499990463257,542.0,19.0489995479584,6.79200029373169,20.0,1,1975.5968011375,160.70142,Wheat,SDB,CT,OI,Yes
3.23333334922791,546.299987792969,15.0199997425079,7.59600019454956,14.6599998474121,1,2320.6281224125,46.955145,Wheat,SDB,CT,OI,Yes
6.00833320617676,681.600036621094,7.09800004959106,7.44099998474121,21.5799999237061,1,1334.3018567125,69.10134,Wheat,SDB,CT,OI,Yes
2.35000014305115,589.200012207031,10.2289998531342,6.95700025558472,21.25,1,1840.4455,141.905965376274,Wheat,SDB,CT,OI,Yes
1.79999995231628,496.800018310547,27.558000087738,7.49900007247925,19.75,1,1236.89875,141.905965376274,Wheat,SDB,CT,OI,Yes
4.0,337.300018310547,11.5160000324249,6.53999996185303,20.2999992370605,1,2741.6898560875,129.036705,Wheat,SDB,CT,OI,Yes
0.550000071525574,389.700012207031,19.559999704361,7.78499984741211,17.3400001525879,1,2685.7392019375,118.063635,Wheat,SDB,CT,OI,Yes
5.91666698455811,345.600006103516,12.5979995727539,7.59899997711182,16.2700004577637,1,2501.3765504875,108.391215,Wheat,SDB,CT,OI,Yes
4.0,337.300018310547,12.5129997730255,7.32500028610229,21.5599994659424,1,2539.302555775,107.678175,Wheat,SDB,CT,OI,Yes
3.45833349227905,389.800018310547,16.0500001907349,7.125,21.9400005340576,1,2355.768422275,98.94741,Wheat,SDB,CT,OI,Yes
3.95000004768372,407.800018310547,11.159999370575,8.04199981689453,19.4799995422363,1,3337.7542214125,178.985445,Wheat,SDB,CT,OI,Yes
-0.349999964237213,378.5,12.4940001964569,6.80000019073486,20.8899993896484,1,2482.31875,67.3875,Wheat,SDB,CT,OI,Yes
-2.75000023841858,261.0,15.1769995689392,6.36600017547607,16.6499996185303,1,2294.0765903875,104.065905,Wheat,SDB,CT,OI,Yes
0.550000071525574,389.700012207031,13.5549998283386,7.27699995040894,21.9099998474121,1,1239.0025,125.053950674529,Wheat,SDB,CT,OI,Yes
1.08333337306976,398.200012207031,13.0120003223419,7.62200021743774,23.2999992370605,1,3043.8414949,170.419995,Wheat,SDB,CT,OI,Yes
-0.883333444595337,367.700012207031,15.5839991569519,7.33200025558472,21.6800003051758,1,3084.75625,121.59375,Wheat,SDB,CT,OI,Yes
2.53333330154419,374.600006103516,5.53200006484985,5.95599985122681,7.55999994277954,1,2522.4396703375,109.460865,Wheat,SDB,CT,OI,Yes
2.65000009536743,84.5,5.15999972820282,7.95599985122681,12.8400001525879,1,3620.4401407,183.822105,Wheat,SDB,CT,OI,Yes
4.39166688919067,130.800003051758,5.1690000295639,8.09099960327148,18.2900009155273,1,2753.3097279625,144.04026,Wheat,SDB,CT,OI,Yes
2.54999995231628,205.200012207031,9.82400000095367,7.65499973297119,22.0499992370605,1,3492.73663285,137.929605,Wheat,SDB,CT,OI,Yes
1.76666676998138,233.300003051758,5.90499997138977,8.31799983978271,9.39000034332275,1,3219.13453585,209.09604,Wheat,SDB,CT,OI,Yes
10.5749998092651,161.800003051758,6.93000018596649,6.66700029373169,19.2588233947754,1,2702.8647673375,244.601805,Wheat,SDB,CT,OI,Yes
9.76666641235352,142.5,11.2000000476837,7.80000019073486,21.0,1,5328.323659075,525.308025,Wheat,SDB,CT,OI,Yes
10.5749998092651,161.800003051758,5.72300016880035,6.57299995422363,10.6000003814697,1,4413.34361515,479.64516,Wheat,SDB,CT,OI,Yes
9.98333358764648,148.800003051758,10.8850002288818,7.79500007629395,21.5499992370605,1,3654.828363325,314.85576,Wheat,SDB,CT,OI,Yes
10.3083333969116,225.300003051758,11.2000000476837,7.80000019073486,21.0,1,2818.0475,261.230303028311,Wheat,SDB,CT,OI,Yes
9.15833377838135,244.199996948242,4.61800009012222,7.06300020217896,9.84000015258789,1,1263.1,54.0,Wheat,SDB,CT,OI,Yes
7.97500038146973,251.900009155273,7.38399982452393,7.33599996566772,19.1499996185303,1,3472.0375,367.125,Wheat,SDB,CT,OI,Yes
10.5749998092651,161.800003051758,10.5280005931854,7.33200025558472,21.0,1,5424.3790366,533.72433,Wheat,SDB,CT,OI,Yes
8.42500019073486,379.300018310547,7.37499952316284,7.59999990463257,20.5,1,2105.25166666667,261.230303028311,Wheat,SDB,CT,OI,Yes
7.80000019073486,438.400024414062,7.4099999666214,7.58400011062622,20.4799995422363,1,2171.2940903875,168.731805,Wheat,SDB,CT,OI,Yes
6.59999990463257,498.399993896484,9.76499974727631,7.68200016021729,22.2299995422363,1,2213.60039005,130.894935,Wheat,SDB,CT,OI,Yes
6.59999990463257,498.399993896484,15.2929997444153,6.86199998855591,22.6800003051758,1,1955.1859375,131.30625,Wheat,SDB,CT,OI,Yes
9.125,482.200012207031,7.89999961853027,7.3600001335144,20.2000007629395,1,1712.1521216875,125.85,Wheat,SDB,CT,OI,Yes
10.375,157.0,10.164999961853,7.63500022888184,21.4500007629395,1,2731.01546875,261.230303028311,Wheat,SDB,CT,OI,Yes
10.0666666030884,193.800003051758,10.4760003089905,7.51900005340576,12.960000038147,1,4387.6314506875,369.096765,Wheat,SDB,CT,OI,Yes
7.97500038146973,251.900009155273,7.66299962997437,7.57800006866455,20.5400009155273,1,1386.3499972375,75.649995,Wheat,SDB,CT,OI,Yes
0.591666579246521,195.800003051758,12.0780003070831,7.45000028610229,19.6200008392334,1,2566.1745157,152.58807,Wheat,SDB,CT,OI,Yes
4.08333349227905,119.5,25.9680008888245,6.64100027084351,42.189998626709,1,3022.4723999125,162.66855,Wheat,SDB,CT,OI,Yes
11.1333332061768,192.800003051758,10.1370000839233,7.73699998855591,18.1700000762939,1,3094.3772629375,182.328795,Wheat,SDB,CT,OI,Yes
10.5166664123535,202.400009155273,9.82299983501434,8.05300045013428,21.2999992370605,1,2969.2198912,126.89466,Wheat,SDB,CT,OI,Yes
11.1666669845581,171.300003051758,12.9290008544922,7.15700006484985,14.6199998855591,1,2942.62807692308,201.248647725847,Wheat,SDB,CT,OI,Yes
10.5333337783813,154.100006103516,7.13200032711029,7.87400007247925,19.4899997711182,1,3082.8736328125,275.88984,Wheat,SDB,CT,OI,Yes
8.04166698455811,143.300003051758,7.88100004196167,7.28800010681152,23.3500003814697,1,3165.87098245,175.463745,Wheat,SDB,CT,OI,Yes
9.01666736602783,174.600006103516,10.7959997653961,7.0620002746582,21.2000007629395,1,2894.9449300375,172.249995,Wheat,SDB,CT,OI,Yes
5.5,131.0,11.5109992027283,7.91300010681152,19.1700000762939,1,2210.1078188875,117.683865,Wheat,SDB,CT,OI,Yes
9.51666641235352,154.600006103516,8.7610000371933,7.84700012207031,22.4899997711182,1,2947.5343730875,184.898745,Wheat,SDB,CT,OI,Yes
10.3333330154419,101.699996948242,13.0980002880096,7.76700019836426,23.1200008392334,1,3500.725,75.9,Wheat,SDB,CT,OI,Yes
2.63333344459534,411.0,13.173999786377,7.59200000762939,21.0,1,3193.8596147875,209.458365,Wheat,SDB,CT,OI,Yes
11.8833332061768,66.4000015258789,5.04799962043762,7.90000009536743,22.0,1,2829.224994475,358.727775,Wheat,SDB,CT,OI,Yes
12.1416664123535,80.9000015258789,6.92300021648407,7.83500003814697,15.789999961853,1,2514.079909075,260.58213,Wheat,SDB,CT,OI,Yes
13.1166667938232,43.5999984741211,5.87100028991699,7.71700000762939,10.7600002288818,1,2532.541,201.248647725847,Wheat,SDB,CT,OI,Yes
11.2583341598511,26.2999992370605,17.1920001506805,6.49399995803833,13.4899997711182,1,3130.1573342125,184.399995,Wheat,SDB,CT,OI,Yes
10.5583333969116,108.700004577637,5.83000004291534,7.89900016784668,17.7800006866455,1,3433.06020685,267.198585,Wheat,SDB,CT,OI,Yes
11.2666664123535,98.2000045776367,7.70900011062622,7.77899980545044,23.5100002288818,1,3059.93157925,306.97755,Wheat,SDB,CT,OI,Yes
10.5583333969116,108.700004577637,5.62999963760376,7.74700021743774,20.6399993896484,1,3443.35,194.79999,Wheat,SDB,CT,OI,Yes
11.3000001907349,70.5999984741211,8.50800037384033,7.12599992752075,19.8999996185303,1,3058.3335478,256.30263,Wheat,SDB,CT,OI,Yes
11.4083337783813,99.7000045776367,6.66899979114532,7.4850001335144,20.8999996185303,1,3316.9627033375,309.314475,Wheat,SDB,CT,OI,Yes
11.4083337783813,99.7000045776367,6.42799973487854,7.66800022125244,18.7800006866455,1,3049.6692285625,306.16794,Wheat,SDB,CT,OI,Yes
13.4833335876465,62.8000030517578,9.65300023555756,7.7519998550415,25.3500003814697,1,2933.63333333333,201.248647725847,Wheat,SDB,CT,OI,Yes
11.6750001907349,111.200004577637,16.9130003452301,6.70100021362305,10.7700004577637,1,3073.7930981125,328.40373,Wheat,SDB,CT,OI,Yes
9.72500038146973,187.800003051758,11.603000164032,7.39800024032593,13.8900003433228,1,3149.7519983125,269.785365,Wheat,SDB,CT,OI,Yes
8.96666717529297,203.300003051758,16.8790006637573,6.78299999237061,16.4300003051758,1,3090.7165428625,253.760115,Wheat,SDB,CT,OI,Yes
12.4916667938232,49.6000022888184,6.89200043678284,7.42399978637695,19.0799999237061,1,3284.20609375,351.445305,Wheat,SDB,CT,OI,Yes
8.31666660308838,157.400009155273,9.43000018596649,7.54699993133545,18.3099994659424,1,3535.15,297.499995,Wheat,SDB,CT,OI,Yes
10.9000005722046,132.5,14.8280000686646,6.9040002822876,12.2200002670288,1,3180.5512769875,402.50739,Wheat,SDB,CT,OI,Yes
11.875,112.300003051758,6.01999998092651,7.69000005722046,26.6000003814697,1,3283.067785225,299.115375,Wheat,SDB,CT,OI,Yes
13.1999998092651,98.0,24.1530013084412,5.9040002822876,4.42999982833862,1,3192.3559939,267.63165,Wheat,SDB,CT,OI,Yes
11.875,112.300003051758,21.1080002784729,5.97599983215332,8.72000026702881,1,3037.968303025,306.604635,Wheat,SDB,CT,OI,Yes
13.1999998092651,98.0,14.782999753952,6.92500019073486,20.5900001525879,1,3147.9442382875,344.784855,Wheat,SDB,CT,OI,Yes
11.3916664123535,86.3000030517578,16.1770009994507,6.78800010681152,14.4899997711182,1,3289.35910315,261.00687,Wheat,SDB,CT,OI,Yes
12.8000001907349,51.7000007629395,19.5390009880066,6.41599988937378,8.13000011444092,1,3047.2074968125,330.676665,Wheat,SDB,CT,OI,Yes
12.8000001907349,51.7000007629395,15.0139999389648,6.88000011444092,10.7200002670288,1,3191.6823827125,199.022715,Wheat,SDB,CT,OI,Yes
13.375,56.3000030517578,11.5289998054504,7.5770001411438,26.0100002288818,1,3246.997591525,252.588105,Wheat,SDB,CT,OI,Yes
13.1833333969116,88.0,7.11099982261658,7.75600004196167,22.2099990844727,1,3312.3634659625,383.34432,Wheat,SDB,CT,OI,Yes
13.1833333969116,88.0,8.25399994850159,7.7810001373291,22.3600006103516,1,2978.1614349625,194.073105,Wheat,SDB,CT,OI,Yes
13.4333333969116,56.5,8.36099982261658,7.8270001411438,16.2700004577637,1,3028.0484007625,321.82209,Wheat,SDB,CT,OI,Yes
14.0583333969116,42.2000007629395,19.080001115799,6.12200021743774,11.1800003051758,1,2875.4448543625,242.558415,Wheat,SDB,CT,OI,Yes
14.0583333969116,42.2000007629395,19.080001115799,6.12200021743774,11.1800003051758,1,2826.7453674625,200.7165,Wheat,SDB,CT,OI,Yes
14.0583333969116,42.2000007629395,23.5220003128052,5.97300004959106,4.73999977111816,1,2757.3621701125,183.46281,Wheat,SDB,CT,OI,Yes
13.5083332061768,49.7000007629395,16.7599999904633,6.1710000038147,14.8100004196167,1,3045.1675,274.26468,Wheat,SDB,CT,OI,Yes
9.84166717529297,314.800018310547,9.37099993228912,7.82200002670288,21.5200004577637,1,2673.185741275,114.582885,Wheat,SDB,CT,OI,Yes
8.55833339691162,355.600006103516,10.7949995994568,8.14000034332275,19.75,1,3199.8114333625,153.804255,Wheat,SDB,CT,OI,Yes
6.24166679382324,286.700012207031,9.02499973773956,7.83400011062622,18.7000007629395,1,3772.73714285714,201.248647725847,Wheat,SDB,CT,OI,Yes
2.54999995231628,256.0,4.53999996185303,8.24300003051758,6.76000022888184,1,3252.2901082375,135.596415,Wheat,SDB,CT,OI,Yes
2.95000004768372,490.400024414062,20.3719997406006,6.86399984359741,22.8799991607666,1,2759.676304675,65.47356,Wheat,SDB,CT,OI,Yes
5.47499990463257,385.100006103516,5.82799971103668,8.22800064086914,8.88000011444092,1,2954.2524347875,141.510165,Wheat,SDB,CT,OI,Yes
5.85000038146973,241.5,8.85999977588654,7.76000022888184,14.8999996185303,1,2979.3166920625,95.614365,Wheat,SDB,CT,OI,Yes
7.77500009536743,279.0,5.75199961662292,8.09400081634521,25.7299995422363,1,2739.96056785,169.299825,Wheat,SDB,CT,OI,Yes
7.06666660308838,189.700012207031,5.74100017547607,7.94099998474121,18.8999996185303,1,2921.257914025,245.00337,Wheat,SDB,CT,OI,Yes
5.67500019073486,243.100006103516,6.95699989795685,7.83500003814697,18.3299999237061,1,2587.836664975,126.3858,Wheat,SDB,CT,OI,Yes
16.9833335876465,1599.20007324219,9.82400000095367,4.30700016021729,22.5499992370605,1,3062.6525484625,175.986975,Wheat,SDB,CT,OI,Yes
3.17499995231628,232.199996948242,8.98599982261658,8.09899997711182,24.4599990844727,1,2584.77992005,158.55531,Wheat,SDB,CT,OI,Yes
7.56666660308838,246.0,10.8729994297028,8.18900012969971,19.7700004577637,1,2370.7434980875,137.33133,Wheat,SDB,CT,OI,Yes
4.47500038146973,156.100006103516,7.07099974155426,8.00699996948242,22.8999996185303,1,1950.0221875,145.45125,Wheat,SDB,CT,OI,Yes
4.30833339691162,259.399993896484,7.10500001907349,8.06900024414062,18.5599994659424,1,2463.2728376125,124.467285,Wheat,SDB,CT,OI,Yes
6.52500009536743,205.800003051758,6.53899967670441,7.78000020980835,22.8999996185303,1,1917.2099815375,123.97317,Wheat,SDB,CT,OI,Yes
3.89166688919067,250.400009155273,8.18700015544891,8.06400012969971,24.3799991607666,1,2713.75515625,151.88109,Wheat,SDB,CT,OI,Yes
7.73333358764648,157.199996948242,10.6350004673004,7.67000007629395,19.8600006103516,1,2942.7792019375,213.995445,Wheat,SDB,CT,OI,Yes
4.85000038146973,331.5,5.57399988174438,7.20100021362305,21.3500003814697,1,2544.2398523875,235.796715,Wheat,SDB,CT,OI,Yes
2.42500019073486,230.800003051758,13.2840001583099,7.67700004577637,21.8500003814697,1,2841.5153219125,171.027375,Wheat,SDB,CT,OI,Yes
